2026-05-30 12:33:35.338 [main] [] INFO  c.w.w.WalletManagementSystemApplication - Starting WalletManagementSystemApplication using Java 21.0.11 with PID 12564 (C:\Users\Dell\wallet-management-systems\wallet-management-system\build\classes\java\main started by Dell in C:\Users\Dell\wallet-management-systems\wallet-management-system)
2026-05-30 12:33:35.349 [main] [] DEBUG c.w.w.WalletManagementSystemApplication - Running with Spring Boot v3.5.14, Spring v6.2.18
2026-05-30 12:33:35.351 [main] [] INFO  c.w.w.WalletManagementSystemApplication - No active profile set, falling back to 1 default profile: "default"
2026-05-30 12:33:38.880 [main] [] INFO  o.s.d.r.c.RepositoryConfigurationDelegate - Bootstrapping Spring Data JPA repositories in DEFAULT mode.
2026-05-30 12:33:39.121 [main] [] INFO  o.s.d.r.c.RepositoryConfigurationDelegate - Finished Spring Data repository scanning in 204 ms. Found 6 JPA repository interfaces.
2026-05-30 12:33:40.350 [main] [] INFO  o.s.b.w.e.tomcat.TomcatWebServer - Tomcat initialized with port 8080 (http)
2026-05-30 12:33:40.383 [main] [] INFO  o.a.catalina.core.StandardService - Starting service [Tomcat]
2026-05-30 12:33:40.384 [main] [] INFO  o.a.catalina.core.StandardEngine - Starting Servlet engine: [Apache Tomcat/10.1.54]
2026-05-30 12:33:40.525 [main] [] INFO  o.a.c.c.C.[Tomcat].[localhost].[/] - Initializing Spring embedded WebApplicationContext
2026-05-30 12:33:40.527 [main] [] INFO  o.s.b.w.s.c.ServletWebServerApplicationContext - Root WebApplicationContext: initialization completed in 5060 ms
2026-05-30 12:33:40.997 [main] [] DEBUG c.w.w.s.JwtAuthenticationFilter - Filter 'jwtAuthenticationFilter' configured for use
2026-05-30 12:33:41.394 [main] [] INFO  o.h.jpa.internal.util.LogHelper - HHH000204: Processing PersistenceUnitInfo [name: default]
2026-05-30 12:33:41.513 [main] [] INFO  org.hibernate.Version - HHH000412: Hibernate ORM core version 6.6.49.Final
2026-05-30 12:33:41.615 [main] [] INFO  o.h.c.i.RegionFactoryInitiator - HHH000026: Second-level cache disabled
2026-05-30 12:33:42.250 [main] [] INFO  o.s.o.j.p.SpringPersistenceUnitInfo - No LoadTimeWeaver setup: ignoring JPA class transformer
2026-05-30 12:33:42.309 [main] [] INFO  com.zaxxer.hikari.HikariDataSource - HikariPool-1 - Starting...
2026-05-30 12:33:42.711 [main] [] INFO  com.zaxxer.hikari.pool.HikariPool - HikariPool-1 - Added connection org.postgresql.jdbc.PgConnection@5ae87de0
2026-05-30 12:33:42.715 [main] [] INFO  com.zaxxer.hikari.HikariDataSource - HikariPool-1 - Start completed.
2026-05-30 12:33:42.795 [main] [] WARN  org.hibernate.orm.deprecation - HHH90000025: PostgreSQLDialect does not need to be specified explicitly using 'hibernate.dialect' (remove the property setting and it will be selected by default)
2026-05-30 12:33:42.844 [main] [] INFO  o.hibernate.orm.connections.pooling - HHH10001005: Database info:
	Database JDBC URL [Connecting through datasource 'HikariDataSource (HikariPool-1)']
	Database driver: undefined/unknown
	Database version: 17.10
	Autocommit mode: undefined/unknown
	Isolation level: undefined/unknown
	Minimum pool size: undefined/unknown
	Maximum pool size: undefined/unknown
2026-05-30 12:33:45.289 [main] [] INFO  o.h.e.t.j.p.i.JtaPlatformInitiator - HHH000489: No JTA platform available (set 'hibernate.transaction.jta.platform' to enable JTA platform integration)
2026-05-30 12:33:45.562 [main] [] INFO  o.s.o.j.LocalContainerEntityManagerFactoryBean - Initialized JPA EntityManagerFactory for persistence unit 'default'
2026-05-30 12:33:46.855 [main] [] WARN  o.s.b.a.o.j.JpaBaseConfiguration$JpaWebConfiguration - spring.jpa.open-in-view is enabled by default. Therefore, database queries may be performed during view rendering. Explicitly configure spring.jpa.open-in-view to disable this warning
2026-05-30 12:33:47.596 [main] [] INFO  o.s.b.a.e.web.EndpointLinksResolver - Exposing 6 endpoints beneath base path '/actuator'
2026-05-30 12:33:47.719 [main] [] INFO  o.s.s.c.a.a.c.InitializeAuthenticationProviderBeanManagerConfigurer$InitializeAuthenticationProviderManagerConfigurer - Global AuthenticationManager configured with AuthenticationProvider bean with name authenticationProvider
2026-05-30 12:33:47.720 [main] [] WARN  o.s.s.c.a.a.c.InitializeUserDetailsBeanManagerConfigurer$InitializeUserDetailsManagerConfigurer - Global AuthenticationManager configured with an AuthenticationProvider bean. UserDetailsService beans will not be used by Spring Security for automatically configuring username/password login. Consider removing the AuthenticationProvider bean. Alternatively, consider using the UserDetailsService in a manually instantiated DaoAuthenticationProvider. If the current configuration is intentional, to turn off this warning, increase the logging level of 'org.springframework.security.config.annotation.authentication.configuration.InitializeUserDetailsBeanManagerConfigurer' to ERROR
2026-05-30 12:33:48.579 [main] [] WARN  o.s.b.w.s.c.AnnotationConfigServletWebServerApplicationContext - Exception encountered during context initialization - cancelling refresh attempt: org.springframework.context.ApplicationContextException: Failed to start bean 'webServerStartStop'
2026-05-30 12:33:48.586 [main] [] INFO  o.s.o.j.LocalContainerEntityManagerFactoryBean - Closing JPA EntityManagerFactory for persistence unit 'default'
2026-05-30 12:33:48.586 [main] [] INFO  com.zaxxer.hikari.HikariDataSource - HikariPool-1 - Shutdown initiated...
2026-05-30 12:33:48.607 [main] [] INFO  com.zaxxer.hikari.HikariDataSource - HikariPool-1 - Shutdown completed.
2026-05-30 12:33:48.651 [main] [] INFO  o.s.b.a.l.ConditionEvaluationReportLogger - 

Error starting ApplicationContext. To display the condition evaluation report re-run your application with 'debug' enabled.
2026-05-30 12:33:48.678 [main] [] ERROR o.s.b.d.LoggingFailureAnalysisReporter - 

***************************
APPLICATION FAILED TO START
***************************

Description:

Web server failed to start. Port 8080 was already in use.

Action:

Identify and stop the process that's listening on port 8080 or configure this application to listen on another port.

2026-05-30 12:40:56.959 [main] [] INFO  c.w.w.WalletManagementSystemApplication - Starting WalletManagementSystemApplication using Java 21.0.11 with PID 16348 (C:\Users\Dell\wallet-management-systems\wallet-management-system\build\classes\java\main started by Dell in C:\Users\Dell\wallet-management-systems\wallet-management-system)
2026-05-30 12:40:56.962 [main] [] DEBUG c.w.w.WalletManagementSystemApplication - Running with Spring Boot v3.5.14, Spring v6.2.18
2026-05-30 12:40:56.963 [main] [] INFO  c.w.w.WalletManagementSystemApplication - No active profile set, falling back to 1 default profile: "default"
2026-05-30 12:40:59.745 [main] [] INFO  o.s.d.r.c.RepositoryConfigurationDelegate - Bootstrapping Spring Data JPA repositories in DEFAULT mode.
2026-05-30 12:40:59.955 [main] [] INFO  o.s.d.r.c.RepositoryConfigurationDelegate - Finished Spring Data repository scanning in 194 ms. Found 6 JPA repository interfaces.
2026-05-30 12:41:01.444 [main] [] INFO  o.s.b.w.e.tomcat.TomcatWebServer - Tomcat initialized with port 8080 (http)
2026-05-30 12:41:01.486 [main] [] INFO  o.a.catalina.core.StandardService - Starting service [Tomcat]
2026-05-30 12:41:01.487 [main] [] INFO  o.a.catalina.core.StandardEngine - Starting Servlet engine: [Apache Tomcat/10.1.54]
2026-05-30 12:41:01.703 [main] [] INFO  o.a.c.c.C.[Tomcat].[localhost].[/] - Initializing Spring embedded WebApplicationContext
2026-05-30 12:41:01.704 [main] [] INFO  o.s.b.w.s.c.ServletWebServerApplicationContext - Root WebApplicationContext: initialization completed in 4613 ms
2026-05-30 12:41:02.583 [main] [] DEBUG c.w.w.s.JwtAuthenticationFilter - Filter 'jwtAuthenticationFilter' configured for use
2026-05-30 12:41:02.985 [main] [] INFO  o.h.jpa.internal.util.LogHelper - HHH000204: Processing PersistenceUnitInfo [name: default]
2026-05-30 12:41:03.156 [main] [] INFO  org.hibernate.Version - HHH000412: Hibernate ORM core version 6.6.49.Final
2026-05-30 12:41:03.280 [main] [] INFO  o.h.c.i.RegionFactoryInitiator - HHH000026: Second-level cache disabled
2026-05-30 12:41:04.160 [main] [] INFO  o.s.o.j.p.SpringPersistenceUnitInfo - No LoadTimeWeaver setup: ignoring JPA class transformer
2026-05-30 12:41:04.243 [main] [] INFO  com.zaxxer.hikari.HikariDataSource - HikariPool-1 - Starting...
2026-05-30 12:41:04.699 [main] [] INFO  com.zaxxer.hikari.pool.HikariPool - HikariPool-1 - Added connection org.postgresql.jdbc.PgConnection@7a247711
2026-05-30 12:41:04.704 [main] [] INFO  com.zaxxer.hikari.HikariDataSource - HikariPool-1 - Start completed.
2026-05-30 12:41:04.815 [main] [] WARN  org.hibernate.orm.deprecation - HHH90000025: PostgreSQLDialect does not need to be specified explicitly using 'hibernate.dialect' (remove the property setting and it will be selected by default)
2026-05-30 12:41:04.879 [main] [] INFO  o.hibernate.orm.connections.pooling - HHH10001005: Database info:
	Database JDBC URL [Connecting through datasource 'HikariDataSource (HikariPool-1)']
	Database driver: undefined/unknown
	Database version: 17.10
	Autocommit mode: undefined/unknown
	Isolation level: undefined/unknown
	Minimum pool size: undefined/unknown
	Maximum pool size: undefined/unknown
2026-05-30 12:41:08.104 [main] [] INFO  o.h.e.t.j.p.i.JtaPlatformInitiator - HHH000489: No JTA platform available (set 'hibernate.transaction.jta.platform' to enable JTA platform integration)
2026-05-30 12:41:08.356 [main] [] INFO  o.s.o.j.LocalContainerEntityManagerFactoryBean - Initialized JPA EntityManagerFactory for persistence unit 'default'
2026-05-30 12:41:09.478 [main] [] WARN  o.s.b.a.o.j.JpaBaseConfiguration$JpaWebConfiguration - spring.jpa.open-in-view is enabled by default. Therefore, database queries may be performed during view rendering. Explicitly configure spring.jpa.open-in-view to disable this warning
2026-05-30 12:41:10.384 [main] [] INFO  o.s.b.a.e.web.EndpointLinksResolver - Exposing 6 endpoints beneath base path '/actuator'
2026-05-30 12:41:10.532 [main] [] INFO  o.s.s.c.a.a.c.InitializeAuthenticationProviderBeanManagerConfigurer$InitializeAuthenticationProviderManagerConfigurer - Global AuthenticationManager configured with AuthenticationProvider bean with name authenticationProvider
2026-05-30 12:41:10.533 [main] [] WARN  o.s.s.c.a.a.c.InitializeUserDetailsBeanManagerConfigurer$InitializeUserDetailsManagerConfigurer - Global AuthenticationManager configured with an AuthenticationProvider bean. UserDetailsService beans will not be used by Spring Security for automatically configuring username/password login. Consider removing the AuthenticationProvider bean. Alternatively, consider using the UserDetailsService in a manually instantiated DaoAuthenticationProvider. If the current configuration is intentional, to turn off this warning, increase the logging level of 'org.springframework.security.config.annotation.authentication.configuration.InitializeUserDetailsBeanManagerConfigurer' to ERROR
2026-05-30 12:41:11.351 [main] [] WARN  o.s.b.w.s.c.AnnotationConfigServletWebServerApplicationContext - Exception encountered during context initialization - cancelling refresh attempt: org.springframework.context.ApplicationContextException: Failed to start bean 'webServerStartStop'
2026-05-30 12:41:11.356 [main] [] INFO  o.s.o.j.LocalContainerEntityManagerFactoryBean - Closing JPA EntityManagerFactory for persistence unit 'default'
2026-05-30 12:41:11.360 [main] [] INFO  com.zaxxer.hikari.HikariDataSource - HikariPool-1 - Shutdown initiated...
2026-05-30 12:41:11.372 [main] [] INFO  com.zaxxer.hikari.HikariDataSource - HikariPool-1 - Shutdown completed.
2026-05-30 12:41:11.419 [main] [] INFO  o.s.b.a.l.ConditionEvaluationReportLogger - 

Error starting ApplicationContext. To display the condition evaluation report re-run your application with 'debug' enabled.
2026-05-30 12:41:11.471 [main] [] ERROR o.s.b.d.LoggingFailureAnalysisReporter - 

***************************
APPLICATION FAILED TO START
***************************

Description:

Web server failed to start. Port 8080 was already in use.

Action:

Identify and stop the process that's listening on port 8080 or configure this application to listen on another port.

2026-05-30 12:47:27.200 [main] [] INFO  c.w.w.WalletManagementSystemApplication - Starting WalletManagementSystemApplication using Java 21.0.11 with PID 6064 (C:\Users\Dell\wallet-management-systems\wallet-management-system\build\classes\java\main started by Dell in C:\Users\Dell\wallet-management-systems\wallet-management-system)
2026-05-30 12:47:27.222 [main] [] DEBUG c.w.w.WalletManagementSystemApplication - Running with Spring Boot v3.5.14, Spring v6.2.18
2026-05-30 12:47:27.224 [main] [] INFO  c.w.w.WalletManagementSystemApplication - No active profile set, falling back to 1 default profile: "default"
2026-05-30 12:47:29.814 [main] [] INFO  o.s.d.r.c.RepositoryConfigurationDelegate - Bootstrapping Spring Data JPA repositories in DEFAULT mode.
2026-05-30 12:47:30.026 [main] [] INFO  o.s.d.r.c.RepositoryConfigurationDelegate - Finished Spring Data repository scanning in 193 ms. Found 6 JPA repository interfaces.
2026-05-30 12:47:31.191 [main] [] INFO  o.s.b.w.e.tomcat.TomcatWebServer - Tomcat initialized with port 8080 (http)
2026-05-30 12:47:31.227 [main] [] INFO  o.a.catalina.core.StandardService - Starting service [Tomcat]
2026-05-30 12:47:31.227 [main] [] INFO  o.a.catalina.core.StandardEngine - Starting Servlet engine: [Apache Tomcat/10.1.54]
2026-05-30 12:47:31.358 [main] [] INFO  o.a.c.c.C.[Tomcat].[localhost].[/] - Initializing Spring embedded WebApplicationContext
2026-05-30 12:47:31.359 [main] [] INFO  o.s.b.w.s.c.ServletWebServerApplicationContext - Root WebApplicationContext: initialization completed in 4006 ms
2026-05-30 12:47:31.705 [main] [] DEBUG c.w.w.s.JwtAuthenticationFilter - Filter 'jwtAuthenticationFilter' configured for use
2026-05-30 12:47:32.048 [main] [] INFO  o.h.jpa.internal.util.LogHelper - HHH000204: Processing PersistenceUnitInfo [name: default]
2026-05-30 12:47:32.276 [main] [] INFO  org.hibernate.Version - HHH000412: Hibernate ORM core version 6.6.49.Final
2026-05-30 12:47:32.423 [main] [] INFO  o.h.c.i.RegionFactoryInitiator - HHH000026: Second-level cache disabled
2026-05-30 12:47:33.178 [main] [] INFO  o.s.o.j.p.SpringPersistenceUnitInfo - No LoadTimeWeaver setup: ignoring JPA class transformer
2026-05-30 12:47:33.236 [main] [] INFO  com.zaxxer.hikari.HikariDataSource - HikariPool-1 - Starting...
2026-05-30 12:47:33.563 [main] [] INFO  com.zaxxer.hikari.pool.HikariPool - HikariPool-1 - Added connection org.postgresql.jdbc.PgConnection@5dba3fdc
2026-05-30 12:47:33.564 [main] [] INFO  com.zaxxer.hikari.HikariDataSource - HikariPool-1 - Start completed.
2026-05-30 12:47:33.621 [main] [] WARN  org.hibernate.orm.deprecation - HHH90000025: PostgreSQLDialect does not need to be specified explicitly using 'hibernate.dialect' (remove the property setting and it will be selected by default)
2026-05-30 12:47:33.664 [main] [] INFO  o.hibernate.orm.connections.pooling - HHH10001005: Database info:
	Database JDBC URL [Connecting through datasource 'HikariDataSource (HikariPool-1)']
	Database driver: undefined/unknown
	Database version: 17.10
	Autocommit mode: undefined/unknown
	Isolation level: undefined/unknown
	Minimum pool size: undefined/unknown
	Maximum pool size: undefined/unknown
2026-05-30 12:47:36.089 [main] [] INFO  o.h.e.t.j.p.i.JtaPlatformInitiator - HHH000489: No JTA platform available (set 'hibernate.transaction.jta.platform' to enable JTA platform integration)
2026-05-30 12:47:36.338 [main] [] INFO  o.s.o.j.LocalContainerEntityManagerFactoryBean - Initialized JPA EntityManagerFactory for persistence unit 'default'
2026-05-30 12:47:37.651 [main] [] WARN  o.s.b.a.o.j.JpaBaseConfiguration$JpaWebConfiguration - spring.jpa.open-in-view is enabled by default. Therefore, database queries may be performed during view rendering. Explicitly configure spring.jpa.open-in-view to disable this warning
2026-05-30 12:47:38.536 [main] [] INFO  o.s.b.a.e.web.EndpointLinksResolver - Exposing 6 endpoints beneath base path '/actuator'
2026-05-30 12:47:38.655 [main] [] INFO  o.s.s.c.a.a.c.InitializeAuthenticationProviderBeanManagerConfigurer$InitializeAuthenticationProviderManagerConfigurer - Global AuthenticationManager configured with AuthenticationProvider bean with name authenticationProvider
2026-05-30 12:47:38.656 [main] [] WARN  o.s.s.c.a.a.c.InitializeUserDetailsBeanManagerConfigurer$InitializeUserDetailsManagerConfigurer - Global AuthenticationManager configured with an AuthenticationProvider bean. UserDetailsService beans will not be used by Spring Security for automatically configuring username/password login. Consider removing the AuthenticationProvider bean. Alternatively, consider using the UserDetailsService in a manually instantiated DaoAuthenticationProvider. If the current configuration is intentional, to turn off this warning, increase the logging level of 'org.springframework.security.config.annotation.authentication.configuration.InitializeUserDetailsBeanManagerConfigurer' to ERROR
2026-05-30 12:47:39.517 [main] [] WARN  o.s.b.w.s.c.AnnotationConfigServletWebServerApplicationContext - Exception encountered during context initialization - cancelling refresh attempt: org.springframework.context.ApplicationContextException: Failed to start bean 'webServerStartStop'
2026-05-30 12:47:39.517 [main] [] INFO  o.s.o.j.LocalContainerEntityManagerFactoryBean - Closing JPA EntityManagerFactory for persistence unit 'default'
2026-05-30 12:47:39.531 [main] [] INFO  com.zaxxer.hikari.HikariDataSource - HikariPool-1 - Shutdown initiated...
2026-05-30 12:47:39.543 [main] [] INFO  com.zaxxer.hikari.HikariDataSource - HikariPool-1 - Shutdown completed.
2026-05-30 12:47:39.592 [main] [] INFO  o.s.b.a.l.ConditionEvaluationReportLogger - 

Error starting ApplicationContext. To display the condition evaluation report re-run your application with 'debug' enabled.
2026-05-30 12:47:39.622 [main] [] ERROR o.s.b.d.LoggingFailureAnalysisReporter - 

***************************
APPLICATION FAILED TO START
***************************

Description:

Web server failed to start. Port 8080 was already in use.

Action:

Identify and stop the process that's listening on port 8080 or configure this application to listen on another port.

2026-05-30 13:39:11.246 [main] [] INFO  c.w.w.WalletManagementSystemApplication - Starting WalletManagementSystemApplication using Java 21.0.11 with PID 10948 (C:\Users\Dell\wallet-management-systems\wallet-management-system\build\classes\java\main started by Dell in C:\Users\Dell\wallet-management-systems\wallet-management-system)
2026-05-30 13:39:11.251 [main] [] DEBUG c.w.w.WalletManagementSystemApplication - Running with Spring Boot v3.5.14, Spring v6.2.18
2026-05-30 13:39:11.252 [main] [] INFO  c.w.w.WalletManagementSystemApplication - No active profile set, falling back to 1 default profile: "default"
2026-05-30 13:39:14.205 [main] [] INFO  o.s.d.r.c.RepositoryConfigurationDelegate - Bootstrapping Spring Data JPA repositories in DEFAULT mode.
2026-05-30 13:39:14.426 [main] [] INFO  o.s.d.r.c.RepositoryConfigurationDelegate - Finished Spring Data repository scanning in 204 ms. Found 6 JPA repository interfaces.
2026-05-30 13:39:15.737 [main] [] INFO  o.s.b.w.e.tomcat.TomcatWebServer - Tomcat initialized with port 8080 (http)
2026-05-30 13:39:15.763 [main] [] INFO  o.a.catalina.core.StandardService - Starting service [Tomcat]
2026-05-30 13:39:15.764 [main] [] INFO  o.a.catalina.core.StandardEngine - Starting Servlet engine: [Apache Tomcat/10.1.54]
2026-05-30 13:39:15.895 [main] [] INFO  o.a.c.c.C.[Tomcat].[localhost].[/] - Initializing Spring embedded WebApplicationContext
2026-05-30 13:39:15.896 [main] [] INFO  o.s.b.w.s.c.ServletWebServerApplicationContext - Root WebApplicationContext: initialization completed in 4449 ms
2026-05-30 13:39:16.293 [main] [] DEBUG c.w.w.s.JwtAuthenticationFilter - Filter 'jwtAuthenticationFilter' configured for use
2026-05-30 13:39:16.599 [main] [] INFO  o.h.jpa.internal.util.LogHelper - HHH000204: Processing PersistenceUnitInfo [name: default]
2026-05-30 13:39:16.741 [main] [] INFO  org.hibernate.Version - HHH000412: Hibernate ORM core version 6.6.49.Final
2026-05-30 13:39:16.869 [main] [] INFO  o.h.c.i.RegionFactoryInitiator - HHH000026: Second-level cache disabled
2026-05-30 13:39:17.882 [main] [] INFO  o.s.o.j.p.SpringPersistenceUnitInfo - No LoadTimeWeaver setup: ignoring JPA class transformer
2026-05-30 13:39:17.956 [main] [] INFO  com.zaxxer.hikari.HikariDataSource - HikariPool-1 - Starting...
2026-05-30 13:39:18.401 [main] [] INFO  com.zaxxer.hikari.pool.HikariPool - HikariPool-1 - Added connection org.postgresql.jdbc.PgConnection@4910afdf
2026-05-30 13:39:18.403 [main] [] INFO  com.zaxxer.hikari.HikariDataSource - HikariPool-1 - Start completed.
2026-05-30 13:39:18.490 [main] [] WARN  org.hibernate.orm.deprecation - HHH90000025: PostgreSQLDialect does not need to be specified explicitly using 'hibernate.dialect' (remove the property setting and it will be selected by default)
2026-05-30 13:39:18.537 [main] [] INFO  o.hibernate.orm.connections.pooling - HHH10001005: Database info:
	Database JDBC URL [Connecting through datasource 'HikariDataSource (HikariPool-1)']
	Database driver: undefined/unknown
	Database version: 17.10
	Autocommit mode: undefined/unknown
	Isolation level: undefined/unknown
	Minimum pool size: undefined/unknown
	Maximum pool size: undefined/unknown
2026-05-30 13:39:21.078 [main] [] INFO  o.h.e.t.j.p.i.JtaPlatformInitiator - HHH000489: No JTA platform available (set 'hibernate.transaction.jta.platform' to enable JTA platform integration)
2026-05-30 13:39:21.423 [main] [] INFO  o.s.o.j.LocalContainerEntityManagerFactoryBean - Initialized JPA EntityManagerFactory for persistence unit 'default'
2026-05-30 13:39:22.638 [main] [] WARN  o.s.b.a.o.j.JpaBaseConfiguration$JpaWebConfiguration - spring.jpa.open-in-view is enabled by default. Therefore, database queries may be performed during view rendering. Explicitly configure spring.jpa.open-in-view to disable this warning
2026-05-30 13:39:23.467 [main] [] INFO  o.s.b.a.e.web.EndpointLinksResolver - Exposing 6 endpoints beneath base path '/actuator'
2026-05-30 13:39:23.602 [main] [] INFO  o.s.s.c.a.a.c.InitializeAuthenticationProviderBeanManagerConfigurer$InitializeAuthenticationProviderManagerConfigurer - Global AuthenticationManager configured with AuthenticationProvider bean with name authenticationProvider
2026-05-30 13:39:23.602 [main] [] WARN  o.s.s.c.a.a.c.InitializeUserDetailsBeanManagerConfigurer$InitializeUserDetailsManagerConfigurer - Global AuthenticationManager configured with an AuthenticationProvider bean. UserDetailsService beans will not be used by Spring Security for automatically configuring username/password login. Consider removing the AuthenticationProvider bean. Alternatively, consider using the UserDetailsService in a manually instantiated DaoAuthenticationProvider. If the current configuration is intentional, to turn off this warning, increase the logging level of 'org.springframework.security.config.annotation.authentication.configuration.InitializeUserDetailsBeanManagerConfigurer' to ERROR
2026-05-30 13:39:24.396 [main] [] WARN  o.s.b.w.s.c.AnnotationConfigServletWebServerApplicationContext - Exception encountered during context initialization - cancelling refresh attempt: org.springframework.context.ApplicationContextException: Failed to start bean 'webServerStartStop'
2026-05-30 13:39:24.402 [main] [] INFO  o.s.o.j.LocalContainerEntityManagerFactoryBean - Closing JPA EntityManagerFactory for persistence unit 'default'
2026-05-30 13:39:24.408 [main] [] INFO  com.zaxxer.hikari.HikariDataSource - HikariPool-1 - Shutdown initiated...
2026-05-30 13:39:24.422 [main] [] INFO  com.zaxxer.hikari.HikariDataSource - HikariPool-1 - Shutdown completed.
2026-05-30 13:39:24.471 [main] [] INFO  o.s.b.a.l.ConditionEvaluationReportLogger - 

Error starting ApplicationContext. To display the condition evaluation report re-run your application with 'debug' enabled.
2026-05-30 13:39:24.505 [main] [] ERROR o.s.b.d.LoggingFailureAnalysisReporter - 

***************************
APPLICATION FAILED TO START
***************************

Description:

Web server failed to start. Port 8080 was already in use.

Action:

Identify and stop the process that's listening on port 8080 or configure this application to listen on another port.

2026-05-30 13:41:43.686 [main] [] INFO  c.w.w.WalletManagementSystemApplication - Starting WalletManagementSystemApplication using Java 21.0.11 with PID 16764 (C:\Users\Dell\wallet-management-systems\wallet-management-system\build\classes\java\main started by Dell in C:\Users\Dell\wallet-management-systems\wallet-management-system)
2026-05-30 13:41:43.689 [main] [] DEBUG c.w.w.WalletManagementSystemApplication - Running with Spring Boot v3.5.14, Spring v6.2.18
2026-05-30 13:41:43.691 [main] [] INFO  c.w.w.WalletManagementSystemApplication - No active profile set, falling back to 1 default profile: "default"
2026-05-30 13:41:46.553 [main] [] INFO  o.s.d.r.c.RepositoryConfigurationDelegate - Bootstrapping Spring Data JPA repositories in DEFAULT mode.
2026-05-30 13:41:46.790 [main] [] INFO  o.s.d.r.c.RepositoryConfigurationDelegate - Finished Spring Data repository scanning in 220 ms. Found 6 JPA repository interfaces.
2026-05-30 13:41:48.532 [main] [] INFO  o.s.b.w.e.tomcat.TomcatWebServer - Tomcat initialized with port 8080 (http)
2026-05-30 13:41:48.560 [main] [] INFO  o.a.catalina.core.StandardService - Starting service [Tomcat]
2026-05-30 13:41:48.561 [main] [] INFO  o.a.catalina.core.StandardEngine - Starting Servlet engine: [Apache Tomcat/10.1.54]
2026-05-30 13:41:48.691 [main] [] INFO  o.a.c.c.C.[Tomcat].[localhost].[/] - Initializing Spring embedded WebApplicationContext
2026-05-30 13:41:48.692 [main] [] INFO  o.s.b.w.s.c.ServletWebServerApplicationContext - Root WebApplicationContext: initialization completed in 4883 ms
2026-05-30 13:41:49.761 [main] [] DEBUG c.w.w.s.JwtAuthenticationFilter - Filter 'jwtAuthenticationFilter' configured for use
2026-05-30 13:41:50.218 [main] [] INFO  o.h.jpa.internal.util.LogHelper - HHH000204: Processing PersistenceUnitInfo [name: default]
2026-05-30 13:41:50.346 [main] [] INFO  org.hibernate.Version - HHH000412: Hibernate ORM core version 6.6.49.Final
2026-05-30 13:41:50.434 [main] [] INFO  o.h.c.i.RegionFactoryInitiator - HHH000026: Second-level cache disabled
2026-05-30 13:41:51.011 [main] [] INFO  o.s.o.j.p.SpringPersistenceUnitInfo - No LoadTimeWeaver setup: ignoring JPA class transformer
2026-05-30 13:41:51.073 [main] [] INFO  com.zaxxer.hikari.HikariDataSource - HikariPool-1 - Starting...
2026-05-30 13:41:51.380 [main] [] INFO  com.zaxxer.hikari.pool.HikariPool - HikariPool-1 - Added connection org.postgresql.jdbc.PgConnection@4adcc981
2026-05-30 13:41:51.385 [main] [] INFO  com.zaxxer.hikari.HikariDataSource - HikariPool-1 - Start completed.
2026-05-30 13:41:51.472 [main] [] WARN  org.hibernate.orm.deprecation - HHH90000025: PostgreSQLDialect does not need to be specified explicitly using 'hibernate.dialect' (remove the property setting and it will be selected by default)
2026-05-30 13:41:51.521 [main] [] INFO  o.hibernate.orm.connections.pooling - HHH10001005: Database info:
	Database JDBC URL [Connecting through datasource 'HikariDataSource (HikariPool-1)']
	Database driver: undefined/unknown
	Database version: 17.10
	Autocommit mode: undefined/unknown
	Isolation level: undefined/unknown
	Minimum pool size: undefined/unknown
	Maximum pool size: undefined/unknown
2026-05-30 13:41:54.518 [main] [] INFO  o.h.e.t.j.p.i.JtaPlatformInitiator - HHH000489: No JTA platform available (set 'hibernate.transaction.jta.platform' to enable JTA platform integration)
2026-05-30 13:41:54.771 [main] [] INFO  o.s.o.j.LocalContainerEntityManagerFactoryBean - Initialized JPA EntityManagerFactory for persistence unit 'default'
2026-05-30 13:41:55.980 [main] [] WARN  o.s.b.a.o.j.JpaBaseConfiguration$JpaWebConfiguration - spring.jpa.open-in-view is enabled by default. Therefore, database queries may be performed during view rendering. Explicitly configure spring.jpa.open-in-view to disable this warning
2026-05-30 13:41:56.673 [main] [] INFO  o.s.b.a.e.web.EndpointLinksResolver - Exposing 6 endpoints beneath base path '/actuator'
2026-05-30 13:41:56.775 [main] [] INFO  o.s.s.c.a.a.c.InitializeAuthenticationProviderBeanManagerConfigurer$InitializeAuthenticationProviderManagerConfigurer - Global AuthenticationManager configured with AuthenticationProvider bean with name authenticationProvider
2026-05-30 13:41:56.776 [main] [] WARN  o.s.s.c.a.a.c.InitializeUserDetailsBeanManagerConfigurer$InitializeUserDetailsManagerConfigurer - Global AuthenticationManager configured with an AuthenticationProvider bean. UserDetailsService beans will not be used by Spring Security for automatically configuring username/password login. Consider removing the AuthenticationProvider bean. Alternatively, consider using the UserDetailsService in a manually instantiated DaoAuthenticationProvider. If the current configuration is intentional, to turn off this warning, increase the logging level of 'org.springframework.security.config.annotation.authentication.configuration.InitializeUserDetailsBeanManagerConfigurer' to ERROR
2026-05-30 13:41:57.719 [main] [] INFO  o.s.b.w.e.tomcat.TomcatWebServer - Tomcat started on port 8080 (http) with context path '/'
2026-05-30 13:41:57.743 [main] [] INFO  c.w.w.WalletManagementSystemApplication - Started WalletManagementSystemApplication in 15.756 seconds (process running for 16.548)
2026-05-30 13:41:58.726 [main] [] DEBUG org.hibernate.SQL - 
    select
        count(*) 
    from
        currencies c1_0
2026-05-30 13:41:58.769 [main] [] DEBUG org.hibernate.SQL - 
    select
        count(*) 
    from
        account_types at1_0
2026-05-30 13:41:58.775 [main] [] DEBUG org.hibernate.SQL - 
    select
        count(*) 
    from
        permissions p1_0
2026-05-30 13:41:58.779 [main] [] DEBUG org.hibernate.SQL - 
    select
        count(*) 
    from
        groups g1_0
2026-05-30 13:42:06.173 [http-nio-8080-exec-2] [] INFO  o.a.c.c.C.[Tomcat].[localhost].[/] - Initializing Spring DispatcherServlet 'dispatcherServlet'
2026-05-30 13:42:06.173 [http-nio-8080-exec-2] [] INFO  o.s.web.servlet.DispatcherServlet - Initializing Servlet 'dispatcherServlet'
2026-05-30 13:42:06.181 [http-nio-8080-exec-2] [] INFO  o.s.web.servlet.DispatcherServlet - Completed initialization in 8 ms
2026-05-30 13:42:06.189 [http-nio-8080-exec-2] [b1b93761-10e8-4d6a-9b37-137e814c36b5] INFO  c.w.w.config.CorrelationIdFilter - Request started: POST /actuator/health from 0:0:0:0:0:0:0:1
2026-05-30 13:42:07.309 [http-nio-8080-exec-2] [b1b93761-10e8-4d6a-9b37-137e814c36b5] INFO  c.w.w.config.CorrelationIdFilter - Request completed: POST /actuator/health - Status: 500 - Duration: 1120ms
2026-05-30 13:42:16.940 [http-nio-8080-exec-4] [fad99ee8-ec05-44f1-9710-3b7a5e8abea9] INFO  c.w.w.config.CorrelationIdFilter - Request started: GET /actuator/health from 0:0:0:0:0:0:0:1
2026-05-30 13:42:17.037 [http-nio-8080-exec-4] [fad99ee8-ec05-44f1-9710-3b7a5e8abea9] DEBUG org.hibernate.SQL - 
    select
        count(*) 
    from
        users u1_0
2026-05-30 13:42:17.045 [http-nio-8080-exec-4] [fad99ee8-ec05-44f1-9710-3b7a5e8abea9] DEBUG org.hibernate.SQL - 
    select
        count(*) 
    from
        groups g1_0
2026-05-30 13:42:17.047 [http-nio-8080-exec-4] [fad99ee8-ec05-44f1-9710-3b7a5e8abea9] DEBUG org.hibernate.SQL - 
    select
        count(*) 
    from
        permissions p1_0
2026-05-30 13:42:17.134 [http-nio-8080-exec-4] [fad99ee8-ec05-44f1-9710-3b7a5e8abea9] INFO  c.w.w.config.CorrelationIdFilter - Request completed: GET /actuator/health - Status: 200 - Duration: 194ms
2026-05-30 13:43:54.576 [http-nio-8080-exec-6] [910e689e-9081-4995-a8c1-9acb49baf708] INFO  c.w.w.config.CorrelationIdFilter - Request started: OPTIONS /api/auth/login from 0:0:0:0:0:0:0:1
2026-05-30 13:43:54.614 [http-nio-8080-exec-6] [910e689e-9081-4995-a8c1-9acb49baf708] INFO  c.w.w.config.CorrelationIdFilter - Request completed: OPTIONS /api/auth/login - Status: 200 - Duration: 36ms
2026-05-30 13:43:54.616 [http-nio-8080-exec-7] [25874650-7947-4514-bfa1-8f434d4f8a09] INFO  c.w.w.config.CorrelationIdFilter - Request started: POST /api/auth/login from 0:0:0:0:0:0:0:1
2026-05-30 13:43:54.772 [http-nio-8080-exec-7] [25874650-7947-4514-bfa1-8f434d4f8a09] INFO  c.w.w.a.service.impl.AuthServiceImpl - User login attempt: email=chavi1234@gmail.com
2026-05-30 13:43:54.837 [http-nio-8080-exec-7] [25874650-7947-4514-bfa1-8f434d4f8a09] DEBUG org.hibernate.SQL - 
    select
        u1_0.id,
        u1_0.email,
        u1_0.group_id,
        u1_0.name,
        u1_0.password 
    from
        users u1_0 
    where
        u1_0.email=?
2026-05-30 13:43:55.055 [http-nio-8080-exec-7] [25874650-7947-4514-bfa1-8f434d4f8a09] DEBUG org.hibernate.SQL - 
    select
        g1_0.id,
        g1_0.name 
    from
        groups g1_0 
    where
        g1_0.id=?
2026-05-30 13:43:55.088 [http-nio-8080-exec-7] [25874650-7947-4514-bfa1-8f434d4f8a09] DEBUG org.hibernate.SQL - 
    select
        p1_0.group_id,
        p1_1.id,
        p1_1.name 
    from
        group_permissions p1_0 
    join
        permissions p1_1 
            on p1_1.id=p1_0.permission_id 
    where
        p1_0.group_id=?
2026-05-30 13:43:55.122 [http-nio-8080-exec-7] [25874650-7947-4514-bfa1-8f434d4f8a09] INFO  c.w.w.a.service.impl.AuthServiceImpl - User login successful: email=chavi1234@gmail.com, userId=9
2026-05-30 13:43:55.157 [http-nio-8080-exec-7] [25874650-7947-4514-bfa1-8f434d4f8a09] INFO  c.w.w.config.CorrelationIdFilter - Request completed: POST /api/auth/login - Status: 200 - Duration: 541ms
2026-05-30 13:43:55.875 [http-nio-8080-exec-8] [0fe75af4-58c1-406a-b016-e89ba49da175] INFO  c.w.w.config.CorrelationIdFilter - Request started: OPTIONS /api/users from 0:0:0:0:0:0:0:1
2026-05-30 13:43:55.875 [http-nio-8080-exec-8] [0fe75af4-58c1-406a-b016-e89ba49da175] INFO  c.w.w.config.CorrelationIdFilter - Request completed: OPTIONS /api/users - Status: 200 - Duration: 0ms
2026-05-30 13:43:55.891 [http-nio-8080-exec-9] [9c37adf5-12c7-4a68-9107-f45fd7fd92ee] INFO  c.w.w.config.CorrelationIdFilter - Request started: OPTIONS /api/accounts from 0:0:0:0:0:0:0:1
2026-05-30 13:43:55.891 [http-nio-8080-exec-10] [ee79acea-47fe-4dc8-987a-bb359b8fc67e] INFO  c.w.w.config.CorrelationIdFilter - Request started: OPTIONS /api/groups from 0:0:0:0:0:0:0:1
2026-05-30 13:43:55.901 [http-nio-8080-exec-9] [9c37adf5-12c7-4a68-9107-f45fd7fd92ee] INFO  c.w.w.config.CorrelationIdFilter - Request completed: OPTIONS /api/accounts - Status: 200 - Duration: 10ms
2026-05-30 13:43:55.901 [http-nio-8080-exec-9] [bd0fd1e9-1385-46c4-b7a7-ef44bf5cc23e] INFO  c.w.w.config.CorrelationIdFilter - Request started: OPTIONS /api/permissions from 0:0:0:0:0:0:0:1
2026-05-30 13:43:55.909 [http-nio-8080-exec-10] [ee79acea-47fe-4dc8-987a-bb359b8fc67e] INFO  c.w.w.config.CorrelationIdFilter - Request completed: OPTIONS /api/groups - Status: 200 - Duration: 18ms
2026-05-30 13:43:55.911 [http-nio-8080-exec-10] [c5fcf838-161d-4cbb-8f00-2a2095d273db] INFO  c.w.w.config.CorrelationIdFilter - Request started: OPTIONS /api/currencies from 0:0:0:0:0:0:0:1
2026-05-30 13:43:55.919 [http-nio-8080-exec-10] [c5fcf838-161d-4cbb-8f00-2a2095d273db] INFO  c.w.w.config.CorrelationIdFilter - Request completed: OPTIONS /api/currencies - Status: 200 - Duration: 8ms
2026-05-30 13:43:55.919 [http-nio-8080-exec-1] [5e942f53-f03b-40e7-9593-262241f933c3] INFO  c.w.w.config.CorrelationIdFilter - Request started: OPTIONS /api/users from 0:0:0:0:0:0:0:1
2026-05-30 13:43:55.927 [http-nio-8080-exec-1] [5e942f53-f03b-40e7-9593-262241f933c3] INFO  c.w.w.config.CorrelationIdFilter - Request completed: OPTIONS /api/users - Status: 200 - Duration: 8ms
2026-05-30 13:43:55.927 [http-nio-8080-exec-9] [bd0fd1e9-1385-46c4-b7a7-ef44bf5cc23e] INFO  c.w.w.config.CorrelationIdFilter - Request completed: OPTIONS /api/permissions - Status: 200 - Duration: 26ms
2026-05-30 13:43:55.935 [http-nio-8080-exec-2] [83789fee-b14d-4c63-ac74-c8e9a0bbad2c] INFO  c.w.w.config.CorrelationIdFilter - Request started: OPTIONS /api/permissions from 0:0:0:0:0:0:0:1
2026-05-30 13:43:55.935 [http-nio-8080-exec-10] [ce23cac4-5cdb-4694-99ea-8cf020918d01] INFO  c.w.w.config.CorrelationIdFilter - Request started: OPTIONS /api/currencies from 0:0:0:0:0:0:0:1
2026-05-30 13:43:55.943 [http-nio-8080-exec-2] [83789fee-b14d-4c63-ac74-c8e9a0bbad2c] INFO  c.w.w.config.CorrelationIdFilter - Request completed: OPTIONS /api/permissions - Status: 200 - Duration: 8ms
2026-05-30 13:43:55.943 [http-nio-8080-exec-10] [ce23cac4-5cdb-4694-99ea-8cf020918d01] INFO  c.w.w.config.CorrelationIdFilter - Request completed: OPTIONS /api/currencies - Status: 200 - Duration: 8ms
2026-05-30 13:43:55.932 [http-nio-8080-exec-1] [5723e8a3-a9fb-4313-88b8-d2389c9a5675] INFO  c.w.w.config.CorrelationIdFilter - Request started: OPTIONS /api/accounts from 0:0:0:0:0:0:0:1
2026-05-30 13:43:55.947 [http-nio-8080-exec-10] [19b49411-3761-4cfa-b037-81080fd61fe4] INFO  c.w.w.config.CorrelationIdFilter - Request started: OPTIONS /api/groups from 0:0:0:0:0:0:0:1
2026-05-30 13:43:55.951 [http-nio-8080-exec-3] [f14d17ac-fb3c-41d6-8b44-07765ffb2a3e] INFO  c.w.w.config.CorrelationIdFilter - Request started: OPTIONS /api/permissions from 0:0:0:0:0:0:0:1
2026-05-30 13:43:55.951 [http-nio-8080-exec-10] [19b49411-3761-4cfa-b037-81080fd61fe4] INFO  c.w.w.config.CorrelationIdFilter - Request completed: OPTIONS /api/groups - Status: 200 - Duration: 0ms
2026-05-30 13:43:55.958 [http-nio-8080-exec-9] [d9df0ccd-bbc5-416b-98ed-1bd87f96cb9e] INFO  c.w.w.config.CorrelationIdFilter - Request started: OPTIONS /api/groups from 0:0:0:0:0:0:0:1
2026-05-30 13:43:55.958 [http-nio-8080-exec-3] [f14d17ac-fb3c-41d6-8b44-07765ffb2a3e] INFO  c.w.w.config.CorrelationIdFilter - Request completed: OPTIONS /api/permissions - Status: 200 - Duration: 7ms
2026-05-30 13:43:55.961 [http-nio-8080-exec-3] [acda0499-7bf8-4653-bc41-12d785521337] INFO  c.w.w.config.CorrelationIdFilter - Request started: OPTIONS /api/accounts from 0:0:0:0:0:0:0:1
2026-05-30 13:43:55.961 [http-nio-8080-exec-9] [d9df0ccd-bbc5-416b-98ed-1bd87f96cb9e] INFO  c.w.w.config.CorrelationIdFilter - Request completed: OPTIONS /api/groups - Status: 200 - Duration: 3ms
2026-05-30 13:43:55.969 [http-nio-8080-exec-9] [439f5238-ef15-4207-a1cd-ec3ad43a6ff4] INFO  c.w.w.config.CorrelationIdFilter - Request started: OPTIONS /api/groups from 0:0:0:0:0:0:0:1
2026-05-30 13:43:55.947 [http-nio-8080-exec-2] [e5dbadd1-9939-467b-9918-d25a280ecfcd] INFO  c.w.w.config.CorrelationIdFilter - Request started: OPTIONS /api/accounts from 0:0:0:0:0:0:0:1
2026-05-30 13:43:55.977 [http-nio-8080-exec-1] [5723e8a3-a9fb-4313-88b8-d2389c9a5675] INFO  c.w.w.config.CorrelationIdFilter - Request completed: OPTIONS /api/accounts - Status: 200 - Duration: 30ms
2026-05-30 13:43:55.977 [http-nio-8080-exec-2] [e5dbadd1-9939-467b-9918-d25a280ecfcd] INFO  c.w.w.config.CorrelationIdFilter - Request completed: OPTIONS /api/accounts - Status: 200 - Duration: 0ms
2026-05-30 13:43:55.985 [http-nio-8080-exec-4] [85808bca-1432-4d3c-8c6c-fa299807f06c] INFO  c.w.w.config.CorrelationIdFilter - Request started: OPTIONS /api/permissions from 0:0:0:0:0:0:0:1
2026-05-30 13:43:55.994 [http-nio-8080-exec-4] [85808bca-1432-4d3c-8c6c-fa299807f06c] INFO  c.w.w.config.CorrelationIdFilter - Request completed: OPTIONS /api/permissions - Status: 200 - Duration: 9ms
2026-05-30 13:43:56.010 [http-nio-8080-exec-3] [acda0499-7bf8-4653-bc41-12d785521337] INFO  c.w.w.config.CorrelationIdFilter - Request completed: OPTIONS /api/accounts - Status: 200 - Duration: 49ms
2026-05-30 13:43:56.013 [http-nio-8080-exec-3] [c444fefa-696e-4f84-bb0f-22020ccb2346] INFO  c.w.w.config.CorrelationIdFilter - Request started: OPTIONS /api/currencies from 0:0:0:0:0:0:0:1
2026-05-30 13:43:56.019 [http-nio-8080-exec-3] [c444fefa-696e-4f84-bb0f-22020ccb2346] INFO  c.w.w.config.CorrelationIdFilter - Request completed: OPTIONS /api/currencies - Status: 200 - Duration: 6ms
2026-05-30 13:43:56.025 [http-nio-8080-exec-9] [439f5238-ef15-4207-a1cd-ec3ad43a6ff4] INFO  c.w.w.config.CorrelationIdFilter - Request completed: OPTIONS /api/groups - Status: 200 - Duration: 56ms
2026-05-30 13:43:56.025 [http-nio-8080-exec-10] [630260da-fcc3-4ccb-a5bd-7ebd99b2b29f] INFO  c.w.w.config.CorrelationIdFilter - Request started: OPTIONS /api/currencies from 0:0:0:0:0:0:0:1
2026-05-30 13:43:56.025 [http-nio-8080-exec-10] [630260da-fcc3-4ccb-a5bd-7ebd99b2b29f] INFO  c.w.w.config.CorrelationIdFilter - Request completed: OPTIONS /api/currencies - Status: 200 - Duration: 0ms
2026-05-30 13:43:56.043 [http-nio-8080-exec-1] [4ec97b14-0e8a-40c0-8e28-0cdcf7cff5c1] INFO  c.w.w.config.CorrelationIdFilter - Request started: GET /api/users from 0:0:0:0:0:0:0:1
2026-05-30 13:43:56.043 [http-nio-8080-exec-4] [df555b81-3b2d-46a9-8d15-b25395ed6090] INFO  c.w.w.config.CorrelationIdFilter - Request started: GET /api/accounts from 0:0:0:0:0:0:0:1
2026-05-30 13:43:56.051 [http-nio-8080-exec-3] [81af1545-6986-4dde-932f-0a83415fe248] INFO  c.w.w.config.CorrelationIdFilter - Request started: GET /api/groups from 0:0:0:0:0:0:0:1
2026-05-30 13:43:56.063 [http-nio-8080-exec-1] [4ec97b14-0e8a-40c0-8e28-0cdcf7cff5c1] INFO  c.w.w.user.controller.UserController - REST API call: GET /api/users - Retrieving all users
2026-05-30 13:43:56.073 [http-nio-8080-exec-3] [81af1545-6986-4dde-932f-0a83415fe248] INFO  c.w.w.g.controller.GroupController - REST API call: GET /api/groups - Retrieving all groups
2026-05-30 13:43:56.074 [http-nio-8080-exec-3] [81af1545-6986-4dde-932f-0a83415fe248] INFO  c.w.w.g.s.impl.GroupServiceImpl - Fetching all groups
2026-05-30 13:43:56.074 [http-nio-8080-exec-1] [4ec97b14-0e8a-40c0-8e28-0cdcf7cff5c1] INFO  c.w.w.u.service.impl.UserServiceImpl - SERVICE: Starting getAllUsers - Fetching all users from database
2026-05-30 13:43:56.075 [http-nio-8080-exec-1] [4ec97b14-0e8a-40c0-8e28-0cdcf7cff5c1] DEBUG org.hibernate.SQL - 
    select
        u1_0.id,
        u1_0.email,
        u1_0.group_id,
        u1_0.name,
        u1_0.password 
    from
        users u1_0
2026-05-30 13:43:56.075 [http-nio-8080-exec-4] [df555b81-3b2d-46a9-8d15-b25395ed6090] DEBUG org.hibernate.SQL - 
    select
        a1_0.id,
        a1_0.account_type_id,
        a1_0.balance,
        a1_0.currency_id,
        a1_0.user_id 
    from
        accounts a1_0
2026-05-30 13:43:56.075 [http-nio-8080-exec-5] [3b5e7d41-32d3-453f-9474-410e19f94683] INFO  c.w.w.config.CorrelationIdFilter - Request started: GET /api/permissions from 0:0:0:0:0:0:0:1
2026-05-30 13:43:56.093 [http-nio-8080-exec-4] [df555b81-3b2d-46a9-8d15-b25395ed6090] DEBUG org.hibernate.SQL - 
    select
        at1_0.id,
        at1_0.type_name 
    from
        account_types at1_0 
    where
        at1_0.id=?
2026-05-30 13:43:56.093 [http-nio-8080-exec-3] [81af1545-6986-4dde-932f-0a83415fe248] DEBUG org.hibernate.SQL - 
    select
        g1_0.id,
        g1_0.name 
    from
        groups g1_0
2026-05-30 13:43:56.101 [http-nio-8080-exec-4] [df555b81-3b2d-46a9-8d15-b25395ed6090] DEBUG org.hibernate.SQL - 
    select
        c1_0.id,
        c1_0.currency_code,
        c1_0.currency_name 
    from
        currencies c1_0 
    where
        c1_0.id=?
2026-05-30 13:43:56.112 [http-nio-8080-exec-3] [81af1545-6986-4dde-932f-0a83415fe248] DEBUG org.hibernate.SQL - 
    select
        p1_0.group_id,
        p1_1.id,
        p1_1.name 
    from
        group_permissions p1_0 
    join
        permissions p1_1 
            on p1_1.id=p1_0.permission_id 
    where
        p1_0.group_id=?
2026-05-30 13:43:56.112 [http-nio-8080-exec-1] [4ec97b14-0e8a-40c0-8e28-0cdcf7cff5c1] DEBUG org.hibernate.SQL - 
    select
        g1_0.id,
        g1_0.name 
    from
        groups g1_0 
    where
        g1_0.id=?
2026-05-30 13:43:56.127 [http-nio-8080-exec-3] [81af1545-6986-4dde-932f-0a83415fe248] DEBUG org.hibernate.SQL - 
    select
        p1_0.group_id,
        p1_1.id,
        p1_1.name 
    from
        group_permissions p1_0 
    join
        permissions p1_1 
            on p1_1.id=p1_0.permission_id 
    where
        p1_0.group_id=?
2026-05-30 13:43:56.119 [http-nio-8080-exec-1] [4ec97b14-0e8a-40c0-8e28-0cdcf7cff5c1] DEBUG org.hibernate.SQL - 
    select
        g1_0.id,
        g1_0.name 
    from
        groups g1_0 
    where
        g1_0.id=?
2026-05-30 13:43:56.127 [http-nio-8080-exec-3] [81af1545-6986-4dde-932f-0a83415fe248] DEBUG org.hibernate.SQL - 
    select
        p1_0.group_id,
        p1_1.id,
        p1_1.name 
    from
        group_permissions p1_0 
    join
        permissions p1_1 
            on p1_1.id=p1_0.permission_id 
    where
        p1_0.group_id=?
2026-05-30 13:43:56.127 [http-nio-8080-exec-1] [4ec97b14-0e8a-40c0-8e28-0cdcf7cff5c1] INFO  c.w.w.u.service.impl.UserServiceImpl - SERVICE: getAllUsers completed - Retrieved 4 users
2026-05-30 13:43:56.140 [http-nio-8080-exec-5] [3b5e7d41-32d3-453f-9474-410e19f94683] INFO  c.w.w.p.c.PermissionController - REST API call: GET /api/permissions - Retrieving all permissions
2026-05-30 13:43:56.148 [http-nio-8080-exec-1] [4ec97b14-0e8a-40c0-8e28-0cdcf7cff5c1] INFO  c.w.w.config.CorrelationIdFilter - Request completed: GET /api/users - Status: 200 - Duration: 105ms
2026-05-30 13:43:56.149 [http-nio-8080-exec-5] [3b5e7d41-32d3-453f-9474-410e19f94683] INFO  c.w.w.p.s.impl.PermissionServiceImpl - SERVICE: Starting getAllPermissions - Fetching all permissions from database
2026-05-30 13:43:56.159 [http-nio-8080-exec-5] [3b5e7d41-32d3-453f-9474-410e19f94683] DEBUG org.hibernate.SQL - 
    select
        p1_0.id,
        p1_0.name 
    from
        permissions p1_0
2026-05-30 13:43:56.163 [http-nio-8080-exec-5] [3b5e7d41-32d3-453f-9474-410e19f94683] INFO  c.w.w.p.s.impl.PermissionServiceImpl - SERVICE: getAllPermissions completed - Retrieved 5 permissions
2026-05-30 13:43:56.172 [http-nio-8080-exec-5] [3b5e7d41-32d3-453f-9474-410e19f94683] INFO  c.w.w.config.CorrelationIdFilter - Request completed: GET /api/permissions - Status: 200 - Duration: 96ms
2026-05-30 13:43:56.178 [http-nio-8080-exec-4] [df555b81-3b2d-46a9-8d15-b25395ed6090] INFO  c.w.w.config.CorrelationIdFilter - Request completed: GET /api/accounts - Status: 200 - Duration: 135ms
2026-05-30 13:43:56.178 [http-nio-8080-exec-3] [81af1545-6986-4dde-932f-0a83415fe248] INFO  c.w.w.config.CorrelationIdFilter - Request completed: GET /api/groups - Status: 200 - Duration: 127ms
2026-05-30 13:43:56.191 [http-nio-8080-exec-9] [21c11a20-8ee3-42a6-974b-e57bb7dfd411] INFO  c.w.w.config.CorrelationIdFilter - Request started: GET /api/currencies from 0:0:0:0:0:0:0:1
2026-05-30 13:43:56.214 [http-nio-8080-exec-9] [21c11a20-8ee3-42a6-974b-e57bb7dfd411] DEBUG org.hibernate.SQL - 
    select
        c1_0.id,
        c1_0.currency_code,
        c1_0.currency_name 
    from
        currencies c1_0
2026-05-30 13:43:56.227 [http-nio-8080-exec-6] [6d5c42b2-cf33-4f42-bba2-d261ec296860] INFO  c.w.w.config.CorrelationIdFilter - Request started: GET /api/users from 0:0:0:0:0:0:0:1
2026-05-30 13:43:56.229 [http-nio-8080-exec-9] [21c11a20-8ee3-42a6-974b-e57bb7dfd411] INFO  c.w.w.config.CorrelationIdFilter - Request completed: GET /api/currencies - Status: 200 - Duration: 38ms
2026-05-30 13:43:56.231 [http-nio-8080-exec-7] [d3ee5ac8-9ea4-45bc-adae-f3b852556d7f] INFO  c.w.w.config.CorrelationIdFilter - Request started: GET /api/groups from 0:0:0:0:0:0:0:1
2026-05-30 13:43:56.242 [http-nio-8080-exec-6] [6d5c42b2-cf33-4f42-bba2-d261ec296860] INFO  c.w.w.user.controller.UserController - REST API call: GET /api/users - Retrieving all users
2026-05-30 13:43:56.243 [http-nio-8080-exec-6] [6d5c42b2-cf33-4f42-bba2-d261ec296860] INFO  c.w.w.u.service.impl.UserServiceImpl - SERVICE: Starting getAllUsers - Fetching all users from database
2026-05-30 13:43:56.245 [http-nio-8080-exec-8] [8dae66e4-eac8-434f-9dc4-37c9c8d5563b] INFO  c.w.w.config.CorrelationIdFilter - Request started: GET /api/permissions from 0:0:0:0:0:0:0:1
2026-05-30 13:43:56.253 [http-nio-8080-exec-6] [6d5c42b2-cf33-4f42-bba2-d261ec296860] DEBUG org.hibernate.SQL - 
    select
        u1_0.id,
        u1_0.email,
        u1_0.group_id,
        u1_0.name,
        u1_0.password 
    from
        users u1_0
2026-05-30 13:43:56.257 [http-nio-8080-exec-6] [6d5c42b2-cf33-4f42-bba2-d261ec296860] DEBUG org.hibernate.SQL - 
    select
        g1_0.id,
        g1_0.name 
    from
        groups g1_0 
    where
        g1_0.id=?
2026-05-30 13:43:56.260 [http-nio-8080-exec-6] [6d5c42b2-cf33-4f42-bba2-d261ec296860] DEBUG org.hibernate.SQL - 
    select
        g1_0.id,
        g1_0.name 
    from
        groups g1_0 
    where
        g1_0.id=?
2026-05-30 13:43:56.262 [http-nio-8080-exec-6] [6d5c42b2-cf33-4f42-bba2-d261ec296860] INFO  c.w.w.u.service.impl.UserServiceImpl - SERVICE: getAllUsers completed - Retrieved 4 users
2026-05-30 13:43:56.262 [http-nio-8080-exec-7] [d3ee5ac8-9ea4-45bc-adae-f3b852556d7f] INFO  c.w.w.g.controller.GroupController - REST API call: GET /api/groups - Retrieving all groups
2026-05-30 13:43:56.270 [http-nio-8080-exec-7] [d3ee5ac8-9ea4-45bc-adae-f3b852556d7f] INFO  c.w.w.g.s.impl.GroupServiceImpl - Fetching all groups
2026-05-30 13:43:56.270 [http-nio-8080-exec-6] [6d5c42b2-cf33-4f42-bba2-d261ec296860] INFO  c.w.w.config.CorrelationIdFilter - Request completed: GET /api/users - Status: 200 - Duration: 43ms
2026-05-30 13:43:56.272 [http-nio-8080-exec-7] [d3ee5ac8-9ea4-45bc-adae-f3b852556d7f] DEBUG org.hibernate.SQL - 
    select
        g1_0.id,
        g1_0.name 
    from
        groups g1_0
2026-05-30 13:43:56.274 [http-nio-8080-exec-8] [8dae66e4-eac8-434f-9dc4-37c9c8d5563b] INFO  c.w.w.p.c.PermissionController - REST API call: GET /api/permissions - Retrieving all permissions
2026-05-30 13:43:56.276 [http-nio-8080-exec-8] [8dae66e4-eac8-434f-9dc4-37c9c8d5563b] INFO  c.w.w.p.s.impl.PermissionServiceImpl - SERVICE: Starting getAllPermissions - Fetching all permissions from database
2026-05-30 13:43:56.277 [http-nio-8080-exec-7] [d3ee5ac8-9ea4-45bc-adae-f3b852556d7f] DEBUG org.hibernate.SQL - 
    select
        p1_0.group_id,
        p1_1.id,
        p1_1.name 
    from
        group_permissions p1_0 
    join
        permissions p1_1 
            on p1_1.id=p1_0.permission_id 
    where
        p1_0.group_id=?
2026-05-30 13:43:56.284 [http-nio-8080-exec-7] [d3ee5ac8-9ea4-45bc-adae-f3b852556d7f] DEBUG org.hibernate.SQL - 
    select
        p1_0.group_id,
        p1_1.id,
        p1_1.name 
    from
        group_permissions p1_0 
    join
        permissions p1_1 
            on p1_1.id=p1_0.permission_id 
    where
        p1_0.group_id=?
2026-05-30 13:43:56.287 [http-nio-8080-exec-7] [d3ee5ac8-9ea4-45bc-adae-f3b852556d7f] DEBUG org.hibernate.SQL - 
    select
        p1_0.group_id,
        p1_1.id,
        p1_1.name 
    from
        group_permissions p1_0 
    join
        permissions p1_1 
            on p1_1.id=p1_0.permission_id 
    where
        p1_0.group_id=?
2026-05-30 13:43:56.289 [http-nio-8080-exec-8] [8dae66e4-eac8-434f-9dc4-37c9c8d5563b] DEBUG org.hibernate.SQL - 
    select
        p1_0.id,
        p1_0.name 
    from
        permissions p1_0
2026-05-30 13:43:56.294 [http-nio-8080-exec-7] [d3ee5ac8-9ea4-45bc-adae-f3b852556d7f] INFO  c.w.w.config.CorrelationIdFilter - Request completed: GET /api/groups - Status: 200 - Duration: 63ms
2026-05-30 13:43:56.298 [http-nio-8080-exec-2] [a6cdccc5-3b7d-4e9b-af91-2bf27cc86edc] INFO  c.w.w.config.CorrelationIdFilter - Request started: GET /api/accounts from 0:0:0:0:0:0:0:1
2026-05-30 13:43:56.304 [http-nio-8080-exec-8] [8dae66e4-eac8-434f-9dc4-37c9c8d5563b] INFO  c.w.w.p.s.impl.PermissionServiceImpl - SERVICE: getAllPermissions completed - Retrieved 5 permissions
2026-05-30 13:43:56.308 [http-nio-8080-exec-8] [8dae66e4-eac8-434f-9dc4-37c9c8d5563b] INFO  c.w.w.config.CorrelationIdFilter - Request completed: GET /api/permissions - Status: 200 - Duration: 63ms
2026-05-30 13:43:56.321 [http-nio-8080-exec-2] [a6cdccc5-3b7d-4e9b-af91-2bf27cc86edc] DEBUG org.hibernate.SQL - 
    select
        a1_0.id,
        a1_0.account_type_id,
        a1_0.balance,
        a1_0.currency_id,
        a1_0.user_id 
    from
        accounts a1_0
2026-05-30 13:43:56.326 [http-nio-8080-exec-2] [a6cdccc5-3b7d-4e9b-af91-2bf27cc86edc] DEBUG org.hibernate.SQL - 
    select
        at1_0.id,
        at1_0.type_name 
    from
        account_types at1_0 
    where
        at1_0.id=?
2026-05-30 13:43:56.329 [http-nio-8080-exec-2] [a6cdccc5-3b7d-4e9b-af91-2bf27cc86edc] DEBUG org.hibernate.SQL - 
    select
        c1_0.id,
        c1_0.currency_code,
        c1_0.currency_name 
    from
        currencies c1_0 
    where
        c1_0.id=?
2026-05-30 13:43:56.337 [http-nio-8080-exec-2] [a6cdccc5-3b7d-4e9b-af91-2bf27cc86edc] INFO  c.w.w.config.CorrelationIdFilter - Request completed: GET /api/accounts - Status: 200 - Duration: 39ms
2026-05-30 13:43:56.343 [http-nio-8080-exec-1] [b5910e81-0e70-4a74-89c5-b4ba0ba3d777] INFO  c.w.w.config.CorrelationIdFilter - Request started: GET /api/currencies from 0:0:0:0:0:0:0:1
2026-05-30 13:43:56.343 [http-nio-8080-exec-5] [1a67992e-5820-4415-9aa7-55cfe542ccdc] INFO  c.w.w.config.CorrelationIdFilter - Request started: GET /api/users from 0:0:0:0:0:0:0:1
2026-05-30 13:43:56.357 [http-nio-8080-exec-1] [b5910e81-0e70-4a74-89c5-b4ba0ba3d777] DEBUG org.hibernate.SQL - 
    select
        c1_0.id,
        c1_0.currency_code,
        c1_0.currency_name 
    from
        currencies c1_0
2026-05-30 13:43:56.363 [http-nio-8080-exec-1] [b5910e81-0e70-4a74-89c5-b4ba0ba3d777] INFO  c.w.w.config.CorrelationIdFilter - Request completed: GET /api/currencies - Status: 200 - Duration: 20ms
2026-05-30 13:43:56.370 [http-nio-8080-exec-4] [5e42fbf7-d488-4c94-96e3-1e76ac8efcf4] INFO  c.w.w.config.CorrelationIdFilter - Request started: GET /api/groups from 0:0:0:0:0:0:0:1
2026-05-30 13:43:56.377 [http-nio-8080-exec-5] [1a67992e-5820-4415-9aa7-55cfe542ccdc] INFO  c.w.w.user.controller.UserController - REST API call: GET /api/users - Retrieving all users
2026-05-30 13:43:56.377 [http-nio-8080-exec-5] [1a67992e-5820-4415-9aa7-55cfe542ccdc] INFO  c.w.w.u.service.impl.UserServiceImpl - SERVICE: Starting getAllUsers - Fetching all users from database
2026-05-30 13:43:56.380 [http-nio-8080-exec-3] [26de98fd-3f19-4909-b6b5-7d77e369c996] INFO  c.w.w.config.CorrelationIdFilter - Request started: GET /api/permissions from 0:0:0:0:0:0:0:1
2026-05-30 13:43:56.384 [http-nio-8080-exec-4] [5e42fbf7-d488-4c94-96e3-1e76ac8efcf4] INFO  c.w.w.g.controller.GroupController - REST API call: GET /api/groups - Retrieving all groups
2026-05-30 13:43:56.385 [http-nio-8080-exec-4] [5e42fbf7-d488-4c94-96e3-1e76ac8efcf4] INFO  c.w.w.g.s.impl.GroupServiceImpl - Fetching all groups
2026-05-30 13:43:56.381 [http-nio-8080-exec-5] [1a67992e-5820-4415-9aa7-55cfe542ccdc] DEBUG org.hibernate.SQL - 
    select
        u1_0.id,
        u1_0.email,
        u1_0.group_id,
        u1_0.name,
        u1_0.password 
    from
        users u1_0
2026-05-30 13:43:56.407 [http-nio-8080-exec-5] [1a67992e-5820-4415-9aa7-55cfe542ccdc] DEBUG org.hibernate.SQL - 
    select
        g1_0.id,
        g1_0.name 
    from
        groups g1_0 
    where
        g1_0.id=?
2026-05-30 13:43:56.411 [http-nio-8080-exec-5] [1a67992e-5820-4415-9aa7-55cfe542ccdc] DEBUG org.hibernate.SQL - 
    select
        g1_0.id,
        g1_0.name 
    from
        groups g1_0 
    where
        g1_0.id=?
2026-05-30 13:43:56.414 [http-nio-8080-exec-5] [1a67992e-5820-4415-9aa7-55cfe542ccdc] INFO  c.w.w.u.service.impl.UserServiceImpl - SERVICE: getAllUsers completed - Retrieved 4 users
2026-05-30 13:43:56.424 [http-nio-8080-exec-5] [1a67992e-5820-4415-9aa7-55cfe542ccdc] INFO  c.w.w.config.CorrelationIdFilter - Request completed: GET /api/users - Status: 200 - Duration: 79ms
2026-05-30 13:43:56.403 [http-nio-8080-exec-4] [5e42fbf7-d488-4c94-96e3-1e76ac8efcf4] DEBUG org.hibernate.SQL - 
    select
        g1_0.id,
        g1_0.name 
    from
        groups g1_0
2026-05-30 13:43:56.434 [http-nio-8080-exec-4] [5e42fbf7-d488-4c94-96e3-1e76ac8efcf4] DEBUG org.hibernate.SQL - 
    select
        p1_0.group_id,
        p1_1.id,
        p1_1.name 
    from
        group_permissions p1_0 
    join
        permissions p1_1 
            on p1_1.id=p1_0.permission_id 
    where
        p1_0.group_id=?
2026-05-30 13:43:56.437 [http-nio-8080-exec-3] [26de98fd-3f19-4909-b6b5-7d77e369c996] INFO  c.w.w.p.c.PermissionController - REST API call: GET /api/permissions - Retrieving all permissions
2026-05-30 13:43:56.438 [http-nio-8080-exec-3] [26de98fd-3f19-4909-b6b5-7d77e369c996] INFO  c.w.w.p.s.impl.PermissionServiceImpl - SERVICE: Starting getAllPermissions - Fetching all permissions from database
2026-05-30 13:43:56.444 [http-nio-8080-exec-4] [5e42fbf7-d488-4c94-96e3-1e76ac8efcf4] DEBUG org.hibernate.SQL - 
    select
        p1_0.group_id,
        p1_1.id,
        p1_1.name 
    from
        group_permissions p1_0 
    join
        permissions p1_1 
            on p1_1.id=p1_0.permission_id 
    where
        p1_0.group_id=?
2026-05-30 13:43:56.443 [http-nio-8080-exec-3] [26de98fd-3f19-4909-b6b5-7d77e369c996] DEBUG org.hibernate.SQL - 
    select
        p1_0.id,
        p1_0.name 
    from
        permissions p1_0
2026-05-30 13:43:56.448 [http-nio-8080-exec-4] [5e42fbf7-d488-4c94-96e3-1e76ac8efcf4] DEBUG org.hibernate.SQL - 
    select
        p1_0.group_id,
        p1_1.id,
        p1_1.name 
    from
        group_permissions p1_0 
    join
        permissions p1_1 
            on p1_1.id=p1_0.permission_id 
    where
        p1_0.group_id=?
2026-05-30 13:43:56.454 [http-nio-8080-exec-4] [5e42fbf7-d488-4c94-96e3-1e76ac8efcf4] INFO  c.w.w.config.CorrelationIdFilter - Request completed: GET /api/groups - Status: 200 - Duration: 84ms
2026-05-30 13:43:56.456 [http-nio-8080-exec-3] [26de98fd-3f19-4909-b6b5-7d77e369c996] INFO  c.w.w.p.s.impl.PermissionServiceImpl - SERVICE: getAllPermissions completed - Retrieved 5 permissions
2026-05-30 13:43:56.460 [http-nio-8080-exec-3] [26de98fd-3f19-4909-b6b5-7d77e369c996] INFO  c.w.w.config.CorrelationIdFilter - Request completed: GET /api/permissions - Status: 200 - Duration: 79ms
2026-05-30 13:43:56.476 [http-nio-8080-exec-10] [2a9037c2-3777-4abd-bae6-96e686e48871] INFO  c.w.w.config.CorrelationIdFilter - Request started: GET /api/accounts from 0:0:0:0:0:0:0:1
2026-05-30 13:43:56.495 [http-nio-8080-exec-10] [2a9037c2-3777-4abd-bae6-96e686e48871] DEBUG org.hibernate.SQL - 
    select
        a1_0.id,
        a1_0.account_type_id,
        a1_0.balance,
        a1_0.currency_id,
        a1_0.user_id 
    from
        accounts a1_0
2026-05-30 13:43:56.500 [http-nio-8080-exec-10] [2a9037c2-3777-4abd-bae6-96e686e48871] DEBUG org.hibernate.SQL - 
    select
        at1_0.id,
        at1_0.type_name 
    from
        account_types at1_0 
    where
        at1_0.id=?
2026-05-30 13:43:56.502 [http-nio-8080-exec-10] [2a9037c2-3777-4abd-bae6-96e686e48871] DEBUG org.hibernate.SQL - 
    select
        c1_0.id,
        c1_0.currency_code,
        c1_0.currency_name 
    from
        currencies c1_0 
    where
        c1_0.id=?
2026-05-30 13:43:56.507 [http-nio-8080-exec-10] [2a9037c2-3777-4abd-bae6-96e686e48871] INFO  c.w.w.config.CorrelationIdFilter - Request completed: GET /api/accounts - Status: 200 - Duration: 31ms
2026-05-30 13:43:56.544 [http-nio-8080-exec-6] [83a06578-e70c-4e31-a913-ddb7974b2753] INFO  c.w.w.config.CorrelationIdFilter - Request started: GET /api/users from 0:0:0:0:0:0:0:1
2026-05-30 13:43:56.546 [http-nio-8080-exec-9] [049d53d0-1d1d-4834-89f5-da92322e23ff] INFO  c.w.w.config.CorrelationIdFilter - Request started: GET /api/currencies from 0:0:0:0:0:0:0:1
2026-05-30 13:43:56.575 [http-nio-8080-exec-9] [049d53d0-1d1d-4834-89f5-da92322e23ff] DEBUG org.hibernate.SQL - 
    select
        c1_0.id,
        c1_0.currency_code,
        c1_0.currency_name 
    from
        currencies c1_0
2026-05-30 13:43:56.581 [http-nio-8080-exec-6] [83a06578-e70c-4e31-a913-ddb7974b2753] INFO  c.w.w.user.controller.UserController - REST API call: GET /api/users - Retrieving all users
2026-05-30 13:43:56.581 [http-nio-8080-exec-6] [83a06578-e70c-4e31-a913-ddb7974b2753] INFO  c.w.w.u.service.impl.UserServiceImpl - SERVICE: Starting getAllUsers - Fetching all users from database
2026-05-30 13:43:56.581 [http-nio-8080-exec-9] [049d53d0-1d1d-4834-89f5-da92322e23ff] INFO  c.w.w.config.CorrelationIdFilter - Request completed: GET /api/currencies - Status: 200 - Duration: 35ms
2026-05-30 13:43:56.589 [http-nio-8080-exec-6] [83a06578-e70c-4e31-a913-ddb7974b2753] DEBUG org.hibernate.SQL - 
    select
        u1_0.id,
        u1_0.email,
        u1_0.group_id,
        u1_0.name,
        u1_0.password 
    from
        users u1_0
2026-05-30 13:43:56.589 [http-nio-8080-exec-7] [c41dee5a-9b39-4e36-81c2-b1e05bfa058e] INFO  c.w.w.config.CorrelationIdFilter - Request started: GET /api/groups from 0:0:0:0:0:0:0:1
2026-05-30 13:43:56.595 [http-nio-8080-exec-6] [83a06578-e70c-4e31-a913-ddb7974b2753] DEBUG org.hibernate.SQL - 
    select
        g1_0.id,
        g1_0.name 
    from
        groups g1_0 
    where
        g1_0.id=?
2026-05-30 13:43:56.597 [http-nio-8080-exec-8] [c33f41f7-cc38-4afe-8dd7-1bf7d567ca6a] INFO  c.w.w.config.CorrelationIdFilter - Request started: GET /api/permissions from 0:0:0:0:0:0:0:1
2026-05-30 13:43:56.597 [http-nio-8080-exec-6] [83a06578-e70c-4e31-a913-ddb7974b2753] DEBUG org.hibernate.SQL - 
    select
        g1_0.id,
        g1_0.name 
    from
        groups g1_0 
    where
        g1_0.id=?
2026-05-30 13:43:56.601 [http-nio-8080-exec-6] [83a06578-e70c-4e31-a913-ddb7974b2753] INFO  c.w.w.u.service.impl.UserServiceImpl - SERVICE: getAllUsers completed - Retrieved 4 users
2026-05-30 13:43:56.606 [http-nio-8080-exec-6] [83a06578-e70c-4e31-a913-ddb7974b2753] INFO  c.w.w.config.CorrelationIdFilter - Request completed: GET /api/users - Status: 200 - Duration: 62ms
2026-05-30 13:43:56.615 [http-nio-8080-exec-8] [c33f41f7-cc38-4afe-8dd7-1bf7d567ca6a] INFO  c.w.w.p.c.PermissionController - REST API call: GET /api/permissions - Retrieving all permissions
2026-05-30 13:43:56.618 [http-nio-8080-exec-8] [c33f41f7-cc38-4afe-8dd7-1bf7d567ca6a] INFO  c.w.w.p.s.impl.PermissionServiceImpl - SERVICE: Starting getAllPermissions - Fetching all permissions from database
2026-05-30 13:43:56.621 [http-nio-8080-exec-2] [d9e120c6-e7bf-4f20-8992-e627c01be89a] INFO  c.w.w.config.CorrelationIdFilter - Request started: GET /api/accounts from 0:0:0:0:0:0:0:1
2026-05-30 13:43:56.622 [http-nio-8080-exec-8] [c33f41f7-cc38-4afe-8dd7-1bf7d567ca6a] DEBUG org.hibernate.SQL - 
    select
        p1_0.id,
        p1_0.name 
    from
        permissions p1_0
2026-05-30 13:43:56.625 [http-nio-8080-exec-8] [c33f41f7-cc38-4afe-8dd7-1bf7d567ca6a] INFO  c.w.w.p.s.impl.PermissionServiceImpl - SERVICE: getAllPermissions completed - Retrieved 5 permissions
2026-05-30 13:43:56.618 [http-nio-8080-exec-7] [c41dee5a-9b39-4e36-81c2-b1e05bfa058e] INFO  c.w.w.g.controller.GroupController - REST API call: GET /api/groups - Retrieving all groups
2026-05-30 13:43:56.629 [http-nio-8080-exec-8] [c33f41f7-cc38-4afe-8dd7-1bf7d567ca6a] INFO  c.w.w.config.CorrelationIdFilter - Request completed: GET /api/permissions - Status: 200 - Duration: 32ms
2026-05-30 13:43:56.629 [http-nio-8080-exec-7] [c41dee5a-9b39-4e36-81c2-b1e05bfa058e] INFO  c.w.w.g.s.impl.GroupServiceImpl - Fetching all groups
2026-05-30 13:43:56.634 [http-nio-8080-exec-7] [c41dee5a-9b39-4e36-81c2-b1e05bfa058e] DEBUG org.hibernate.SQL - 
    select
        g1_0.id,
        g1_0.name 
    from
        groups g1_0
2026-05-30 13:43:56.640 [http-nio-8080-exec-7] [c41dee5a-9b39-4e36-81c2-b1e05bfa058e] DEBUG org.hibernate.SQL - 
    select
        p1_0.group_id,
        p1_1.id,
        p1_1.name 
    from
        group_permissions p1_0 
    join
        permissions p1_1 
            on p1_1.id=p1_0.permission_id 
    where
        p1_0.group_id=?
2026-05-30 13:43:56.644 [http-nio-8080-exec-7] [c41dee5a-9b39-4e36-81c2-b1e05bfa058e] DEBUG org.hibernate.SQL - 
    select
        p1_0.group_id,
        p1_1.id,
        p1_1.name 
    from
        group_permissions p1_0 
    join
        permissions p1_1 
            on p1_1.id=p1_0.permission_id 
    where
        p1_0.group_id=?
2026-05-30 13:43:56.646 [http-nio-8080-exec-7] [c41dee5a-9b39-4e36-81c2-b1e05bfa058e] DEBUG org.hibernate.SQL - 
    select
        p1_0.group_id,
        p1_1.id,
        p1_1.name 
    from
        group_permissions p1_0 
    join
        permissions p1_1 
            on p1_1.id=p1_0.permission_id 
    where
        p1_0.group_id=?
2026-05-30 13:43:56.654 [http-nio-8080-exec-7] [c41dee5a-9b39-4e36-81c2-b1e05bfa058e] INFO  c.w.w.config.CorrelationIdFilter - Request completed: GET /api/groups - Status: 200 - Duration: 65ms
2026-05-30 13:43:56.663 [http-nio-8080-exec-2] [d9e120c6-e7bf-4f20-8992-e627c01be89a] DEBUG org.hibernate.SQL - 
    select
        a1_0.id,
        a1_0.account_type_id,
        a1_0.balance,
        a1_0.currency_id,
        a1_0.user_id 
    from
        accounts a1_0
2026-05-30 13:43:56.670 [http-nio-8080-exec-2] [d9e120c6-e7bf-4f20-8992-e627c01be89a] DEBUG org.hibernate.SQL - 
    select
        at1_0.id,
        at1_0.type_name 
    from
        account_types at1_0 
    where
        at1_0.id=?
2026-05-30 13:43:56.672 [http-nio-8080-exec-2] [d9e120c6-e7bf-4f20-8992-e627c01be89a] DEBUG org.hibernate.SQL - 
    select
        c1_0.id,
        c1_0.currency_code,
        c1_0.currency_name 
    from
        currencies c1_0 
    where
        c1_0.id=?
2026-05-30 13:43:56.679 [http-nio-8080-exec-2] [d9e120c6-e7bf-4f20-8992-e627c01be89a] INFO  c.w.w.config.CorrelationIdFilter - Request completed: GET /api/accounts - Status: 200 - Duration: 58ms
2026-05-30 13:43:56.695 [http-nio-8080-exec-1] [ad33e701-768c-4f5d-86ef-cfd14d5ce504] INFO  c.w.w.config.CorrelationIdFilter - Request started: GET /api/currencies from 0:0:0:0:0:0:0:1
2026-05-30 13:43:56.719 [http-nio-8080-exec-1] [ad33e701-768c-4f5d-86ef-cfd14d5ce504] DEBUG org.hibernate.SQL - 
    select
        c1_0.id,
        c1_0.currency_code,
        c1_0.currency_name 
    from
        currencies c1_0
2026-05-30 13:43:56.729 [http-nio-8080-exec-1] [ad33e701-768c-4f5d-86ef-cfd14d5ce504] INFO  c.w.w.config.CorrelationIdFilter - Request completed: GET /api/currencies - Status: 200 - Duration: 33ms
2026-05-30 13:43:59.744 [http-nio-8080-exec-5] [6c490005-5160-41cb-9b05-59f12591707e] INFO  c.w.w.config.CorrelationIdFilter - Request started: GET /api/users from 0:0:0:0:0:0:0:1
2026-05-30 13:43:59.748 [http-nio-8080-exec-5] [6c490005-5160-41cb-9b05-59f12591707e] INFO  c.w.w.user.controller.UserController - REST API call: GET /api/users - Retrieving all users
2026-05-30 13:43:59.748 [http-nio-8080-exec-5] [6c490005-5160-41cb-9b05-59f12591707e] INFO  c.w.w.u.service.impl.UserServiceImpl - SERVICE: Starting getAllUsers - Fetching all users from database
2026-05-30 13:43:59.755 [http-nio-8080-exec-5] [6c490005-5160-41cb-9b05-59f12591707e] DEBUG org.hibernate.SQL - 
    select
        u1_0.id,
        u1_0.email,
        u1_0.group_id,
        u1_0.name,
        u1_0.password 
    from
        users u1_0
2026-05-30 13:43:59.760 [http-nio-8080-exec-5] [6c490005-5160-41cb-9b05-59f12591707e] DEBUG org.hibernate.SQL - 
    select
        g1_0.id,
        g1_0.name 
    from
        groups g1_0 
    where
        g1_0.id=?
2026-05-30 13:43:59.764 [http-nio-8080-exec-5] [6c490005-5160-41cb-9b05-59f12591707e] DEBUG org.hibernate.SQL - 
    select
        g1_0.id,
        g1_0.name 
    from
        groups g1_0 
    where
        g1_0.id=?
2026-05-30 13:43:59.765 [http-nio-8080-exec-5] [6c490005-5160-41cb-9b05-59f12591707e] INFO  c.w.w.u.service.impl.UserServiceImpl - SERVICE: getAllUsers completed - Retrieved 4 users
2026-05-30 13:43:59.771 [http-nio-8080-exec-5] [6c490005-5160-41cb-9b05-59f12591707e] INFO  c.w.w.config.CorrelationIdFilter - Request completed: GET /api/users - Status: 200 - Duration: 27ms
2026-05-30 13:43:59.805 [http-nio-8080-exec-4] [c9fb7818-a28d-4f29-a651-5c37b8f9fa36] INFO  c.w.w.config.CorrelationIdFilter - Request started: GET /api/users from 0:0:0:0:0:0:0:1
2026-05-30 13:43:59.815 [http-nio-8080-exec-4] [c9fb7818-a28d-4f29-a651-5c37b8f9fa36] INFO  c.w.w.user.controller.UserController - REST API call: GET /api/users - Retrieving all users
2026-05-30 13:43:59.816 [http-nio-8080-exec-4] [c9fb7818-a28d-4f29-a651-5c37b8f9fa36] INFO  c.w.w.u.service.impl.UserServiceImpl - SERVICE: Starting getAllUsers - Fetching all users from database
2026-05-30 13:43:59.819 [http-nio-8080-exec-4] [c9fb7818-a28d-4f29-a651-5c37b8f9fa36] DEBUG org.hibernate.SQL - 
    select
        u1_0.id,
        u1_0.email,
        u1_0.group_id,
        u1_0.name,
        u1_0.password 
    from
        users u1_0
2026-05-30 13:43:59.824 [http-nio-8080-exec-4] [c9fb7818-a28d-4f29-a651-5c37b8f9fa36] DEBUG org.hibernate.SQL - 
    select
        g1_0.id,
        g1_0.name 
    from
        groups g1_0 
    where
        g1_0.id=?
2026-05-30 13:43:59.826 [http-nio-8080-exec-4] [c9fb7818-a28d-4f29-a651-5c37b8f9fa36] DEBUG org.hibernate.SQL - 
    select
        g1_0.id,
        g1_0.name 
    from
        groups g1_0 
    where
        g1_0.id=?
2026-05-30 13:43:59.830 [http-nio-8080-exec-4] [c9fb7818-a28d-4f29-a651-5c37b8f9fa36] INFO  c.w.w.u.service.impl.UserServiceImpl - SERVICE: getAllUsers completed - Retrieved 4 users
2026-05-30 13:43:59.833 [http-nio-8080-exec-4] [c9fb7818-a28d-4f29-a651-5c37b8f9fa36] INFO  c.w.w.config.CorrelationIdFilter - Request completed: GET /api/users - Status: 200 - Duration: 27ms
2026-05-30 13:43:59.836 [http-nio-8080-exec-3] [539b7f9a-febc-4b4d-84e4-8c757770b0ae] INFO  c.w.w.config.CorrelationIdFilter - Request started: GET /api/users from 0:0:0:0:0:0:0:1
2026-05-30 13:43:59.852 [http-nio-8080-exec-3] [539b7f9a-febc-4b4d-84e4-8c757770b0ae] INFO  c.w.w.user.controller.UserController - REST API call: GET /api/users - Retrieving all users
2026-05-30 13:43:59.857 [http-nio-8080-exec-3] [539b7f9a-febc-4b4d-84e4-8c757770b0ae] INFO  c.w.w.u.service.impl.UserServiceImpl - SERVICE: Starting getAllUsers - Fetching all users from database
2026-05-30 13:43:59.861 [http-nio-8080-exec-3] [539b7f9a-febc-4b4d-84e4-8c757770b0ae] DEBUG org.hibernate.SQL - 
    select
        u1_0.id,
        u1_0.email,
        u1_0.group_id,
        u1_0.name,
        u1_0.password 
    from
        users u1_0
2026-05-30 13:43:59.872 [http-nio-8080-exec-3] [539b7f9a-febc-4b4d-84e4-8c757770b0ae] DEBUG org.hibernate.SQL - 
    select
        g1_0.id,
        g1_0.name 
    from
        groups g1_0 
    where
        g1_0.id=?
2026-05-30 13:43:59.877 [http-nio-8080-exec-3] [539b7f9a-febc-4b4d-84e4-8c757770b0ae] DEBUG org.hibernate.SQL - 
    select
        g1_0.id,
        g1_0.name 
    from
        groups g1_0 
    where
        g1_0.id=?
2026-05-30 13:43:59.881 [http-nio-8080-exec-3] [539b7f9a-febc-4b4d-84e4-8c757770b0ae] INFO  c.w.w.u.service.impl.UserServiceImpl - SERVICE: getAllUsers completed - Retrieved 4 users
2026-05-30 13:43:59.884 [http-nio-8080-exec-3] [539b7f9a-febc-4b4d-84e4-8c757770b0ae] INFO  c.w.w.config.CorrelationIdFilter - Request completed: GET /api/users - Status: 200 - Duration: 48ms
2026-05-30 13:43:59.896 [http-nio-8080-exec-10] [312a2e99-19fb-436b-94e9-adb5a9b4344f] INFO  c.w.w.config.CorrelationIdFilter - Request started: GET /api/users from 0:0:0:0:0:0:0:1
2026-05-30 13:43:59.907 [http-nio-8080-exec-10] [312a2e99-19fb-436b-94e9-adb5a9b4344f] INFO  c.w.w.user.controller.UserController - REST API call: GET /api/users - Retrieving all users
2026-05-30 13:43:59.908 [http-nio-8080-exec-10] [312a2e99-19fb-436b-94e9-adb5a9b4344f] INFO  c.w.w.u.service.impl.UserServiceImpl - SERVICE: Starting getAllUsers - Fetching all users from database
2026-05-30 13:43:59.914 [http-nio-8080-exec-10] [312a2e99-19fb-436b-94e9-adb5a9b4344f] DEBUG org.hibernate.SQL - 
    select
        u1_0.id,
        u1_0.email,
        u1_0.group_id,
        u1_0.name,
        u1_0.password 
    from
        users u1_0
2026-05-30 13:43:59.921 [http-nio-8080-exec-10] [312a2e99-19fb-436b-94e9-adb5a9b4344f] DEBUG org.hibernate.SQL - 
    select
        g1_0.id,
        g1_0.name 
    from
        groups g1_0 
    where
        g1_0.id=?
2026-05-30 13:43:59.925 [http-nio-8080-exec-10] [312a2e99-19fb-436b-94e9-adb5a9b4344f] DEBUG org.hibernate.SQL - 
    select
        g1_0.id,
        g1_0.name 
    from
        groups g1_0 
    where
        g1_0.id=?
2026-05-30 13:43:59.927 [http-nio-8080-exec-10] [312a2e99-19fb-436b-94e9-adb5a9b4344f] INFO  c.w.w.u.service.impl.UserServiceImpl - SERVICE: getAllUsers completed - Retrieved 4 users
2026-05-30 13:43:59.934 [http-nio-8080-exec-10] [312a2e99-19fb-436b-94e9-adb5a9b4344f] INFO  c.w.w.config.CorrelationIdFilter - Request completed: GET /api/users - Status: 200 - Duration: 38ms
2026-05-30 13:44:13.966 [http-nio-8080-exec-5] [41bf472a-c372-48ee-a928-2af6f61fbfd8] INFO  c.w.w.config.CorrelationIdFilter - Request started: OPTIONS /api/groups from 0:0:0:0:0:0:0:1
2026-05-30 13:44:13.967 [http-nio-8080-exec-4] [5bd505b2-56b0-4fc7-b58d-0f950e413b98] INFO  c.w.w.config.CorrelationIdFilter - Request started: OPTIONS /api/permissions from 0:0:0:0:0:0:0:1
2026-05-30 13:44:13.971 [http-nio-8080-exec-5] [41bf472a-c372-48ee-a928-2af6f61fbfd8] INFO  c.w.w.config.CorrelationIdFilter - Request completed: OPTIONS /api/groups - Status: 200 - Duration: 5ms
2026-05-30 13:44:13.973 [http-nio-8080-exec-5] [2fba9f7d-11e1-4937-af15-e13027237d55] INFO  c.w.w.config.CorrelationIdFilter - Request started: OPTIONS /api/groups from 0:0:0:0:0:0:0:1
2026-05-30 13:44:13.973 [http-nio-8080-exec-4] [5bd505b2-56b0-4fc7-b58d-0f950e413b98] INFO  c.w.w.config.CorrelationIdFilter - Request completed: OPTIONS /api/permissions - Status: 200 - Duration: 6ms
2026-05-30 13:44:13.975 [http-nio-8080-exec-4] [ed4b3977-e7e2-45c6-baae-d1effe225856] INFO  c.w.w.config.CorrelationIdFilter - Request started: OPTIONS /api/permissions from 0:0:0:0:0:0:0:1
2026-05-30 13:44:13.975 [http-nio-8080-exec-5] [2fba9f7d-11e1-4937-af15-e13027237d55] INFO  c.w.w.config.CorrelationIdFilter - Request completed: OPTIONS /api/groups - Status: 200 - Duration: 2ms
2026-05-30 13:44:13.980 [http-nio-8080-exec-4] [ed4b3977-e7e2-45c6-baae-d1effe225856] INFO  c.w.w.config.CorrelationIdFilter - Request completed: OPTIONS /api/permissions - Status: 200 - Duration: 5ms
2026-05-30 13:44:13.975 [http-nio-8080-exec-3] [3c56bd33-f336-4e90-8465-6132138cbb27] INFO  c.w.w.config.CorrelationIdFilter - Request started: OPTIONS /api/groups from 0:0:0:0:0:0:0:1
2026-05-30 13:44:13.986 [http-nio-8080-exec-5] [67aacc09-db62-4a37-99bf-6c2bdb1423a5] INFO  c.w.w.config.CorrelationIdFilter - Request started: OPTIONS /api/permissions from 0:0:0:0:0:0:0:1
2026-05-30 13:44:13.988 [http-nio-8080-exec-3] [3c56bd33-f336-4e90-8465-6132138cbb27] INFO  c.w.w.config.CorrelationIdFilter - Request completed: OPTIONS /api/groups - Status: 200 - Duration: 4ms
2026-05-30 13:44:13.992 [http-nio-8080-exec-5] [67aacc09-db62-4a37-99bf-6c2bdb1423a5] INFO  c.w.w.config.CorrelationIdFilter - Request completed: OPTIONS /api/permissions - Status: 200 - Duration: 6ms
2026-05-30 13:44:14.000 [http-nio-8080-exec-8] [33807543-e2bb-4b70-8d5a-c5f042b0dcb2] INFO  c.w.w.config.CorrelationIdFilter - Request started: GET /api/groups from 0:0:0:0:0:0:0:1
2026-05-30 13:44:14.003 [http-nio-8080-exec-2] [1ddd74b0-2345-4e59-8021-fe87a06db1d0] INFO  c.w.w.config.CorrelationIdFilter - Request started: GET /api/permissions from 0:0:0:0:0:0:0:1
2026-05-30 13:44:14.023 [http-nio-8080-exec-2] [1ddd74b0-2345-4e59-8021-fe87a06db1d0] INFO  c.w.w.p.c.PermissionController - REST API call: GET /api/permissions - Retrieving all permissions
2026-05-30 13:44:14.025 [http-nio-8080-exec-2] [1ddd74b0-2345-4e59-8021-fe87a06db1d0] INFO  c.w.w.p.s.impl.PermissionServiceImpl - SERVICE: Starting getAllPermissions - Fetching all permissions from database
2026-05-30 13:44:14.028 [http-nio-8080-exec-2] [1ddd74b0-2345-4e59-8021-fe87a06db1d0] DEBUG org.hibernate.SQL - 
    select
        p1_0.id,
        p1_0.name 
    from
        permissions p1_0
2026-05-30 13:44:14.039 [http-nio-8080-exec-2] [1ddd74b0-2345-4e59-8021-fe87a06db1d0] INFO  c.w.w.p.s.impl.PermissionServiceImpl - SERVICE: getAllPermissions completed - Retrieved 5 permissions
2026-05-30 13:44:14.026 [http-nio-8080-exec-8] [33807543-e2bb-4b70-8d5a-c5f042b0dcb2] INFO  c.w.w.g.controller.GroupController - REST API call: GET /api/groups - Retrieving all groups
2026-05-30 13:44:14.044 [http-nio-8080-exec-2] [1ddd74b0-2345-4e59-8021-fe87a06db1d0] INFO  c.w.w.config.CorrelationIdFilter - Request completed: GET /api/permissions - Status: 200 - Duration: 38ms
2026-05-30 13:44:14.044 [http-nio-8080-exec-8] [33807543-e2bb-4b70-8d5a-c5f042b0dcb2] INFO  c.w.w.g.s.impl.GroupServiceImpl - Fetching all groups
2026-05-30 13:44:14.053 [http-nio-8080-exec-8] [33807543-e2bb-4b70-8d5a-c5f042b0dcb2] DEBUG org.hibernate.SQL - 
    select
        g1_0.id,
        g1_0.name 
    from
        groups g1_0
2026-05-30 13:44:14.055 [http-nio-8080-exec-8] [33807543-e2bb-4b70-8d5a-c5f042b0dcb2] DEBUG org.hibernate.SQL - 
    select
        p1_0.group_id,
        p1_1.id,
        p1_1.name 
    from
        group_permissions p1_0 
    join
        permissions p1_1 
            on p1_1.id=p1_0.permission_id 
    where
        p1_0.group_id=?
2026-05-30 13:44:14.060 [http-nio-8080-exec-8] [33807543-e2bb-4b70-8d5a-c5f042b0dcb2] DEBUG org.hibernate.SQL - 
    select
        p1_0.group_id,
        p1_1.id,
        p1_1.name 
    from
        group_permissions p1_0 
    join
        permissions p1_1 
            on p1_1.id=p1_0.permission_id 
    where
        p1_0.group_id=?
2026-05-30 13:44:14.065 [http-nio-8080-exec-8] [33807543-e2bb-4b70-8d5a-c5f042b0dcb2] DEBUG org.hibernate.SQL - 
    select
        p1_0.group_id,
        p1_1.id,
        p1_1.name 
    from
        group_permissions p1_0 
    join
        permissions p1_1 
            on p1_1.id=p1_0.permission_id 
    where
        p1_0.group_id=?
2026-05-30 13:44:14.072 [http-nio-8080-exec-8] [33807543-e2bb-4b70-8d5a-c5f042b0dcb2] INFO  c.w.w.config.CorrelationIdFilter - Request completed: GET /api/groups - Status: 200 - Duration: 71ms
2026-05-30 13:44:14.079 [http-nio-8080-exec-7] [e2557aed-e1c6-406d-84de-8b1d86265a61] INFO  c.w.w.config.CorrelationIdFilter - Request started: GET /api/permissions from 0:0:0:0:0:0:0:1
2026-05-30 13:44:14.079 [http-nio-8080-exec-1] [62fdd1a6-e6be-4d8e-b269-928609337338] INFO  c.w.w.config.CorrelationIdFilter - Request started: GET /api/groups from 0:0:0:0:0:0:0:1
2026-05-30 13:44:14.091 [http-nio-8080-exec-7] [e2557aed-e1c6-406d-84de-8b1d86265a61] INFO  c.w.w.p.c.PermissionController - REST API call: GET /api/permissions - Retrieving all permissions
2026-05-30 13:44:14.091 [http-nio-8080-exec-7] [e2557aed-e1c6-406d-84de-8b1d86265a61] INFO  c.w.w.p.s.impl.PermissionServiceImpl - SERVICE: Starting getAllPermissions - Fetching all permissions from database
2026-05-30 13:44:14.091 [http-nio-8080-exec-1] [62fdd1a6-e6be-4d8e-b269-928609337338] INFO  c.w.w.g.controller.GroupController - REST API call: GET /api/groups - Retrieving all groups
2026-05-30 13:44:14.091 [http-nio-8080-exec-1] [62fdd1a6-e6be-4d8e-b269-928609337338] INFO  c.w.w.g.s.impl.GroupServiceImpl - Fetching all groups
2026-05-30 13:44:14.091 [http-nio-8080-exec-1] [62fdd1a6-e6be-4d8e-b269-928609337338] DEBUG org.hibernate.SQL - 
    select
        g1_0.id,
        g1_0.name 
    from
        groups g1_0
2026-05-30 13:44:14.098 [http-nio-8080-exec-7] [e2557aed-e1c6-406d-84de-8b1d86265a61] DEBUG org.hibernate.SQL - 
    select
        p1_0.id,
        p1_0.name 
    from
        permissions p1_0
2026-05-30 13:44:14.098 [http-nio-8080-exec-7] [e2557aed-e1c6-406d-84de-8b1d86265a61] INFO  c.w.w.p.s.impl.PermissionServiceImpl - SERVICE: getAllPermissions completed - Retrieved 5 permissions
2026-05-30 13:44:14.106 [http-nio-8080-exec-7] [e2557aed-e1c6-406d-84de-8b1d86265a61] INFO  c.w.w.config.CorrelationIdFilter - Request completed: GET /api/permissions - Status: 200 - Duration: 27ms
2026-05-30 13:44:14.106 [http-nio-8080-exec-1] [62fdd1a6-e6be-4d8e-b269-928609337338] DEBUG org.hibernate.SQL - 
    select
        p1_0.group_id,
        p1_1.id,
        p1_1.name 
    from
        group_permissions p1_0 
    join
        permissions p1_1 
            on p1_1.id=p1_0.permission_id 
    where
        p1_0.group_id=?
2026-05-30 13:44:14.116 [http-nio-8080-exec-1] [62fdd1a6-e6be-4d8e-b269-928609337338] DEBUG org.hibernate.SQL - 
    select
        p1_0.group_id,
        p1_1.id,
        p1_1.name 
    from
        group_permissions p1_0 
    join
        permissions p1_1 
            on p1_1.id=p1_0.permission_id 
    where
        p1_0.group_id=?
2026-05-30 13:44:14.120 [http-nio-8080-exec-1] [62fdd1a6-e6be-4d8e-b269-928609337338] DEBUG org.hibernate.SQL - 
    select
        p1_0.group_id,
        p1_1.id,
        p1_1.name 
    from
        group_permissions p1_0 
    join
        permissions p1_1 
            on p1_1.id=p1_0.permission_id 
    where
        p1_0.group_id=?
2026-05-30 13:44:14.121 [http-nio-8080-exec-4] [c98c3256-76ab-4ec7-91e9-d742ff63337c] INFO  c.w.w.config.CorrelationIdFilter - Request started: GET /api/permissions from 0:0:0:0:0:0:0:1
2026-05-30 13:44:14.123 [http-nio-8080-exec-1] [62fdd1a6-e6be-4d8e-b269-928609337338] INFO  c.w.w.config.CorrelationIdFilter - Request completed: GET /api/groups - Status: 200 - Duration: 36ms
2026-05-30 13:44:14.131 [http-nio-8080-exec-10] [7e9570f9-40a7-45bc-bf05-6a4e8c3f6644] INFO  c.w.w.config.CorrelationIdFilter - Request started: GET /api/groups from 0:0:0:0:0:0:0:1
2026-05-30 13:44:14.134 [http-nio-8080-exec-4] [c98c3256-76ab-4ec7-91e9-d742ff63337c] INFO  c.w.w.p.c.PermissionController - REST API call: GET /api/permissions - Retrieving all permissions
2026-05-30 13:44:14.135 [http-nio-8080-exec-4] [c98c3256-76ab-4ec7-91e9-d742ff63337c] INFO  c.w.w.p.s.impl.PermissionServiceImpl - SERVICE: Starting getAllPermissions - Fetching all permissions from database
2026-05-30 13:44:14.136 [http-nio-8080-exec-4] [c98c3256-76ab-4ec7-91e9-d742ff63337c] DEBUG org.hibernate.SQL - 
    select
        p1_0.id,
        p1_0.name 
    from
        permissions p1_0
2026-05-30 13:44:14.136 [http-nio-8080-exec-4] [c98c3256-76ab-4ec7-91e9-d742ff63337c] INFO  c.w.w.p.s.impl.PermissionServiceImpl - SERVICE: getAllPermissions completed - Retrieved 5 permissions
2026-05-30 13:44:14.143 [http-nio-8080-exec-4] [c98c3256-76ab-4ec7-91e9-d742ff63337c] INFO  c.w.w.config.CorrelationIdFilter - Request completed: GET /api/permissions - Status: 200 - Duration: 21ms
2026-05-30 13:44:14.146 [http-nio-8080-exec-10] [7e9570f9-40a7-45bc-bf05-6a4e8c3f6644] INFO  c.w.w.g.controller.GroupController - REST API call: GET /api/groups - Retrieving all groups
2026-05-30 13:44:14.148 [http-nio-8080-exec-10] [7e9570f9-40a7-45bc-bf05-6a4e8c3f6644] INFO  c.w.w.g.s.impl.GroupServiceImpl - Fetching all groups
2026-05-30 13:44:14.152 [http-nio-8080-exec-10] [7e9570f9-40a7-45bc-bf05-6a4e8c3f6644] DEBUG org.hibernate.SQL - 
    select
        g1_0.id,
        g1_0.name 
    from
        groups g1_0
2026-05-30 13:44:14.155 [http-nio-8080-exec-10] [7e9570f9-40a7-45bc-bf05-6a4e8c3f6644] DEBUG org.hibernate.SQL - 
    select
        p1_0.group_id,
        p1_1.id,
        p1_1.name 
    from
        group_permissions p1_0 
    join
        permissions p1_1 
            on p1_1.id=p1_0.permission_id 
    where
        p1_0.group_id=?
2026-05-30 13:44:14.159 [http-nio-8080-exec-10] [7e9570f9-40a7-45bc-bf05-6a4e8c3f6644] DEBUG org.hibernate.SQL - 
    select
        p1_0.group_id,
        p1_1.id,
        p1_1.name 
    from
        group_permissions p1_0 
    join
        permissions p1_1 
            on p1_1.id=p1_0.permission_id 
    where
        p1_0.group_id=?
2026-05-30 13:44:14.161 [http-nio-8080-exec-10] [7e9570f9-40a7-45bc-bf05-6a4e8c3f6644] DEBUG org.hibernate.SQL - 
    select
        p1_0.group_id,
        p1_1.id,
        p1_1.name 
    from
        group_permissions p1_0 
    join
        permissions p1_1 
            on p1_1.id=p1_0.permission_id 
    where
        p1_0.group_id=?
2026-05-30 13:44:14.171 [http-nio-8080-exec-10] [7e9570f9-40a7-45bc-bf05-6a4e8c3f6644] INFO  c.w.w.config.CorrelationIdFilter - Request completed: GET /api/groups - Status: 200 - Duration: 39ms
2026-05-30 13:44:14.183 [http-nio-8080-exec-9] [263b9cf4-067e-408b-b55c-3c36448d81b4] INFO  c.w.w.config.CorrelationIdFilter - Request started: GET /api/permissions from 0:0:0:0:0:0:0:1
2026-05-30 13:44:14.194 [http-nio-8080-exec-9] [263b9cf4-067e-408b-b55c-3c36448d81b4] INFO  c.w.w.p.c.PermissionController - REST API call: GET /api/permissions - Retrieving all permissions
2026-05-30 13:44:14.195 [http-nio-8080-exec-9] [263b9cf4-067e-408b-b55c-3c36448d81b4] INFO  c.w.w.p.s.impl.PermissionServiceImpl - SERVICE: Starting getAllPermissions - Fetching all permissions from database
2026-05-30 13:44:14.199 [http-nio-8080-exec-9] [263b9cf4-067e-408b-b55c-3c36448d81b4] DEBUG org.hibernate.SQL - 
    select
        p1_0.id,
        p1_0.name 
    from
        permissions p1_0
2026-05-30 13:44:14.203 [http-nio-8080-exec-9] [263b9cf4-067e-408b-b55c-3c36448d81b4] INFO  c.w.w.p.s.impl.PermissionServiceImpl - SERVICE: getAllPermissions completed - Retrieved 5 permissions
2026-05-30 13:44:14.206 [http-nio-8080-exec-9] [263b9cf4-067e-408b-b55c-3c36448d81b4] INFO  c.w.w.config.CorrelationIdFilter - Request completed: GET /api/permissions - Status: 200 - Duration: 23ms
2026-05-30 13:44:14.209 [http-nio-8080-exec-3] [a7e6e1d0-fb8d-47fc-90e6-847d296ecaa8] INFO  c.w.w.config.CorrelationIdFilter - Request started: GET /api/groups from 0:0:0:0:0:0:0:1
2026-05-30 13:44:14.221 [http-nio-8080-exec-3] [a7e6e1d0-fb8d-47fc-90e6-847d296ecaa8] INFO  c.w.w.g.controller.GroupController - REST API call: GET /api/groups - Retrieving all groups
2026-05-30 13:44:14.222 [http-nio-8080-exec-3] [a7e6e1d0-fb8d-47fc-90e6-847d296ecaa8] INFO  c.w.w.g.s.impl.GroupServiceImpl - Fetching all groups
2026-05-30 13:44:14.224 [http-nio-8080-exec-3] [a7e6e1d0-fb8d-47fc-90e6-847d296ecaa8] DEBUG org.hibernate.SQL - 
    select
        g1_0.id,
        g1_0.name 
    from
        groups g1_0
2026-05-30 13:44:14.226 [http-nio-8080-exec-3] [a7e6e1d0-fb8d-47fc-90e6-847d296ecaa8] DEBUG org.hibernate.SQL - 
    select
        p1_0.group_id,
        p1_1.id,
        p1_1.name 
    from
        group_permissions p1_0 
    join
        permissions p1_1 
            on p1_1.id=p1_0.permission_id 
    where
        p1_0.group_id=?
2026-05-30 13:44:14.228 [http-nio-8080-exec-3] [a7e6e1d0-fb8d-47fc-90e6-847d296ecaa8] DEBUG org.hibernate.SQL - 
    select
        p1_0.group_id,
        p1_1.id,
        p1_1.name 
    from
        group_permissions p1_0 
    join
        permissions p1_1 
            on p1_1.id=p1_0.permission_id 
    where
        p1_0.group_id=?
2026-05-30 13:44:14.232 [http-nio-8080-exec-3] [a7e6e1d0-fb8d-47fc-90e6-847d296ecaa8] DEBUG org.hibernate.SQL - 
    select
        p1_0.group_id,
        p1_1.id,
        p1_1.name 
    from
        group_permissions p1_0 
    join
        permissions p1_1 
            on p1_1.id=p1_0.permission_id 
    where
        p1_0.group_id=?
2026-05-30 13:44:14.237 [http-nio-8080-exec-3] [a7e6e1d0-fb8d-47fc-90e6-847d296ecaa8] INFO  c.w.w.config.CorrelationIdFilter - Request completed: GET /api/groups - Status: 200 - Duration: 28ms
2026-05-30 13:44:26.904 [http-nio-8080-exec-6] [b86a606b-2efd-48a3-9bd8-a53a6b487ddd] INFO  c.w.w.config.CorrelationIdFilter - Request started: OPTIONS /api/users from 0:0:0:0:0:0:0:1
2026-05-30 13:44:26.907 [http-nio-8080-exec-6] [b86a606b-2efd-48a3-9bd8-a53a6b487ddd] INFO  c.w.w.config.CorrelationIdFilter - Request completed: OPTIONS /api/users - Status: 200 - Duration: 3ms
2026-05-30 13:44:26.908 [http-nio-8080-exec-6] [ce41fa12-e788-4c7b-b183-ab85b34d12a2] INFO  c.w.w.config.CorrelationIdFilter - Request started: OPTIONS /api/users from 0:0:0:0:0:0:0:1
2026-05-30 13:44:26.910 [http-nio-8080-exec-6] [ce41fa12-e788-4c7b-b183-ab85b34d12a2] INFO  c.w.w.config.CorrelationIdFilter - Request completed: OPTIONS /api/users - Status: 200 - Duration: 1ms
2026-05-30 13:44:26.911 [http-nio-8080-exec-6] [cd7427bd-51c5-4e64-ba0d-6d7813f8bab5] INFO  c.w.w.config.CorrelationIdFilter - Request started: OPTIONS /api/users from 0:0:0:0:0:0:0:1
2026-05-30 13:44:26.914 [http-nio-8080-exec-6] [cd7427bd-51c5-4e64-ba0d-6d7813f8bab5] INFO  c.w.w.config.CorrelationIdFilter - Request completed: OPTIONS /api/users - Status: 200 - Duration: 2ms
2026-05-30 13:44:26.919 [http-nio-8080-exec-8] [03ed973a-6a7b-46ec-86c1-c773fa421e58] INFO  c.w.w.config.CorrelationIdFilter - Request started: GET /api/users from 0:0:0:0:0:0:0:1
2026-05-30 13:44:26.928 [http-nio-8080-exec-8] [03ed973a-6a7b-46ec-86c1-c773fa421e58] INFO  c.w.w.user.controller.UserController - REST API call: GET /api/users - Retrieving all users
2026-05-30 13:44:26.930 [http-nio-8080-exec-8] [03ed973a-6a7b-46ec-86c1-c773fa421e58] INFO  c.w.w.u.service.impl.UserServiceImpl - SERVICE: Starting getAllUsers - Fetching all users from database
2026-05-30 13:44:26.936 [http-nio-8080-exec-8] [03ed973a-6a7b-46ec-86c1-c773fa421e58] DEBUG org.hibernate.SQL - 
    select
        u1_0.id,
        u1_0.email,
        u1_0.group_id,
        u1_0.name,
        u1_0.password 
    from
        users u1_0
2026-05-30 13:44:26.941 [http-nio-8080-exec-8] [03ed973a-6a7b-46ec-86c1-c773fa421e58] DEBUG org.hibernate.SQL - 
    select
        g1_0.id,
        g1_0.name 
    from
        groups g1_0 
    where
        g1_0.id=?
2026-05-30 13:44:26.943 [http-nio-8080-exec-8] [03ed973a-6a7b-46ec-86c1-c773fa421e58] DEBUG org.hibernate.SQL - 
    select
        g1_0.id,
        g1_0.name 
    from
        groups g1_0 
    where
        g1_0.id=?
2026-05-30 13:44:26.945 [http-nio-8080-exec-8] [03ed973a-6a7b-46ec-86c1-c773fa421e58] INFO  c.w.w.u.service.impl.UserServiceImpl - SERVICE: getAllUsers completed - Retrieved 4 users
2026-05-30 13:44:26.956 [http-nio-8080-exec-8] [03ed973a-6a7b-46ec-86c1-c773fa421e58] INFO  c.w.w.config.CorrelationIdFilter - Request completed: GET /api/users - Status: 200 - Duration: 37ms
2026-05-30 13:44:26.964 [http-nio-8080-exec-7] [f63f1bba-cf32-4fba-beb5-469a2a710154] INFO  c.w.w.config.CorrelationIdFilter - Request started: GET /api/users from 0:0:0:0:0:0:0:1
2026-05-30 13:44:26.977 [http-nio-8080-exec-7] [f63f1bba-cf32-4fba-beb5-469a2a710154] INFO  c.w.w.user.controller.UserController - REST API call: GET /api/users - Retrieving all users
2026-05-30 13:44:26.978 [http-nio-8080-exec-7] [f63f1bba-cf32-4fba-beb5-469a2a710154] INFO  c.w.w.u.service.impl.UserServiceImpl - SERVICE: Starting getAllUsers - Fetching all users from database
2026-05-30 13:44:26.980 [http-nio-8080-exec-7] [f63f1bba-cf32-4fba-beb5-469a2a710154] DEBUG org.hibernate.SQL - 
    select
        u1_0.id,
        u1_0.email,
        u1_0.group_id,
        u1_0.name,
        u1_0.password 
    from
        users u1_0
2026-05-30 13:44:26.986 [http-nio-8080-exec-7] [f63f1bba-cf32-4fba-beb5-469a2a710154] DEBUG org.hibernate.SQL - 
    select
        g1_0.id,
        g1_0.name 
    from
        groups g1_0 
    where
        g1_0.id=?
2026-05-30 13:44:26.988 [http-nio-8080-exec-7] [f63f1bba-cf32-4fba-beb5-469a2a710154] DEBUG org.hibernate.SQL - 
    select
        g1_0.id,
        g1_0.name 
    from
        groups g1_0 
    where
        g1_0.id=?
2026-05-30 13:44:26.990 [http-nio-8080-exec-7] [f63f1bba-cf32-4fba-beb5-469a2a710154] INFO  c.w.w.u.service.impl.UserServiceImpl - SERVICE: getAllUsers completed - Retrieved 4 users
2026-05-30 13:44:26.993 [http-nio-8080-exec-7] [f63f1bba-cf32-4fba-beb5-469a2a710154] INFO  c.w.w.config.CorrelationIdFilter - Request completed: GET /api/users - Status: 200 - Duration: 29ms
2026-05-30 13:44:27.006 [http-nio-8080-exec-1] [a8cf02ec-763a-46d2-8bfa-56f9c38c661e] INFO  c.w.w.config.CorrelationIdFilter - Request started: GET /api/users from 0:0:0:0:0:0:0:1
2026-05-30 13:44:27.014 [http-nio-8080-exec-1] [a8cf02ec-763a-46d2-8bfa-56f9c38c661e] INFO  c.w.w.user.controller.UserController - REST API call: GET /api/users - Retrieving all users
2026-05-30 13:44:27.015 [http-nio-8080-exec-1] [a8cf02ec-763a-46d2-8bfa-56f9c38c661e] INFO  c.w.w.u.service.impl.UserServiceImpl - SERVICE: Starting getAllUsers - Fetching all users from database
2026-05-30 13:44:27.020 [http-nio-8080-exec-1] [a8cf02ec-763a-46d2-8bfa-56f9c38c661e] DEBUG org.hibernate.SQL - 
    select
        u1_0.id,
        u1_0.email,
        u1_0.group_id,
        u1_0.name,
        u1_0.password 
    from
        users u1_0
2026-05-30 13:44:27.044 [http-nio-8080-exec-1] [a8cf02ec-763a-46d2-8bfa-56f9c38c661e] DEBUG org.hibernate.SQL - 
    select
        g1_0.id,
        g1_0.name 
    from
        groups g1_0 
    where
        g1_0.id=?
2026-05-30 13:44:27.047 [http-nio-8080-exec-1] [a8cf02ec-763a-46d2-8bfa-56f9c38c661e] DEBUG org.hibernate.SQL - 
    select
        g1_0.id,
        g1_0.name 
    from
        groups g1_0 
    where
        g1_0.id=?
2026-05-30 13:44:27.052 [http-nio-8080-exec-1] [a8cf02ec-763a-46d2-8bfa-56f9c38c661e] INFO  c.w.w.u.service.impl.UserServiceImpl - SERVICE: getAllUsers completed - Retrieved 4 users
2026-05-30 13:44:27.058 [http-nio-8080-exec-1] [a8cf02ec-763a-46d2-8bfa-56f9c38c661e] INFO  c.w.w.config.CorrelationIdFilter - Request completed: GET /api/users - Status: 200 - Duration: 52ms
2026-05-30 13:44:27.061 [http-nio-8080-exec-4] [54fc454f-83aa-40a1-ac2c-94af50e8842a] INFO  c.w.w.config.CorrelationIdFilter - Request started: GET /api/users from 0:0:0:0:0:0:0:1
2026-05-30 13:44:27.075 [http-nio-8080-exec-4] [54fc454f-83aa-40a1-ac2c-94af50e8842a] INFO  c.w.w.user.controller.UserController - REST API call: GET /api/users - Retrieving all users
2026-05-30 13:44:27.077 [http-nio-8080-exec-4] [54fc454f-83aa-40a1-ac2c-94af50e8842a] INFO  c.w.w.u.service.impl.UserServiceImpl - SERVICE: Starting getAllUsers - Fetching all users from database
2026-05-30 13:44:27.079 [http-nio-8080-exec-4] [54fc454f-83aa-40a1-ac2c-94af50e8842a] DEBUG org.hibernate.SQL - 
    select
        u1_0.id,
        u1_0.email,
        u1_0.group_id,
        u1_0.name,
        u1_0.password 
    from
        users u1_0
2026-05-30 13:44:27.084 [http-nio-8080-exec-4] [54fc454f-83aa-40a1-ac2c-94af50e8842a] DEBUG org.hibernate.SQL - 
    select
        g1_0.id,
        g1_0.name 
    from
        groups g1_0 
    where
        g1_0.id=?
2026-05-30 13:44:27.086 [http-nio-8080-exec-4] [54fc454f-83aa-40a1-ac2c-94af50e8842a] DEBUG org.hibernate.SQL - 
    select
        g1_0.id,
        g1_0.name 
    from
        groups g1_0 
    where
        g1_0.id=?
2026-05-30 13:44:27.089 [http-nio-8080-exec-4] [54fc454f-83aa-40a1-ac2c-94af50e8842a] INFO  c.w.w.u.service.impl.UserServiceImpl - SERVICE: getAllUsers completed - Retrieved 4 users
2026-05-30 13:44:27.091 [http-nio-8080-exec-4] [54fc454f-83aa-40a1-ac2c-94af50e8842a] INFO  c.w.w.config.CorrelationIdFilter - Request completed: GET /api/users - Status: 200 - Duration: 30ms
2026-05-30 13:44:29.250 [http-nio-8080-exec-10] [768fc859-acf7-4622-a831-24aa0aaff0f1] INFO  c.w.w.config.CorrelationIdFilter - Request started: OPTIONS /api/accounts from 0:0:0:0:0:0:0:1
2026-05-30 13:44:29.251 [http-nio-8080-exec-9] [3eea2ff5-6cd2-4345-aa9f-20c1c21a4dc4] INFO  c.w.w.config.CorrelationIdFilter - Request started: OPTIONS /api/groups from 0:0:0:0:0:0:0:1
2026-05-30 13:44:29.252 [http-nio-8080-exec-10] [768fc859-acf7-4622-a831-24aa0aaff0f1] INFO  c.w.w.config.CorrelationIdFilter - Request completed: OPTIONS /api/accounts - Status: 200 - Duration: 2ms
2026-05-30 13:44:29.252 [http-nio-8080-exec-10] [c1f6e4f2-6d40-4c5d-bf3e-e56a4f6df52e] INFO  c.w.w.config.CorrelationIdFilter - Request started: OPTIONS /api/permissions from 0:0:0:0:0:0:0:1
2026-05-30 13:44:29.255 [http-nio-8080-exec-9] [3eea2ff5-6cd2-4345-aa9f-20c1c21a4dc4] INFO  c.w.w.config.CorrelationIdFilter - Request completed: OPTIONS /api/groups - Status: 200 - Duration: 3ms
2026-05-30 13:44:29.256 [http-nio-8080-exec-10] [c1f6e4f2-6d40-4c5d-bf3e-e56a4f6df52e] INFO  c.w.w.config.CorrelationIdFilter - Request completed: OPTIONS /api/permissions - Status: 200 - Duration: 4ms
2026-05-30 13:44:29.257 [http-nio-8080-exec-9] [69202198-aeee-442d-8aea-4bc336530576] INFO  c.w.w.config.CorrelationIdFilter - Request started: OPTIONS /api/currencies from 0:0:0:0:0:0:0:1
2026-05-30 13:44:29.258 [http-nio-8080-exec-9] [69202198-aeee-442d-8aea-4bc336530576] INFO  c.w.w.config.CorrelationIdFilter - Request completed: OPTIONS /api/currencies - Status: 200 - Duration: 1ms
2026-05-30 13:44:29.261 [http-nio-8080-exec-5] [c229a579-6e62-41e8-bd05-2814ce633c9b] INFO  c.w.w.config.CorrelationIdFilter - Request started: GET /api/users from 0:0:0:0:0:0:0:1
2026-05-30 13:44:29.262 [http-nio-8080-exec-2] [633e7c6c-29ef-4780-8ad1-152f2799ef41] INFO  c.w.w.config.CorrelationIdFilter - Request started: GET /api/accounts from 0:0:0:0:0:0:0:1
2026-05-30 13:44:29.266 [http-nio-8080-exec-8] [cebf568d-d18a-4f51-8790-1be4578fc647] INFO  c.w.w.config.CorrelationIdFilter - Request started: GET /api/groups from 0:0:0:0:0:0:0:1
2026-05-30 13:44:29.266 [http-nio-8080-exec-2] [633e7c6c-29ef-4780-8ad1-152f2799ef41] DEBUG org.hibernate.SQL - 
    select
        a1_0.id,
        a1_0.account_type_id,
        a1_0.balance,
        a1_0.currency_id,
        a1_0.user_id 
    from
        accounts a1_0
2026-05-30 13:44:29.266 [http-nio-8080-exec-8] [cebf568d-d18a-4f51-8790-1be4578fc647] INFO  c.w.w.g.controller.GroupController - REST API call: GET /api/groups - Retrieving all groups
2026-05-30 13:44:29.274 [http-nio-8080-exec-8] [cebf568d-d18a-4f51-8790-1be4578fc647] INFO  c.w.w.g.s.impl.GroupServiceImpl - Fetching all groups
2026-05-30 13:44:29.274 [http-nio-8080-exec-2] [633e7c6c-29ef-4780-8ad1-152f2799ef41] DEBUG org.hibernate.SQL - 
    select
        at1_0.id,
        at1_0.type_name 
    from
        account_types at1_0 
    where
        at1_0.id=?
2026-05-30 13:44:29.274 [http-nio-8080-exec-8] [cebf568d-d18a-4f51-8790-1be4578fc647] DEBUG org.hibernate.SQL - 
    select
        g1_0.id,
        g1_0.name 
    from
        groups g1_0
2026-05-30 13:44:29.274 [http-nio-8080-exec-2] [633e7c6c-29ef-4780-8ad1-152f2799ef41] DEBUG org.hibernate.SQL - 
    select
        c1_0.id,
        c1_0.currency_code,
        c1_0.currency_name 
    from
        currencies c1_0 
    where
        c1_0.id=?
2026-05-30 13:44:29.274 [http-nio-8080-exec-8] [cebf568d-d18a-4f51-8790-1be4578fc647] DEBUG org.hibernate.SQL - 
    select
        p1_0.group_id,
        p1_1.id,
        p1_1.name 
    from
        group_permissions p1_0 
    join
        permissions p1_1 
            on p1_1.id=p1_0.permission_id 
    where
        p1_0.group_id=?
2026-05-30 13:44:29.281 [http-nio-8080-exec-2] [633e7c6c-29ef-4780-8ad1-152f2799ef41] INFO  c.w.w.config.CorrelationIdFilter - Request completed: GET /api/accounts - Status: 200 - Duration: 19ms
2026-05-30 13:44:29.282 [http-nio-8080-exec-2] [2a59f1cd-abd0-4def-8659-a84793632440] INFO  c.w.w.config.CorrelationIdFilter - Request started: GET /api/permissions from 0:0:0:0:0:0:0:1
2026-05-30 13:44:29.282 [http-nio-8080-exec-8] [cebf568d-d18a-4f51-8790-1be4578fc647] DEBUG org.hibernate.SQL - 
    select
        p1_0.group_id,
        p1_1.id,
        p1_1.name 
    from
        group_permissions p1_0 
    join
        permissions p1_1 
            on p1_1.id=p1_0.permission_id 
    where
        p1_0.group_id=?
2026-05-30 13:44:29.286 [http-nio-8080-exec-8] [cebf568d-d18a-4f51-8790-1be4578fc647] DEBUG org.hibernate.SQL - 
    select
        p1_0.group_id,
        p1_1.id,
        p1_1.name 
    from
        group_permissions p1_0 
    join
        permissions p1_1 
            on p1_1.id=p1_0.permission_id 
    where
        p1_0.group_id=?
2026-05-30 13:44:29.287 [http-nio-8080-exec-8] [cebf568d-d18a-4f51-8790-1be4578fc647] INFO  c.w.w.config.CorrelationIdFilter - Request completed: GET /api/groups - Status: 200 - Duration: 21ms
2026-05-30 13:44:29.287 [http-nio-8080-exec-2] [2a59f1cd-abd0-4def-8659-a84793632440] INFO  c.w.w.p.c.PermissionController - REST API call: GET /api/permissions - Retrieving all permissions
2026-05-30 13:44:29.287 [http-nio-8080-exec-2] [2a59f1cd-abd0-4def-8659-a84793632440] INFO  c.w.w.p.s.impl.PermissionServiceImpl - SERVICE: Starting getAllPermissions - Fetching all permissions from database
2026-05-30 13:44:29.287 [http-nio-8080-exec-2] [2a59f1cd-abd0-4def-8659-a84793632440] DEBUG org.hibernate.SQL - 
    select
        p1_0.id,
        p1_0.name 
    from
        permissions p1_0
2026-05-30 13:44:29.295 [http-nio-8080-exec-2] [2a59f1cd-abd0-4def-8659-a84793632440] INFO  c.w.w.p.s.impl.PermissionServiceImpl - SERVICE: getAllPermissions completed - Retrieved 5 permissions
2026-05-30 13:44:29.298 [http-nio-8080-exec-5] [c229a579-6e62-41e8-bd05-2814ce633c9b] INFO  c.w.w.user.controller.UserController - REST API call: GET /api/users - Retrieving all users
2026-05-30 13:44:29.300 [http-nio-8080-exec-5] [c229a579-6e62-41e8-bd05-2814ce633c9b] INFO  c.w.w.u.service.impl.UserServiceImpl - SERVICE: Starting getAllUsers - Fetching all users from database
2026-05-30 13:44:29.301 [http-nio-8080-exec-5] [c229a579-6e62-41e8-bd05-2814ce633c9b] DEBUG org.hibernate.SQL - 
    select
        u1_0.id,
        u1_0.email,
        u1_0.group_id,
        u1_0.name,
        u1_0.password 
    from
        users u1_0
2026-05-30 13:44:29.301 [http-nio-8080-exec-2] [2a59f1cd-abd0-4def-8659-a84793632440] INFO  c.w.w.config.CorrelationIdFilter - Request completed: GET /api/permissions - Status: 200 - Duration: 19ms
2026-05-30 13:44:29.303 [http-nio-8080-exec-5] [c229a579-6e62-41e8-bd05-2814ce633c9b] DEBUG org.hibernate.SQL - 
    select
        g1_0.id,
        g1_0.name 
    from
        groups g1_0 
    where
        g1_0.id=?
2026-05-30 13:44:29.304 [http-nio-8080-exec-5] [c229a579-6e62-41e8-bd05-2814ce633c9b] DEBUG org.hibernate.SQL - 
    select
        g1_0.id,
        g1_0.name 
    from
        groups g1_0 
    where
        g1_0.id=?
2026-05-30 13:44:29.305 [http-nio-8080-exec-5] [c229a579-6e62-41e8-bd05-2814ce633c9b] INFO  c.w.w.u.service.impl.UserServiceImpl - SERVICE: getAllUsers completed - Retrieved 4 users
2026-05-30 13:44:29.309 [http-nio-8080-exec-5] [c229a579-6e62-41e8-bd05-2814ce633c9b] INFO  c.w.w.config.CorrelationIdFilter - Request completed: GET /api/users - Status: 200 - Duration: 48ms
2026-05-30 13:44:29.338 [http-nio-8080-exec-1] [131fa3dc-5d24-437b-a1c7-382438190986] INFO  c.w.w.config.CorrelationIdFilter - Request started: GET /api/currencies from 0:0:0:0:0:0:0:1
2026-05-30 13:44:29.341 [http-nio-8080-exec-4] [3ff9956f-e07c-4c3f-aecd-9a0e8fe79b31] INFO  c.w.w.config.CorrelationIdFilter - Request started: GET /api/accounts from 0:0:0:0:0:0:0:1
2026-05-30 13:44:29.356 [http-nio-8080-exec-1] [131fa3dc-5d24-437b-a1c7-382438190986] DEBUG org.hibernate.SQL - 
    select
        c1_0.id,
        c1_0.currency_code,
        c1_0.currency_name 
    from
        currencies c1_0
2026-05-30 13:44:29.359 [http-nio-8080-exec-10] [82a90cdc-261c-4993-a6ea-25044a5381e0] INFO  c.w.w.config.CorrelationIdFilter - Request started: GET /api/users from 0:0:0:0:0:0:0:1
2026-05-30 13:44:29.366 [http-nio-8080-exec-1] [131fa3dc-5d24-437b-a1c7-382438190986] INFO  c.w.w.config.CorrelationIdFilter - Request completed: GET /api/currencies - Status: 200 - Duration: 28ms
2026-05-30 13:44:29.373 [http-nio-8080-exec-4] [3ff9956f-e07c-4c3f-aecd-9a0e8fe79b31] DEBUG org.hibernate.SQL - 
    select
        a1_0.id,
        a1_0.account_type_id,
        a1_0.balance,
        a1_0.currency_id,
        a1_0.user_id 
    from
        accounts a1_0
2026-05-30 13:44:29.375 [http-nio-8080-exec-10] [82a90cdc-261c-4993-a6ea-25044a5381e0] INFO  c.w.w.user.controller.UserController - REST API call: GET /api/users - Retrieving all users
2026-05-30 13:44:29.376 [http-nio-8080-exec-4] [3ff9956f-e07c-4c3f-aecd-9a0e8fe79b31] DEBUG org.hibernate.SQL - 
    select
        at1_0.id,
        at1_0.type_name 
    from
        account_types at1_0 
    where
        at1_0.id=?
2026-05-30 13:44:29.376 [http-nio-8080-exec-10] [82a90cdc-261c-4993-a6ea-25044a5381e0] INFO  c.w.w.u.service.impl.UserServiceImpl - SERVICE: Starting getAllUsers - Fetching all users from database
2026-05-30 13:44:29.378 [http-nio-8080-exec-4] [3ff9956f-e07c-4c3f-aecd-9a0e8fe79b31] DEBUG org.hibernate.SQL - 
    select
        c1_0.id,
        c1_0.currency_code,
        c1_0.currency_name 
    from
        currencies c1_0 
    where
        c1_0.id=?
2026-05-30 13:44:29.379 [http-nio-8080-exec-10] [82a90cdc-261c-4993-a6ea-25044a5381e0] DEBUG org.hibernate.SQL - 
    select
        u1_0.id,
        u1_0.email,
        u1_0.group_id,
        u1_0.name,
        u1_0.password 
    from
        users u1_0
2026-05-30 13:44:29.385 [http-nio-8080-exec-4] [3ff9956f-e07c-4c3f-aecd-9a0e8fe79b31] INFO  c.w.w.config.CorrelationIdFilter - Request completed: GET /api/accounts - Status: 200 - Duration: 44ms
2026-05-30 13:44:29.388 [http-nio-8080-exec-4] [4c459196-4837-4948-a004-a9e48098c36d] INFO  c.w.w.config.CorrelationIdFilter - Request started: GET /api/groups from 0:0:0:0:0:0:0:1
2026-05-30 13:44:29.390 [http-nio-8080-exec-10] [82a90cdc-261c-4993-a6ea-25044a5381e0] DEBUG org.hibernate.SQL - 
    select
        g1_0.id,
        g1_0.name 
    from
        groups g1_0 
    where
        g1_0.id=?
2026-05-30 13:44:29.392 [http-nio-8080-exec-10] [82a90cdc-261c-4993-a6ea-25044a5381e0] DEBUG org.hibernate.SQL - 
    select
        g1_0.id,
        g1_0.name 
    from
        groups g1_0 
    where
        g1_0.id=?
2026-05-30 13:44:29.392 [http-nio-8080-exec-4] [4c459196-4837-4948-a004-a9e48098c36d] INFO  c.w.w.g.controller.GroupController - REST API call: GET /api/groups - Retrieving all groups
2026-05-30 13:44:29.393 [http-nio-8080-exec-10] [82a90cdc-261c-4993-a6ea-25044a5381e0] INFO  c.w.w.u.service.impl.UserServiceImpl - SERVICE: getAllUsers completed - Retrieved 4 users
2026-05-30 13:44:29.393 [http-nio-8080-exec-4] [4c459196-4837-4948-a004-a9e48098c36d] INFO  c.w.w.g.s.impl.GroupServiceImpl - Fetching all groups
2026-05-30 13:44:29.393 [http-nio-8080-exec-6] [0144d4c5-652d-4678-a3da-1dc90653e889] INFO  c.w.w.config.CorrelationIdFilter - Request started: GET /api/permissions from 0:0:0:0:0:0:0:1
2026-05-30 13:44:29.394 [http-nio-8080-exec-4] [4c459196-4837-4948-a004-a9e48098c36d] DEBUG org.hibernate.SQL - 
    select
        g1_0.id,
        g1_0.name 
    from
        groups g1_0
2026-05-30 13:44:29.398 [http-nio-8080-exec-10] [82a90cdc-261c-4993-a6ea-25044a5381e0] INFO  c.w.w.config.CorrelationIdFilter - Request completed: GET /api/users - Status: 200 - Duration: 39ms
2026-05-30 13:44:29.402 [http-nio-8080-exec-4] [4c459196-4837-4948-a004-a9e48098c36d] DEBUG org.hibernate.SQL - 
    select
        p1_0.group_id,
        p1_1.id,
        p1_1.name 
    from
        group_permissions p1_0 
    join
        permissions p1_1 
            on p1_1.id=p1_0.permission_id 
    where
        p1_0.group_id=?
2026-05-30 13:44:29.405 [http-nio-8080-exec-4] [4c459196-4837-4948-a004-a9e48098c36d] DEBUG org.hibernate.SQL - 
    select
        p1_0.group_id,
        p1_1.id,
        p1_1.name 
    from
        group_permissions p1_0 
    join
        permissions p1_1 
            on p1_1.id=p1_0.permission_id 
    where
        p1_0.group_id=?
2026-05-30 13:44:29.408 [http-nio-8080-exec-6] [0144d4c5-652d-4678-a3da-1dc90653e889] INFO  c.w.w.p.c.PermissionController - REST API call: GET /api/permissions - Retrieving all permissions
2026-05-30 13:44:29.408 [http-nio-8080-exec-6] [0144d4c5-652d-4678-a3da-1dc90653e889] INFO  c.w.w.p.s.impl.PermissionServiceImpl - SERVICE: Starting getAllPermissions - Fetching all permissions from database
2026-05-30 13:44:29.411 [http-nio-8080-exec-4] [4c459196-4837-4948-a004-a9e48098c36d] DEBUG org.hibernate.SQL - 
    select
        p1_0.group_id,
        p1_1.id,
        p1_1.name 
    from
        group_permissions p1_0 
    join
        permissions p1_1 
            on p1_1.id=p1_0.permission_id 
    where
        p1_0.group_id=?
2026-05-30 13:44:29.421 [http-nio-8080-exec-6] [0144d4c5-652d-4678-a3da-1dc90653e889] DEBUG org.hibernate.SQL - 
    select
        p1_0.id,
        p1_0.name 
    from
        permissions p1_0
2026-05-30 13:44:29.424 [http-nio-8080-exec-4] [4c459196-4837-4948-a004-a9e48098c36d] INFO  c.w.w.config.CorrelationIdFilter - Request completed: GET /api/groups - Status: 200 - Duration: 36ms
2026-05-30 13:44:29.426 [http-nio-8080-exec-6] [0144d4c5-652d-4678-a3da-1dc90653e889] INFO  c.w.w.p.s.impl.PermissionServiceImpl - SERVICE: getAllPermissions completed - Retrieved 5 permissions
2026-05-30 13:44:29.440 [http-nio-8080-exec-6] [0144d4c5-652d-4678-a3da-1dc90653e889] INFO  c.w.w.config.CorrelationIdFilter - Request completed: GET /api/permissions - Status: 200 - Duration: 46ms
2026-05-30 13:44:29.442 [http-nio-8080-exec-9] [26dab490-92f5-4e90-9e53-49bab3618274] INFO  c.w.w.config.CorrelationIdFilter - Request started: GET /api/currencies from 0:0:0:0:0:0:0:1
2026-05-30 13:44:29.442 [http-nio-8080-exec-8] [dc3871b3-2ff1-40d9-b559-69a5846fe250] INFO  c.w.w.config.CorrelationIdFilter - Request started: GET /api/accounts from 0:0:0:0:0:0:0:1
2026-05-30 13:44:29.453 [http-nio-8080-exec-9] [26dab490-92f5-4e90-9e53-49bab3618274] DEBUG org.hibernate.SQL - 
    select
        c1_0.id,
        c1_0.currency_code,
        c1_0.currency_name 
    from
        currencies c1_0
2026-05-30 13:44:29.455 [http-nio-8080-exec-7] [0a532714-a47f-4ef9-bb50-1f7aa4e728f4] INFO  c.w.w.config.CorrelationIdFilter - Request started: GET /api/users from 0:0:0:0:0:0:0:1
2026-05-30 13:44:29.458 [http-nio-8080-exec-9] [26dab490-92f5-4e90-9e53-49bab3618274] INFO  c.w.w.config.CorrelationIdFilter - Request completed: GET /api/currencies - Status: 200 - Duration: 16ms
2026-05-30 13:44:29.459 [http-nio-8080-exec-8] [dc3871b3-2ff1-40d9-b559-69a5846fe250] DEBUG org.hibernate.SQL - 
    select
        a1_0.id,
        a1_0.account_type_id,
        a1_0.balance,
        a1_0.currency_id,
        a1_0.user_id 
    from
        accounts a1_0
2026-05-30 13:44:29.460 [http-nio-8080-exec-7] [0a532714-a47f-4ef9-bb50-1f7aa4e728f4] INFO  c.w.w.user.controller.UserController - REST API call: GET /api/users - Retrieving all users
2026-05-30 13:44:29.461 [http-nio-8080-exec-7] [0a532714-a47f-4ef9-bb50-1f7aa4e728f4] INFO  c.w.w.u.service.impl.UserServiceImpl - SERVICE: Starting getAllUsers - Fetching all users from database
2026-05-30 13:44:29.467 [http-nio-8080-exec-8] [dc3871b3-2ff1-40d9-b559-69a5846fe250] DEBUG org.hibernate.SQL - 
    select
        at1_0.id,
        at1_0.type_name 
    from
        account_types at1_0 
    where
        at1_0.id=?
2026-05-30 13:44:29.472 [http-nio-8080-exec-2] [719744f2-0b4a-4435-b5b2-c5b0adcab767] INFO  c.w.w.config.CorrelationIdFilter - Request started: GET /api/groups from 0:0:0:0:0:0:0:1
2026-05-30 13:44:29.473 [http-nio-8080-exec-7] [0a532714-a47f-4ef9-bb50-1f7aa4e728f4] DEBUG org.hibernate.SQL - 
    select
        u1_0.id,
        u1_0.email,
        u1_0.group_id,
        u1_0.name,
        u1_0.password 
    from
        users u1_0
2026-05-30 13:44:29.474 [http-nio-8080-exec-8] [dc3871b3-2ff1-40d9-b559-69a5846fe250] DEBUG org.hibernate.SQL - 
    select
        c1_0.id,
        c1_0.currency_code,
        c1_0.currency_name 
    from
        currencies c1_0 
    where
        c1_0.id=?
2026-05-30 13:44:29.475 [http-nio-8080-exec-7] [0a532714-a47f-4ef9-bb50-1f7aa4e728f4] DEBUG org.hibernate.SQL - 
    select
        g1_0.id,
        g1_0.name 
    from
        groups g1_0 
    where
        g1_0.id=?
2026-05-30 13:44:29.477 [http-nio-8080-exec-7] [0a532714-a47f-4ef9-bb50-1f7aa4e728f4] DEBUG org.hibernate.SQL - 
    select
        g1_0.id,
        g1_0.name 
    from
        groups g1_0 
    where
        g1_0.id=?
2026-05-30 13:44:29.478 [http-nio-8080-exec-8] [dc3871b3-2ff1-40d9-b559-69a5846fe250] INFO  c.w.w.config.CorrelationIdFilter - Request completed: GET /api/accounts - Status: 200 - Duration: 36ms
2026-05-30 13:44:29.478 [http-nio-8080-exec-7] [0a532714-a47f-4ef9-bb50-1f7aa4e728f4] INFO  c.w.w.u.service.impl.UserServiceImpl - SERVICE: getAllUsers completed - Retrieved 4 users
2026-05-30 13:44:29.484 [http-nio-8080-exec-7] [0a532714-a47f-4ef9-bb50-1f7aa4e728f4] INFO  c.w.w.config.CorrelationIdFilter - Request completed: GET /api/users - Status: 200 - Duration: 29ms
2026-05-30 13:44:29.487 [http-nio-8080-exec-2] [719744f2-0b4a-4435-b5b2-c5b0adcab767] INFO  c.w.w.g.controller.GroupController - REST API call: GET /api/groups - Retrieving all groups
2026-05-30 13:44:29.487 [http-nio-8080-exec-2] [719744f2-0b4a-4435-b5b2-c5b0adcab767] INFO  c.w.w.g.s.impl.GroupServiceImpl - Fetching all groups
2026-05-30 13:44:29.489 [http-nio-8080-exec-2] [719744f2-0b4a-4435-b5b2-c5b0adcab767] DEBUG org.hibernate.SQL - 
    select
        g1_0.id,
        g1_0.name 
    from
        groups g1_0
2026-05-30 13:44:29.489 [http-nio-8080-exec-5] [6c118f1b-5077-42c9-9edf-4741cac44733] INFO  c.w.w.config.CorrelationIdFilter - Request started: GET /api/permissions from 0:0:0:0:0:0:0:1
2026-05-30 13:44:29.491 [http-nio-8080-exec-2] [719744f2-0b4a-4435-b5b2-c5b0adcab767] DEBUG org.hibernate.SQL - 
    select
        p1_0.group_id,
        p1_1.id,
        p1_1.name 
    from
        group_permissions p1_0 
    join
        permissions p1_1 
            on p1_1.id=p1_0.permission_id 
    where
        p1_0.group_id=?
2026-05-30 13:44:29.495 [http-nio-8080-exec-5] [6c118f1b-5077-42c9-9edf-4741cac44733] INFO  c.w.w.p.c.PermissionController - REST API call: GET /api/permissions - Retrieving all permissions
2026-05-30 13:44:29.495 [http-nio-8080-exec-5] [6c118f1b-5077-42c9-9edf-4741cac44733] INFO  c.w.w.p.s.impl.PermissionServiceImpl - SERVICE: Starting getAllPermissions - Fetching all permissions from database
2026-05-30 13:44:29.499 [http-nio-8080-exec-2] [719744f2-0b4a-4435-b5b2-c5b0adcab767] DEBUG org.hibernate.SQL - 
    select
        p1_0.group_id,
        p1_1.id,
        p1_1.name 
    from
        group_permissions p1_0 
    join
        permissions p1_1 
            on p1_1.id=p1_0.permission_id 
    where
        p1_0.group_id=?
2026-05-30 13:44:29.501 [http-nio-8080-exec-2] [719744f2-0b4a-4435-b5b2-c5b0adcab767] DEBUG org.hibernate.SQL - 
    select
        p1_0.group_id,
        p1_1.id,
        p1_1.name 
    from
        group_permissions p1_0 
    join
        permissions p1_1 
            on p1_1.id=p1_0.permission_id 
    where
        p1_0.group_id=?
2026-05-30 13:44:29.501 [http-nio-8080-exec-5] [6c118f1b-5077-42c9-9edf-4741cac44733] DEBUG org.hibernate.SQL - 
    select
        p1_0.id,
        p1_0.name 
    from
        permissions p1_0
2026-05-30 13:44:29.504 [http-nio-8080-exec-5] [6c118f1b-5077-42c9-9edf-4741cac44733] INFO  c.w.w.p.s.impl.PermissionServiceImpl - SERVICE: getAllPermissions completed - Retrieved 5 permissions
2026-05-30 13:44:29.505 [http-nio-8080-exec-2] [719744f2-0b4a-4435-b5b2-c5b0adcab767] INFO  c.w.w.config.CorrelationIdFilter - Request completed: GET /api/groups - Status: 200 - Duration: 33ms
2026-05-30 13:44:29.507 [http-nio-8080-exec-5] [6c118f1b-5077-42c9-9edf-4741cac44733] INFO  c.w.w.config.CorrelationIdFilter - Request completed: GET /api/permissions - Status: 200 - Duration: 18ms
2026-05-30 13:44:29.523 [http-nio-8080-exec-1] [5f3d5866-4570-4ed4-84df-2d31c70c8d6d] INFO  c.w.w.config.CorrelationIdFilter - Request started: GET /api/currencies from 0:0:0:0:0:0:0:1
2026-05-30 13:44:29.525 [http-nio-8080-exec-3] [f08feb68-1353-4661-ae87-fe52634c9c94] INFO  c.w.w.config.CorrelationIdFilter - Request started: GET /api/users from 0:0:0:0:0:0:0:1
2026-05-30 13:44:29.537 [http-nio-8080-exec-1] [5f3d5866-4570-4ed4-84df-2d31c70c8d6d] DEBUG org.hibernate.SQL - 
    select
        c1_0.id,
        c1_0.currency_code,
        c1_0.currency_name 
    from
        currencies c1_0
2026-05-30 13:44:29.541 [http-nio-8080-exec-3] [f08feb68-1353-4661-ae87-fe52634c9c94] INFO  c.w.w.user.controller.UserController - REST API call: GET /api/users - Retrieving all users
2026-05-30 13:44:29.543 [http-nio-8080-exec-1] [5f3d5866-4570-4ed4-84df-2d31c70c8d6d] INFO  c.w.w.config.CorrelationIdFilter - Request completed: GET /api/currencies - Status: 200 - Duration: 20ms
2026-05-30 13:44:29.543 [http-nio-8080-exec-3] [f08feb68-1353-4661-ae87-fe52634c9c94] INFO  c.w.w.u.service.impl.UserServiceImpl - SERVICE: Starting getAllUsers - Fetching all users from database
2026-05-30 13:44:29.545 [http-nio-8080-exec-3] [f08feb68-1353-4661-ae87-fe52634c9c94] DEBUG org.hibernate.SQL - 
    select
        u1_0.id,
        u1_0.email,
        u1_0.group_id,
        u1_0.name,
        u1_0.password 
    from
        users u1_0
2026-05-30 13:44:29.548 [http-nio-8080-exec-3] [f08feb68-1353-4661-ae87-fe52634c9c94] DEBUG org.hibernate.SQL - 
    select
        g1_0.id,
        g1_0.name 
    from
        groups g1_0 
    where
        g1_0.id=?
2026-05-30 13:44:29.550 [http-nio-8080-exec-3] [f08feb68-1353-4661-ae87-fe52634c9c94] DEBUG org.hibernate.SQL - 
    select
        g1_0.id,
        g1_0.name 
    from
        groups g1_0 
    where
        g1_0.id=?
2026-05-30 13:44:29.552 [http-nio-8080-exec-3] [f08feb68-1353-4661-ae87-fe52634c9c94] INFO  c.w.w.u.service.impl.UserServiceImpl - SERVICE: getAllUsers completed - Retrieved 4 users
2026-05-30 13:44:29.554 [http-nio-8080-exec-3] [f08feb68-1353-4661-ae87-fe52634c9c94] INFO  c.w.w.config.CorrelationIdFilter - Request completed: GET /api/users - Status: 200 - Duration: 28ms
2026-05-30 13:44:29.581 [http-nio-8080-exec-10] [b0c042c3-407c-4d47-adeb-e61a11920eec] INFO  c.w.w.config.CorrelationIdFilter - Request started: GET /api/accounts from 0:0:0:0:0:0:0:1
2026-05-30 13:44:29.582 [http-nio-8080-exec-4] [3e9c1a71-0451-42aa-b986-d1499f23bbe9] INFO  c.w.w.config.CorrelationIdFilter - Request started: GET /api/groups from 0:0:0:0:0:0:0:1
2026-05-30 13:44:29.586 [http-nio-8080-exec-4] [3e9c1a71-0451-42aa-b986-d1499f23bbe9] INFO  c.w.w.g.controller.GroupController - REST API call: GET /api/groups - Retrieving all groups
2026-05-30 13:44:29.587 [http-nio-8080-exec-4] [3e9c1a71-0451-42aa-b986-d1499f23bbe9] INFO  c.w.w.g.s.impl.GroupServiceImpl - Fetching all groups
2026-05-30 13:44:29.590 [http-nio-8080-exec-4] [3e9c1a71-0451-42aa-b986-d1499f23bbe9] DEBUG org.hibernate.SQL - 
    select
        g1_0.id,
        g1_0.name 
    from
        groups g1_0
2026-05-30 13:44:29.593 [http-nio-8080-exec-4] [3e9c1a71-0451-42aa-b986-d1499f23bbe9] DEBUG org.hibernate.SQL - 
    select
        p1_0.group_id,
        p1_1.id,
        p1_1.name 
    from
        group_permissions p1_0 
    join
        permissions p1_1 
            on p1_1.id=p1_0.permission_id 
    where
        p1_0.group_id=?
2026-05-30 13:44:29.596 [http-nio-8080-exec-4] [3e9c1a71-0451-42aa-b986-d1499f23bbe9] DEBUG org.hibernate.SQL - 
    select
        p1_0.group_id,
        p1_1.id,
        p1_1.name 
    from
        group_permissions p1_0 
    join
        permissions p1_1 
            on p1_1.id=p1_0.permission_id 
    where
        p1_0.group_id=?
2026-05-30 13:44:29.597 [http-nio-8080-exec-4] [3e9c1a71-0451-42aa-b986-d1499f23bbe9] DEBUG org.hibernate.SQL - 
    select
        p1_0.group_id,
        p1_1.id,
        p1_1.name 
    from
        group_permissions p1_0 
    join
        permissions p1_1 
            on p1_1.id=p1_0.permission_id 
    where
        p1_0.group_id=?
2026-05-30 13:44:29.601 [http-nio-8080-exec-4] [3e9c1a71-0451-42aa-b986-d1499f23bbe9] INFO  c.w.w.config.CorrelationIdFilter - Request completed: GET /api/groups - Status: 200 - Duration: 19ms
2026-05-30 13:44:29.612 [http-nio-8080-exec-10] [b0c042c3-407c-4d47-adeb-e61a11920eec] DEBUG org.hibernate.SQL - 
    select
        a1_0.id,
        a1_0.account_type_id,
        a1_0.balance,
        a1_0.currency_id,
        a1_0.user_id 
    from
        accounts a1_0
2026-05-30 13:44:29.613 [http-nio-8080-exec-6] [fe0adad5-043a-4c0b-91be-903fbec5b28e] INFO  c.w.w.config.CorrelationIdFilter - Request started: GET /api/permissions from 0:0:0:0:0:0:0:1
2026-05-30 13:44:29.614 [http-nio-8080-exec-10] [b0c042c3-407c-4d47-adeb-e61a11920eec] DEBUG org.hibernate.SQL - 
    select
        at1_0.id,
        at1_0.type_name 
    from
        account_types at1_0 
    where
        at1_0.id=?
2026-05-30 13:44:29.616 [http-nio-8080-exec-10] [b0c042c3-407c-4d47-adeb-e61a11920eec] DEBUG org.hibernate.SQL - 
    select
        c1_0.id,
        c1_0.currency_code,
        c1_0.currency_name 
    from
        currencies c1_0 
    where
        c1_0.id=?
2026-05-30 13:44:29.619 [http-nio-8080-exec-10] [b0c042c3-407c-4d47-adeb-e61a11920eec] INFO  c.w.w.config.CorrelationIdFilter - Request completed: GET /api/accounts - Status: 200 - Duration: 38ms
2026-05-30 13:44:29.627 [http-nio-8080-exec-6] [fe0adad5-043a-4c0b-91be-903fbec5b28e] INFO  c.w.w.p.c.PermissionController - REST API call: GET /api/permissions - Retrieving all permissions
2026-05-30 13:44:29.627 [http-nio-8080-exec-6] [fe0adad5-043a-4c0b-91be-903fbec5b28e] INFO  c.w.w.p.s.impl.PermissionServiceImpl - SERVICE: Starting getAllPermissions - Fetching all permissions from database
2026-05-30 13:44:29.630 [http-nio-8080-exec-9] [adf5cb3d-2fa2-448a-bd89-167e067858d5] INFO  c.w.w.config.CorrelationIdFilter - Request started: GET /api/currencies from 0:0:0:0:0:0:0:1
2026-05-30 13:44:29.633 [http-nio-8080-exec-6] [fe0adad5-043a-4c0b-91be-903fbec5b28e] DEBUG org.hibernate.SQL - 
    select
        p1_0.id,
        p1_0.name 
    from
        permissions p1_0
2026-05-30 13:44:29.636 [http-nio-8080-exec-6] [fe0adad5-043a-4c0b-91be-903fbec5b28e] INFO  c.w.w.p.s.impl.PermissionServiceImpl - SERVICE: getAllPermissions completed - Retrieved 5 permissions
2026-05-30 13:44:29.638 [http-nio-8080-exec-6] [fe0adad5-043a-4c0b-91be-903fbec5b28e] INFO  c.w.w.config.CorrelationIdFilter - Request completed: GET /api/permissions - Status: 200 - Duration: 24ms
2026-05-30 13:44:29.655 [http-nio-8080-exec-9] [adf5cb3d-2fa2-448a-bd89-167e067858d5] DEBUG org.hibernate.SQL - 
    select
        c1_0.id,
        c1_0.currency_code,
        c1_0.currency_name 
    from
        currencies c1_0
2026-05-30 13:44:29.660 [http-nio-8080-exec-9] [adf5cb3d-2fa2-448a-bd89-167e067858d5] INFO  c.w.w.config.CorrelationIdFilter - Request completed: GET /api/currencies - Status: 200 - Duration: 30ms
2026-05-30 13:48:16.849 [http-nio-8080-exec-10] [6e0300ee-62e2-42ab-956b-c7e5e03c72c0] INFO  c.w.w.config.CorrelationIdFilter - Request started: GET /actuator/metrics from 0:0:0:0:0:0:0:1
2026-05-30 13:48:16.856 [http-nio-8080-exec-10] [6e0300ee-62e2-42ab-956b-c7e5e03c72c0] INFO  c.w.w.config.CorrelationIdFilter - Request completed: GET /actuator/metrics - Status: 403 - Duration: 7ms
2026-05-30 13:49:22.540 [http-nio-8080-exec-8] [981cf55e-cca6-4072-93a2-8ac7905eda5a] INFO  c.w.w.config.CorrelationIdFilter - Request started: GET /actuators/metrices from 0:0:0:0:0:0:0:1
2026-05-30 13:49:22.547 [http-nio-8080-exec-8] [981cf55e-cca6-4072-93a2-8ac7905eda5a] INFO  c.w.w.config.CorrelationIdFilter - Request completed: GET /actuators/metrices - Status: 403 - Duration: 7ms
2026-05-30 13:49:49.472 [http-nio-8080-exec-7] [9fa44070-d917-430f-8523-a001ba82688c] INFO  c.w.w.config.CorrelationIdFilter - Request started: GET /actuators/metrices from 0:0:0:0:0:0:0:1
2026-05-30 13:49:49.474 [http-nio-8080-exec-7] [9fa44070-d917-430f-8523-a001ba82688c] INFO  c.w.w.config.CorrelationIdFilter - Request completed: GET /actuators/metrices - Status: 403 - Duration: 1ms
2026-05-30 13:50:43.738 [http-nio-8080-exec-5] [86515419-0658-488b-9d9c-bdec76b77370] INFO  c.w.w.config.CorrelationIdFilter - Request started: GET /api/auth/login from 0:0:0:0:0:0:0:1
2026-05-30 13:50:43.748 [http-nio-8080-exec-5] [86515419-0658-488b-9d9c-bdec76b77370] INFO  c.w.w.config.CorrelationIdFilter - Request completed: GET /api/auth/login - Status: 500 - Duration: 10ms
2026-05-30 13:50:54.694 [http-nio-8080-exec-2] [4d7baa0a-69d6-4117-baee-cc0b98f60f44] INFO  c.w.w.config.CorrelationIdFilter - Request started: POST /api/auth/login from 0:0:0:0:0:0:0:1
2026-05-30 13:50:54.701 [http-nio-8080-exec-2] [4d7baa0a-69d6-4117-baee-cc0b98f60f44] INFO  c.w.w.a.service.impl.AuthServiceImpl - User login attempt: email=tyagi@gmail.com
2026-05-30 13:50:54.703 [http-nio-8080-exec-2] [4d7baa0a-69d6-4117-baee-cc0b98f60f44] DEBUG org.hibernate.SQL - 
    select
        u1_0.id,
        u1_0.email,
        u1_0.group_id,
        u1_0.name,
        u1_0.password 
    from
        users u1_0 
    where
        u1_0.email=?
2026-05-30 13:50:54.876 [http-nio-8080-exec-2] [4d7baa0a-69d6-4117-baee-cc0b98f60f44] DEBUG org.hibernate.SQL - 
    select
        g1_0.id,
        g1_0.name 
    from
        groups g1_0 
    where
        g1_0.id=?
2026-05-30 13:50:54.877 [http-nio-8080-exec-2] [4d7baa0a-69d6-4117-baee-cc0b98f60f44] DEBUG org.hibernate.SQL - 
    select
        p1_0.group_id,
        p1_1.id,
        p1_1.name 
    from
        group_permissions p1_0 
    join
        permissions p1_1 
            on p1_1.id=p1_0.permission_id 
    where
        p1_0.group_id=?
2026-05-30 13:50:54.880 [http-nio-8080-exec-2] [4d7baa0a-69d6-4117-baee-cc0b98f60f44] INFO  c.w.w.a.service.impl.AuthServiceImpl - User login successful: email=tyagi@gmail.com, userId=1
2026-05-30 13:50:54.880 [http-nio-8080-exec-2] [4d7baa0a-69d6-4117-baee-cc0b98f60f44] INFO  c.w.w.config.CorrelationIdFilter - Request completed: POST /api/auth/login - Status: 200 - Duration: 186ms
2026-05-30 13:51:54.818 [http-nio-8080-exec-4] [8aea3830-8acc-43a1-b82d-032651a9b3e0] INFO  c.w.w.config.CorrelationIdFilter - Request started: POST /actuators/metrices from 0:0:0:0:0:0:0:1
2026-05-30 13:51:54.824 [http-nio-8080-exec-4] [8aea3830-8acc-43a1-b82d-032651a9b3e0] INFO  c.w.w.config.CorrelationIdFilter - Request completed: POST /actuators/metrices - Status: 500 - Duration: 6ms
2026-05-30 13:54:01.704 [http-nio-8080-exec-9] [1dcb1595-8589-41d5-82c4-5e32e4d164ec] INFO  c.w.w.config.CorrelationIdFilter - Request started: POST /actuators/info from 0:0:0:0:0:0:0:1
2026-05-30 13:54:01.718 [http-nio-8080-exec-9] [1dcb1595-8589-41d5-82c4-5e32e4d164ec] INFO  c.w.w.config.CorrelationIdFilter - Request completed: POST /actuators/info - Status: 500 - Duration: 14ms
2026-05-30 13:54:14.051 [http-nio-8080-exec-8] [88654f8b-5e33-4ba8-8043-b2e513f4e40f] INFO  c.w.w.config.CorrelationIdFilter - Request started: GET /actuators/info from 0:0:0:0:0:0:0:1
2026-05-30 13:54:14.064 [http-nio-8080-exec-8] [88654f8b-5e33-4ba8-8043-b2e513f4e40f] INFO  c.w.w.config.CorrelationIdFilter - Request completed: GET /actuators/info - Status: 500 - Duration: 13ms
2026-05-30 13:54:36.457 [http-nio-8080-exec-5] [ba2a310f-3e73-4eee-a6bb-1228fc29cf30] INFO  c.w.w.config.CorrelationIdFilter - Request started: GET /actuator/info from 0:0:0:0:0:0:0:1
2026-05-30 13:54:36.473 [http-nio-8080-exec-5] [ba2a310f-3e73-4eee-a6bb-1228fc29cf30] INFO  c.w.w.config.CorrelationIdFilter - Request completed: GET /actuator/info - Status: 200 - Duration: 16ms
2026-05-30 13:55:29.756 [http-nio-8080-exec-2] [ab68f462-696a-4a9f-9e73-ff9f37f44fcc] INFO  c.w.w.config.CorrelationIdFilter - Request started: GET /actuator/prometheus from 0:0:0:0:0:0:0:1
2026-05-30 13:55:31.793 [http-nio-8080-exec-2] [ab68f462-696a-4a9f-9e73-ff9f37f44fcc] INFO  c.w.w.config.CorrelationIdFilter - Request completed: GET /actuator/prometheus - Status: 200 - Duration: 2037ms
2026-05-30 13:56:30.373 [http-nio-8080-exec-3] [d2065099-57a6-4c90-8644-d8df794889ac] INFO  c.w.w.config.CorrelationIdFilter - Request started: GET /actuator/metrics from 0:0:0:0:0:0:0:1
2026-05-30 13:56:30.396 [http-nio-8080-exec-3] [d2065099-57a6-4c90-8644-d8df794889ac] INFO  c.w.w.config.CorrelationIdFilter - Request completed: GET /actuator/metrics - Status: 200 - Duration: 23ms
2026-05-30 13:57:58.728 [http-nio-8080-exec-9] [680bc32d-c823-4e46-bbe6-30d82fbaf279] INFO  c.w.w.config.CorrelationIdFilter - Request started: GET /actuator/loggers from 0:0:0:0:0:0:0:1
2026-05-30 13:57:58.782 [http-nio-8080-exec-9] [680bc32d-c823-4e46-bbe6-30d82fbaf279] INFO  c.w.w.config.CorrelationIdFilter - Request completed: GET /actuator/loggers - Status: 200 - Duration: 54ms
2026-05-30 14:04:07.298 [http-nio-8080-exec-5] [bbf4e89f-9718-43c1-af6e-17199db85340] INFO  c.w.w.config.CorrelationIdFilter - Request started: GET /actuator/env from 0:0:0:0:0:0:0:1
2026-05-30 14:04:07.340 [http-nio-8080-exec-5] [bbf4e89f-9718-43c1-af6e-17199db85340] INFO  c.w.w.config.CorrelationIdFilter - Request completed: GET /actuator/env - Status: 200 - Duration: 42ms
2026-05-30 17:27:05.810 [main] [] INFO  c.w.w.WalletManagementSystemApplication - Starting WalletManagementSystemApplication using Java 21.0.11 with PID 11824 (C:\Users\Dell\wallet-management-systems\wallet-management-system\build\classes\java\main started by Dell in C:\Users\Dell\wallet-management-systems\wallet-management-system)
2026-05-30 17:27:05.812 [main] [] DEBUG c.w.w.WalletManagementSystemApplication - Running with Spring Boot v3.5.14, Spring v6.2.18
2026-05-30 17:27:05.814 [main] [] INFO  c.w.w.WalletManagementSystemApplication - No active profile set, falling back to 1 default profile: "default"
2026-05-30 17:27:07.821 [main] [] INFO  o.s.d.r.c.RepositoryConfigurationDelegate - Bootstrapping Spring Data JPA repositories in DEFAULT mode.
2026-05-30 17:27:08.032 [main] [] INFO  o.s.d.r.c.RepositoryConfigurationDelegate - Finished Spring Data repository scanning in 191 ms. Found 6 JPA repository interfaces.
2026-05-30 17:27:09.047 [main] [] INFO  o.s.b.w.e.tomcat.TomcatWebServer - Tomcat initialized with port 8080 (http)
2026-05-30 17:27:09.083 [main] [] INFO  o.a.catalina.core.StandardService - Starting service [Tomcat]
2026-05-30 17:27:09.086 [main] [] INFO  o.a.catalina.core.StandardEngine - Starting Servlet engine: [Apache Tomcat/10.1.54]
2026-05-30 17:27:09.254 [main] [] INFO  o.a.c.c.C.[Tomcat].[localhost].[/] - Initializing Spring embedded WebApplicationContext
2026-05-30 17:27:09.255 [main] [] INFO  o.s.b.w.s.c.ServletWebServerApplicationContext - Root WebApplicationContext: initialization completed in 3353 ms
2026-05-30 17:27:09.565 [main] [] DEBUG c.w.w.s.JwtAuthenticationFilter - Filter 'jwtAuthenticationFilter' configured for use
2026-05-30 17:27:09.826 [main] [] INFO  o.h.jpa.internal.util.LogHelper - HHH000204: Processing PersistenceUnitInfo [name: default]
2026-05-30 17:27:09.989 [main] [] INFO  org.hibernate.Version - HHH000412: Hibernate ORM core version 6.6.49.Final
2026-05-30 17:27:10.119 [main] [] INFO  o.h.c.i.RegionFactoryInitiator - HHH000026: Second-level cache disabled
2026-05-30 17:27:10.884 [main] [] INFO  o.s.o.j.p.SpringPersistenceUnitInfo - No LoadTimeWeaver setup: ignoring JPA class transformer
2026-05-30 17:27:10.937 [main] [] INFO  com.zaxxer.hikari.HikariDataSource - HikariPool-1 - Starting...
2026-05-30 17:27:11.229 [main] [] INFO  com.zaxxer.hikari.pool.HikariPool - HikariPool-1 - Added connection org.postgresql.jdbc.PgConnection@5f82209e
2026-05-30 17:27:11.230 [main] [] INFO  com.zaxxer.hikari.HikariDataSource - HikariPool-1 - Start completed.
2026-05-30 17:27:11.347 [main] [] WARN  org.hibernate.orm.deprecation - HHH90000025: PostgreSQLDialect does not need to be specified explicitly using 'hibernate.dialect' (remove the property setting and it will be selected by default)
2026-05-30 17:27:11.395 [main] [] INFO  o.hibernate.orm.connections.pooling - HHH10001005: Database info:
	Database JDBC URL [Connecting through datasource 'HikariDataSource (HikariPool-1)']
	Database driver: undefined/unknown
	Database version: 17.10
	Autocommit mode: undefined/unknown
	Isolation level: undefined/unknown
	Minimum pool size: undefined/unknown
	Maximum pool size: undefined/unknown
2026-05-30 17:27:13.259 [main] [] INFO  o.h.e.t.j.p.i.JtaPlatformInitiator - HHH000489: No JTA platform available (set 'hibernate.transaction.jta.platform' to enable JTA platform integration)
2026-05-30 17:27:13.526 [main] [] INFO  o.s.o.j.LocalContainerEntityManagerFactoryBean - Initialized JPA EntityManagerFactory for persistence unit 'default'
2026-05-30 17:27:14.543 [main] [] WARN  o.s.b.a.o.j.JpaBaseConfiguration$JpaWebConfiguration - spring.jpa.open-in-view is enabled by default. Therefore, database queries may be performed during view rendering. Explicitly configure spring.jpa.open-in-view to disable this warning
2026-05-30 17:27:15.107 [main] [] INFO  o.s.b.a.e.web.EndpointLinksResolver - Exposing 6 endpoints beneath base path '/actuator'
2026-05-30 17:27:15.190 [main] [] INFO  o.s.s.c.a.a.c.InitializeAuthenticationProviderBeanManagerConfigurer$InitializeAuthenticationProviderManagerConfigurer - Global AuthenticationManager configured with AuthenticationProvider bean with name authenticationProvider
2026-05-30 17:27:15.193 [main] [] WARN  o.s.s.c.a.a.c.InitializeUserDetailsBeanManagerConfigurer$InitializeUserDetailsManagerConfigurer - Global AuthenticationManager configured with an AuthenticationProvider bean. UserDetailsService beans will not be used by Spring Security for automatically configuring username/password login. Consider removing the AuthenticationProvider bean. Alternatively, consider using the UserDetailsService in a manually instantiated DaoAuthenticationProvider. If the current configuration is intentional, to turn off this warning, increase the logging level of 'org.springframework.security.config.annotation.authentication.configuration.InitializeUserDetailsBeanManagerConfigurer' to ERROR
2026-05-30 17:27:15.932 [main] [] INFO  o.s.b.w.e.tomcat.TomcatWebServer - Tomcat started on port 8080 (http) with context path '/'
2026-05-30 17:27:15.964 [main] [] INFO  c.w.w.WalletManagementSystemApplication - Started WalletManagementSystemApplication in 11.135 seconds (process running for 12.252)
2026-05-30 17:27:16.631 [main] [] DEBUG org.hibernate.SQL - 
    select
        count(*) 
    from
        currencies c1_0
2026-05-30 17:27:16.686 [main] [] DEBUG org.hibernate.SQL - 
    select
        count(*) 
    from
        account_types at1_0
2026-05-30 17:27:16.698 [main] [] DEBUG org.hibernate.SQL - 
    select
        count(*) 
    from
        permissions p1_0
2026-05-30 17:27:16.706 [main] [] DEBUG org.hibernate.SQL - 
    select
        count(*) 
    from
        groups g1_0
2026-05-30 17:30:42.681 [http-nio-8080-exec-1] [] INFO  o.a.c.c.C.[Tomcat].[localhost].[/] - Initializing Spring DispatcherServlet 'dispatcherServlet'
2026-05-30 17:30:42.681 [http-nio-8080-exec-1] [] INFO  o.s.web.servlet.DispatcherServlet - Initializing Servlet 'dispatcherServlet'
2026-05-30 17:30:42.698 [http-nio-8080-exec-1] [] INFO  o.s.web.servlet.DispatcherServlet - Completed initialization in 17 ms
2026-05-30 17:30:42.698 [http-nio-8080-exec-1] [d2093143-b341-4f4b-86d4-23221406aba1] INFO  c.w.w.config.CorrelationIdFilter - Request started: OPTIONS /api/auth/login from 0:0:0:0:0:0:0:1
2026-05-30 17:30:42.881 [http-nio-8080-exec-1] [d2093143-b341-4f4b-86d4-23221406aba1] INFO  c.w.w.config.CorrelationIdFilter - Request completed: OPTIONS /api/auth/login - Status: 200 - Duration: 183ms
2026-05-30 17:30:42.889 [http-nio-8080-exec-2] [d1450367-1fd7-4283-8018-ccfe09ac7793] INFO  c.w.w.config.CorrelationIdFilter - Request started: POST /api/auth/login from 0:0:0:0:0:0:0:1
2026-05-30 17:30:43.512 [http-nio-8080-exec-2] [d1450367-1fd7-4283-8018-ccfe09ac7793] INFO  c.w.w.a.service.impl.AuthServiceImpl - User login attempt: email=tyagi@gmail.com
2026-05-30 17:30:43.613 [http-nio-8080-exec-2] [d1450367-1fd7-4283-8018-ccfe09ac7793] DEBUG org.hibernate.SQL - 
    select
        u1_0.id,
        u1_0.email,
        u1_0.group_id,
        u1_0.name,
        u1_0.password 
    from
        users u1_0 
    where
        u1_0.email=?
2026-05-30 17:30:43.912 [http-nio-8080-exec-2] [d1450367-1fd7-4283-8018-ccfe09ac7793] DEBUG org.hibernate.SQL - 
    select
        g1_0.id,
        g1_0.name 
    from
        groups g1_0 
    where
        g1_0.id=?
2026-05-30 17:30:43.964 [http-nio-8080-exec-2] [d1450367-1fd7-4283-8018-ccfe09ac7793] DEBUG org.hibernate.SQL - 
    select
        p1_0.group_id,
        p1_1.id,
        p1_1.name 
    from
        group_permissions p1_0 
    join
        permissions p1_1 
            on p1_1.id=p1_0.permission_id 
    where
        p1_0.group_id=?
2026-05-30 17:30:44.045 [http-nio-8080-exec-2] [d1450367-1fd7-4283-8018-ccfe09ac7793] INFO  c.w.w.a.service.impl.AuthServiceImpl - User login successful: email=tyagi@gmail.com, userId=1
2026-05-30 17:30:44.180 [http-nio-8080-exec-2] [d1450367-1fd7-4283-8018-ccfe09ac7793] INFO  c.w.w.config.CorrelationIdFilter - Request completed: POST /api/auth/login - Status: 200 - Duration: 1291ms
2026-05-30 17:30:44.893 [http-nio-8080-exec-3] [9bef413c-3236-4147-b751-5d8f073e2218] INFO  c.w.w.config.CorrelationIdFilter - Request started: OPTIONS /api/users from 0:0:0:0:0:0:0:1
2026-05-30 17:30:44.913 [http-nio-8080-exec-3] [9bef413c-3236-4147-b751-5d8f073e2218] INFO  c.w.w.config.CorrelationIdFilter - Request completed: OPTIONS /api/users - Status: 200 - Duration: 20ms
2026-05-30 17:30:44.916 [http-nio-8080-exec-4] [ee5775ab-a23d-463c-aed0-164971cb3b6b] INFO  c.w.w.config.CorrelationIdFilter - Request started: OPTIONS /api/accounts from 0:0:0:0:0:0:0:1
2026-05-30 17:30:44.926 [http-nio-8080-exec-4] [ee5775ab-a23d-463c-aed0-164971cb3b6b] INFO  c.w.w.config.CorrelationIdFilter - Request completed: OPTIONS /api/accounts - Status: 200 - Duration: 7ms
2026-05-30 17:30:44.929 [http-nio-8080-exec-4] [db0976f9-0f21-4ebd-b8f4-5fbb0be8fef9] INFO  c.w.w.config.CorrelationIdFilter - Request started: OPTIONS /api/permissions from 0:0:0:0:0:0:0:1
2026-05-30 17:30:44.929 [http-nio-8080-exec-5] [ef20c7e7-5e9b-48da-810e-e9ac671baeb5] INFO  c.w.w.config.CorrelationIdFilter - Request started: OPTIONS /api/currencies from 0:0:0:0:0:0:0:1
2026-05-30 17:30:44.934 [http-nio-8080-exec-6] [837a0638-23a7-4be0-b165-e17fac0c2acf] INFO  c.w.w.config.CorrelationIdFilter - Request started: OPTIONS /api/users from 0:0:0:0:0:0:0:1
2026-05-30 17:30:44.937 [http-nio-8080-exec-6] [837a0638-23a7-4be0-b165-e17fac0c2acf] INFO  c.w.w.config.CorrelationIdFilter - Request completed: OPTIONS /api/users - Status: 200 - Duration: 3ms
2026-05-30 17:30:44.940 [http-nio-8080-exec-4] [db0976f9-0f21-4ebd-b8f4-5fbb0be8fef9] INFO  c.w.w.config.CorrelationIdFilter - Request completed: OPTIONS /api/permissions - Status: 200 - Duration: 11ms
2026-05-30 17:30:44.941 [http-nio-8080-exec-7] [e0ebc0f8-01b5-424e-8d01-6b28f1c04837] INFO  c.w.w.config.CorrelationIdFilter - Request started: OPTIONS /api/accounts from 0:0:0:0:0:0:0:1
2026-05-30 17:30:44.941 [http-nio-8080-exec-4] [e8ee0f1f-7de6-4ad5-bc5d-ed9bda807806] INFO  c.w.w.config.CorrelationIdFilter - Request started: OPTIONS /api/groups from 0:0:0:0:0:0:0:1
2026-05-30 17:30:44.944 [http-nio-8080-exec-6] [fb4932fe-a2b6-49f0-8ccd-89af543439f7] INFO  c.w.w.config.CorrelationIdFilter - Request started: OPTIONS /api/permissions from 0:0:0:0:0:0:0:1
2026-05-30 17:30:44.945 [http-nio-8080-exec-7] [e0ebc0f8-01b5-424e-8d01-6b28f1c04837] INFO  c.w.w.config.CorrelationIdFilter - Request completed: OPTIONS /api/accounts - Status: 200 - Duration: 4ms
2026-05-30 17:30:44.947 [http-nio-8080-exec-6] [fb4932fe-a2b6-49f0-8ccd-89af543439f7] INFO  c.w.w.config.CorrelationIdFilter - Request completed: OPTIONS /api/permissions - Status: 200 - Duration: 3ms
2026-05-30 17:30:44.948 [http-nio-8080-exec-7] [c0e9c716-049c-494e-9d09-1d1d046b26c8] INFO  c.w.w.config.CorrelationIdFilter - Request started: OPTIONS /api/currencies from 0:0:0:0:0:0:0:1
2026-05-30 17:30:44.950 [http-nio-8080-exec-6] [905ace8e-2df0-4d90-9df5-5a202b25b302] INFO  c.w.w.config.CorrelationIdFilter - Request started: OPTIONS /api/users from 0:0:0:0:0:0:0:1
2026-05-30 17:30:44.953 [http-nio-8080-exec-7] [c0e9c716-049c-494e-9d09-1d1d046b26c8] INFO  c.w.w.config.CorrelationIdFilter - Request completed: OPTIONS /api/currencies - Status: 200 - Duration: 5ms
2026-05-30 17:30:44.953 [http-nio-8080-exec-5] [ef20c7e7-5e9b-48da-810e-e9ac671baeb5] INFO  c.w.w.config.CorrelationIdFilter - Request completed: OPTIONS /api/currencies - Status: 200 - Duration: 24ms
2026-05-30 17:30:44.955 [http-nio-8080-exec-5] [0a73d8be-cb3b-4dc5-a894-02dfd9971e33] INFO  c.w.w.config.CorrelationIdFilter - Request started: OPTIONS /api/accounts from 0:0:0:0:0:0:0:1
2026-05-30 17:30:44.957 [http-nio-8080-exec-7] [6c8a376e-8741-495c-9ef2-d5af55d5347b] INFO  c.w.w.config.CorrelationIdFilter - Request started: OPTIONS /api/groups from 0:0:0:0:0:0:0:1
2026-05-30 17:30:44.958 [http-nio-8080-exec-5] [0a73d8be-cb3b-4dc5-a894-02dfd9971e33] INFO  c.w.w.config.CorrelationIdFilter - Request completed: OPTIONS /api/accounts - Status: 200 - Duration: 1ms
2026-05-30 17:30:44.958 [http-nio-8080-exec-3] [f5712fda-59f2-4f79-b8e3-444020910989] INFO  c.w.w.config.CorrelationIdFilter - Request started: OPTIONS /api/groups from 0:0:0:0:0:0:0:1
2026-05-30 17:30:44.963 [http-nio-8080-exec-5] [4efccf0b-9d34-41bc-ae34-1ba8db41ef29] INFO  c.w.w.config.CorrelationIdFilter - Request started: OPTIONS /api/permissions from 0:0:0:0:0:0:0:1
2026-05-30 17:30:44.964 [http-nio-8080-exec-3] [f5712fda-59f2-4f79-b8e3-444020910989] INFO  c.w.w.config.CorrelationIdFilter - Request completed: OPTIONS /api/groups - Status: 200 - Duration: 1ms
2026-05-30 17:30:44.945 [http-nio-8080-exec-4] [e8ee0f1f-7de6-4ad5-bc5d-ed9bda807806] INFO  c.w.w.config.CorrelationIdFilter - Request completed: OPTIONS /api/groups - Status: 200 - Duration: 3ms
2026-05-30 17:30:44.969 [http-nio-8080-exec-3] [8c715222-4466-4202-be92-dd975757eecc] INFO  c.w.w.config.CorrelationIdFilter - Request started: OPTIONS /api/accounts from 0:0:0:0:0:0:0:1
2026-05-30 17:30:44.972 [http-nio-8080-exec-9] [005ff78f-6988-4dcd-aa73-023437ac607a] INFO  c.w.w.config.CorrelationIdFilter - Request started: OPTIONS /api/groups from 0:0:0:0:0:0:0:1
2026-05-30 17:30:44.976 [http-nio-8080-exec-9] [005ff78f-6988-4dcd-aa73-023437ac607a] INFO  c.w.w.config.CorrelationIdFilter - Request completed: OPTIONS /api/groups - Status: 200 - Duration: 3ms
2026-05-30 17:30:44.979 [http-nio-8080-exec-3] [8c715222-4466-4202-be92-dd975757eecc] INFO  c.w.w.config.CorrelationIdFilter - Request completed: OPTIONS /api/accounts - Status: 200 - Duration: 5ms
2026-05-30 17:30:44.987 [http-nio-8080-exec-5] [4efccf0b-9d34-41bc-ae34-1ba8db41ef29] INFO  c.w.w.config.CorrelationIdFilter - Request completed: OPTIONS /api/permissions - Status: 200 - Duration: 24ms
2026-05-30 17:30:44.992 [http-nio-8080-exec-3] [cae6ad4a-7a27-4df4-89ad-a06b1f863e39] INFO  c.w.w.config.CorrelationIdFilter - Request started: OPTIONS /api/currencies from 0:0:0:0:0:0:0:1
2026-05-30 17:30:44.953 [http-nio-8080-exec-6] [905ace8e-2df0-4d90-9df5-5a202b25b302] INFO  c.w.w.config.CorrelationIdFilter - Request completed: OPTIONS /api/users - Status: 200 - Duration: 3ms
2026-05-30 17:30:44.996 [http-nio-8080-exec-9] [6d4244f0-3f29-4556-b073-b1a3bc3cc04f] INFO  c.w.w.config.CorrelationIdFilter - Request started: OPTIONS /api/permissions from 0:0:0:0:0:0:0:1
2026-05-30 17:30:45.008 [http-nio-8080-exec-9] [6d4244f0-3f29-4556-b073-b1a3bc3cc04f] INFO  c.w.w.config.CorrelationIdFilter - Request completed: OPTIONS /api/permissions - Status: 200 - Duration: 6ms
2026-05-30 17:30:44.958 [http-nio-8080-exec-7] [6c8a376e-8741-495c-9ef2-d5af55d5347b] INFO  c.w.w.config.CorrelationIdFilter - Request completed: OPTIONS /api/groups - Status: 200 - Duration: 1ms
2026-05-30 17:30:45.001 [http-nio-8080-exec-3] [cae6ad4a-7a27-4df4-89ad-a06b1f863e39] INFO  c.w.w.config.CorrelationIdFilter - Request completed: OPTIONS /api/currencies - Status: 200 - Duration: 8ms
2026-05-30 17:30:44.964 [http-nio-8080-exec-8] [18505341-7546-40d8-885f-311911a17c12] INFO  c.w.w.config.CorrelationIdFilter - Request started: OPTIONS /api/currencies from 0:0:0:0:0:0:0:1
2026-05-30 17:30:45.024 [http-nio-8080-exec-8] [18505341-7546-40d8-885f-311911a17c12] INFO  c.w.w.config.CorrelationIdFilter - Request completed: OPTIONS /api/currencies - Status: 200 - Duration: 4ms
2026-05-30 17:30:45.030 [http-nio-8080-exec-6] [ee692503-6e8f-45c2-86fb-aad3ba0bbee1] INFO  c.w.w.config.CorrelationIdFilter - Request started: GET /api/users from 0:0:0:0:0:0:0:1
2026-05-30 17:30:45.031 [http-nio-8080-exec-10] [cb6ac50f-63dc-4980-82bf-5c08a3ee524a] INFO  c.w.w.config.CorrelationIdFilter - Request started: GET /api/accounts from 0:0:0:0:0:0:0:1
2026-05-30 17:30:45.033 [http-nio-8080-exec-9] [8e24afb7-66e8-4b9f-8b97-b0d440015b48] INFO  c.w.w.config.CorrelationIdFilter - Request started: GET /api/permissions from 0:0:0:0:0:0:0:1
2026-05-30 17:30:45.035 [http-nio-8080-exec-5] [56fe8760-69d4-48cc-9720-e64ab00871b7] INFO  c.w.w.config.CorrelationIdFilter - Request started: GET /api/currencies from 0:0:0:0:0:0:0:1
2026-05-30 17:30:45.044 [http-nio-8080-exec-1] [350ec63d-5e8c-44e0-9bed-643772387038] INFO  c.w.w.config.CorrelationIdFilter - Request started: GET /api/groups from 0:0:0:0:0:0:0:1
2026-05-30 17:30:45.055 [http-nio-8080-exec-1] [350ec63d-5e8c-44e0-9bed-643772387038] INFO  c.w.w.g.controller.GroupController - REST API call: GET /api/groups - Retrieving all groups
2026-05-30 17:30:45.058 [http-nio-8080-exec-1] [350ec63d-5e8c-44e0-9bed-643772387038] INFO  c.w.w.g.s.impl.GroupServiceImpl - Fetching all groups
2026-05-30 17:30:45.062 [http-nio-8080-exec-1] [350ec63d-5e8c-44e0-9bed-643772387038] DEBUG org.hibernate.SQL - 
    select
        g1_0.id,
        g1_0.name 
    from
        groups g1_0
2026-05-30 17:30:45.070 [http-nio-8080-exec-1] [350ec63d-5e8c-44e0-9bed-643772387038] DEBUG org.hibernate.SQL - 
    select
        p1_0.group_id,
        p1_1.id,
        p1_1.name 
    from
        group_permissions p1_0 
    join
        permissions p1_1 
            on p1_1.id=p1_0.permission_id 
    where
        p1_0.group_id=?
2026-05-30 17:30:45.074 [http-nio-8080-exec-1] [350ec63d-5e8c-44e0-9bed-643772387038] DEBUG org.hibernate.SQL - 
    select
        p1_0.group_id,
        p1_1.id,
        p1_1.name 
    from
        group_permissions p1_0 
    join
        permissions p1_1 
            on p1_1.id=p1_0.permission_id 
    where
        p1_0.group_id=?
2026-05-30 17:30:45.080 [http-nio-8080-exec-1] [350ec63d-5e8c-44e0-9bed-643772387038] DEBUG org.hibernate.SQL - 
    select
        p1_0.group_id,
        p1_1.id,
        p1_1.name 
    from
        group_permissions p1_0 
    join
        permissions p1_1 
            on p1_1.id=p1_0.permission_id 
    where
        p1_0.group_id=?
2026-05-30 17:30:45.093 [http-nio-8080-exec-5] [56fe8760-69d4-48cc-9720-e64ab00871b7] DEBUG org.hibernate.SQL - 
    select
        c1_0.id,
        c1_0.currency_code,
        c1_0.currency_name 
    from
        currencies c1_0
2026-05-30 17:30:45.097 [http-nio-8080-exec-9] [8e24afb7-66e8-4b9f-8b97-b0d440015b48] INFO  c.w.w.p.c.PermissionController - REST API call: GET /api/permissions - Retrieving all permissions
2026-05-30 17:30:45.143 [http-nio-8080-exec-9] [8e24afb7-66e8-4b9f-8b97-b0d440015b48] INFO  c.w.w.p.s.impl.PermissionServiceImpl - SERVICE: Starting getAllPermissions - Fetching all permissions from database
2026-05-30 17:30:45.097 [http-nio-8080-exec-1] [350ec63d-5e8c-44e0-9bed-643772387038] INFO  c.w.w.config.CorrelationIdFilter - Request completed: GET /api/groups - Status: 200 - Duration: 53ms
2026-05-30 17:30:45.152 [http-nio-8080-exec-9] [8e24afb7-66e8-4b9f-8b97-b0d440015b48] DEBUG org.hibernate.SQL - 
    select
        p1_0.id,
        p1_0.name 
    from
        permissions p1_0
2026-05-30 17:30:45.097 [http-nio-8080-exec-10] [cb6ac50f-63dc-4980-82bf-5c08a3ee524a] DEBUG org.hibernate.SQL - 
    select
        a1_0.id,
        a1_0.account_type_id,
        a1_0.balance,
        a1_0.currency_id,
        a1_0.user_id 
    from
        accounts a1_0
2026-05-30 17:30:45.097 [http-nio-8080-exec-6] [ee692503-6e8f-45c2-86fb-aad3ba0bbee1] INFO  c.w.w.user.controller.UserController - REST API call: GET /api/users - Retrieving all users
2026-05-30 17:30:45.169 [http-nio-8080-exec-6] [ee692503-6e8f-45c2-86fb-aad3ba0bbee1] INFO  c.w.w.u.service.impl.UserServiceImpl - SERVICE: Starting getAllUsers - Fetching all users from database
2026-05-30 17:30:45.169 [http-nio-8080-exec-1] [9ba02822-72bd-4f06-8cd0-92c58e11658e] INFO  c.w.w.config.CorrelationIdFilter - Request started: GET /api/groups from 0:0:0:0:0:0:0:1
2026-05-30 17:30:45.174 [http-nio-8080-exec-10] [cb6ac50f-63dc-4980-82bf-5c08a3ee524a] DEBUG org.hibernate.SQL - 
    select
        at1_0.id,
        at1_0.type_name 
    from
        account_types at1_0 
    where
        at1_0.id=?
2026-05-30 17:30:45.175 [http-nio-8080-exec-9] [8e24afb7-66e8-4b9f-8b97-b0d440015b48] INFO  c.w.w.p.s.impl.PermissionServiceImpl - SERVICE: getAllPermissions completed - Retrieved 5 permissions
2026-05-30 17:30:45.180 [http-nio-8080-exec-10] [cb6ac50f-63dc-4980-82bf-5c08a3ee524a] DEBUG org.hibernate.SQL - 
    select
        c1_0.id,
        c1_0.currency_code,
        c1_0.currency_name 
    from
        currencies c1_0 
    where
        c1_0.id=?
2026-05-30 17:30:45.182 [http-nio-8080-exec-6] [ee692503-6e8f-45c2-86fb-aad3ba0bbee1] DEBUG org.hibernate.SQL - 
    select
        u1_0.id,
        u1_0.email,
        u1_0.group_id,
        u1_0.name,
        u1_0.password 
    from
        users u1_0
2026-05-30 17:30:45.197 [http-nio-8080-exec-6] [ee692503-6e8f-45c2-86fb-aad3ba0bbee1] DEBUG org.hibernate.SQL - 
    select
        g1_0.id,
        g1_0.name 
    from
        groups g1_0 
    where
        g1_0.id=?
2026-05-30 17:30:45.203 [http-nio-8080-exec-6] [ee692503-6e8f-45c2-86fb-aad3ba0bbee1] DEBUG org.hibernate.SQL - 
    select
        g1_0.id,
        g1_0.name 
    from
        groups g1_0 
    where
        g1_0.id=?
2026-05-30 17:30:45.205 [http-nio-8080-exec-10] [cb6ac50f-63dc-4980-82bf-5c08a3ee524a] INFO  c.w.w.config.CorrelationIdFilter - Request completed: GET /api/accounts - Status: 200 - Duration: 174ms
2026-05-30 17:30:45.206 [http-nio-8080-exec-6] [ee692503-6e8f-45c2-86fb-aad3ba0bbee1] INFO  c.w.w.u.service.impl.UserServiceImpl - SERVICE: getAllUsers completed - Retrieved 2 users
2026-05-30 17:30:45.215 [http-nio-8080-exec-6] [ee692503-6e8f-45c2-86fb-aad3ba0bbee1] INFO  c.w.w.config.CorrelationIdFilter - Request completed: GET /api/users - Status: 200 - Duration: 185ms
2026-05-30 17:30:45.220 [http-nio-8080-exec-1] [9ba02822-72bd-4f06-8cd0-92c58e11658e] INFO  c.w.w.g.controller.GroupController - REST API call: GET /api/groups - Retrieving all groups
2026-05-30 17:30:45.222 [http-nio-8080-exec-1] [9ba02822-72bd-4f06-8cd0-92c58e11658e] INFO  c.w.w.g.s.impl.GroupServiceImpl - Fetching all groups
2026-05-30 17:30:45.227 [http-nio-8080-exec-1] [9ba02822-72bd-4f06-8cd0-92c58e11658e] DEBUG org.hibernate.SQL - 
    select
        g1_0.id,
        g1_0.name 
    from
        groups g1_0
2026-05-30 17:30:45.229 [http-nio-8080-exec-9] [8e24afb7-66e8-4b9f-8b97-b0d440015b48] INFO  c.w.w.config.CorrelationIdFilter - Request completed: GET /api/permissions - Status: 200 - Duration: 196ms
2026-05-30 17:30:45.233 [http-nio-8080-exec-1] [9ba02822-72bd-4f06-8cd0-92c58e11658e] DEBUG org.hibernate.SQL - 
    select
        p1_0.group_id,
        p1_1.id,
        p1_1.name 
    from
        group_permissions p1_0 
    join
        permissions p1_1 
            on p1_1.id=p1_0.permission_id 
    where
        p1_0.group_id=?
2026-05-30 17:30:45.237 [http-nio-8080-exec-1] [9ba02822-72bd-4f06-8cd0-92c58e11658e] DEBUG org.hibernate.SQL - 
    select
        p1_0.group_id,
        p1_1.id,
        p1_1.name 
    from
        group_permissions p1_0 
    join
        permissions p1_1 
            on p1_1.id=p1_0.permission_id 
    where
        p1_0.group_id=?
2026-05-30 17:30:45.239 [http-nio-8080-exec-1] [9ba02822-72bd-4f06-8cd0-92c58e11658e] DEBUG org.hibernate.SQL - 
    select
        p1_0.group_id,
        p1_1.id,
        p1_1.name 
    from
        group_permissions p1_0 
    join
        permissions p1_1 
            on p1_1.id=p1_0.permission_id 
    where
        p1_0.group_id=?
2026-05-30 17:30:45.250 [http-nio-8080-exec-1] [9ba02822-72bd-4f06-8cd0-92c58e11658e] INFO  c.w.w.config.CorrelationIdFilter - Request completed: GET /api/groups - Status: 200 - Duration: 80ms
2026-05-30 17:30:45.254 [http-nio-8080-exec-3] [19571172-efff-4b2f-a7bb-55046cc68664] INFO  c.w.w.config.CorrelationIdFilter - Request started: GET /api/accounts from 0:0:0:0:0:0:0:1
2026-05-30 17:30:45.263 [http-nio-8080-exec-5] [56fe8760-69d4-48cc-9720-e64ab00871b7] INFO  c.w.w.config.CorrelationIdFilter - Request completed: GET /api/currencies - Status: 200 - Duration: 227ms
2026-05-30 17:30:45.262 [http-nio-8080-exec-2] [b5404a88-8d3c-4a8c-93ba-dc8f83988cdb] INFO  c.w.w.config.CorrelationIdFilter - Request started: GET /api/users from 0:0:0:0:0:0:0:1
2026-05-30 17:30:45.274 [http-nio-8080-exec-4] [b31cb073-26b6-4fa0-b9d0-57f49b48f79a] INFO  c.w.w.config.CorrelationIdFilter - Request started: GET /api/permissions from 0:0:0:0:0:0:0:1
2026-05-30 17:30:45.284 [http-nio-8080-exec-3] [19571172-efff-4b2f-a7bb-55046cc68664] DEBUG org.hibernate.SQL - 
    select
        a1_0.id,
        a1_0.account_type_id,
        a1_0.balance,
        a1_0.currency_id,
        a1_0.user_id 
    from
        accounts a1_0
2026-05-30 17:30:45.287 [http-nio-8080-exec-2] [b5404a88-8d3c-4a8c-93ba-dc8f83988cdb] INFO  c.w.w.user.controller.UserController - REST API call: GET /api/users - Retrieving all users
2026-05-30 17:30:45.288 [http-nio-8080-exec-2] [b5404a88-8d3c-4a8c-93ba-dc8f83988cdb] INFO  c.w.w.u.service.impl.UserServiceImpl - SERVICE: Starting getAllUsers - Fetching all users from database
2026-05-30 17:30:45.295 [http-nio-8080-exec-3] [19571172-efff-4b2f-a7bb-55046cc68664] DEBUG org.hibernate.SQL - 
    select
        at1_0.id,
        at1_0.type_name 
    from
        account_types at1_0 
    where
        at1_0.id=?
2026-05-30 17:30:45.297 [http-nio-8080-exec-3] [19571172-efff-4b2f-a7bb-55046cc68664] DEBUG org.hibernate.SQL - 
    select
        c1_0.id,
        c1_0.currency_code,
        c1_0.currency_name 
    from
        currencies c1_0 
    where
        c1_0.id=?
2026-05-30 17:30:45.297 [http-nio-8080-exec-4] [b31cb073-26b6-4fa0-b9d0-57f49b48f79a] INFO  c.w.w.p.c.PermissionController - REST API call: GET /api/permissions - Retrieving all permissions
2026-05-30 17:30:45.295 [http-nio-8080-exec-2] [b5404a88-8d3c-4a8c-93ba-dc8f83988cdb] DEBUG org.hibernate.SQL - 
    select
        u1_0.id,
        u1_0.email,
        u1_0.group_id,
        u1_0.name,
        u1_0.password 
    from
        users u1_0
2026-05-30 17:30:45.301 [http-nio-8080-exec-4] [b31cb073-26b6-4fa0-b9d0-57f49b48f79a] INFO  c.w.w.p.s.impl.PermissionServiceImpl - SERVICE: Starting getAllPermissions - Fetching all permissions from database
2026-05-30 17:30:45.303 [http-nio-8080-exec-3] [19571172-efff-4b2f-a7bb-55046cc68664] INFO  c.w.w.config.CorrelationIdFilter - Request completed: GET /api/accounts - Status: 200 - Duration: 42ms
2026-05-30 17:30:45.311 [http-nio-8080-exec-2] [b5404a88-8d3c-4a8c-93ba-dc8f83988cdb] DEBUG org.hibernate.SQL - 
    select
        g1_0.id,
        g1_0.name 
    from
        groups g1_0 
    where
        g1_0.id=?
2026-05-30 17:30:45.313 [http-nio-8080-exec-4] [b31cb073-26b6-4fa0-b9d0-57f49b48f79a] DEBUG org.hibernate.SQL - 
    select
        p1_0.id,
        p1_0.name 
    from
        permissions p1_0
2026-05-30 17:30:45.318 [http-nio-8080-exec-2] [b5404a88-8d3c-4a8c-93ba-dc8f83988cdb] DEBUG org.hibernate.SQL - 
    select
        g1_0.id,
        g1_0.name 
    from
        groups g1_0 
    where
        g1_0.id=?
2026-05-30 17:30:45.320 [http-nio-8080-exec-2] [b5404a88-8d3c-4a8c-93ba-dc8f83988cdb] INFO  c.w.w.u.service.impl.UserServiceImpl - SERVICE: getAllUsers completed - Retrieved 2 users
2026-05-30 17:30:45.320 [http-nio-8080-exec-4] [b31cb073-26b6-4fa0-b9d0-57f49b48f79a] INFO  c.w.w.p.s.impl.PermissionServiceImpl - SERVICE: getAllPermissions completed - Retrieved 5 permissions
2026-05-30 17:30:45.321 [http-nio-8080-exec-8] [846a767c-21b3-41b8-988c-8aeb2c63c6c6] INFO  c.w.w.config.CorrelationIdFilter - Request started: GET /api/groups from 0:0:0:0:0:0:0:1
2026-05-30 17:30:45.325 [http-nio-8080-exec-4] [b31cb073-26b6-4fa0-b9d0-57f49b48f79a] INFO  c.w.w.config.CorrelationIdFilter - Request completed: GET /api/permissions - Status: 200 - Duration: 50ms
2026-05-30 17:30:45.326 [http-nio-8080-exec-2] [b5404a88-8d3c-4a8c-93ba-dc8f83988cdb] INFO  c.w.w.config.CorrelationIdFilter - Request completed: GET /api/users - Status: 200 - Duration: 61ms
2026-05-30 17:30:45.330 [http-nio-8080-exec-7] [712afdb8-3080-4d61-b710-90f5b94dfc00] INFO  c.w.w.config.CorrelationIdFilter - Request started: GET /api/currencies from 0:0:0:0:0:0:0:1
2026-05-30 17:30:45.333 [http-nio-8080-exec-10] [690f9361-6429-4654-86e6-7ced7a704294] INFO  c.w.w.config.CorrelationIdFilter - Request started: GET /api/accounts from 0:0:0:0:0:0:0:1
2026-05-30 17:30:45.334 [http-nio-8080-exec-6] [d10db13c-88a5-4f1a-9879-c052727a3def] INFO  c.w.w.config.CorrelationIdFilter - Request started: GET /api/users from 0:0:0:0:0:0:0:1
2026-05-30 17:30:45.353 [http-nio-8080-exec-9] [0db2e77e-8ebd-4168-b66b-55a7fdd604b6] INFO  c.w.w.config.CorrelationIdFilter - Request started: GET /api/permissions from 0:0:0:0:0:0:0:1
2026-05-30 17:30:45.361 [http-nio-8080-exec-9] [0db2e77e-8ebd-4168-b66b-55a7fdd604b6] INFO  c.w.w.p.c.PermissionController - REST API call: GET /api/permissions - Retrieving all permissions
2026-05-30 17:30:45.361 [http-nio-8080-exec-10] [690f9361-6429-4654-86e6-7ced7a704294] DEBUG org.hibernate.SQL - 
    select
        a1_0.id,
        a1_0.account_type_id,
        a1_0.balance,
        a1_0.currency_id,
        a1_0.user_id 
    from
        accounts a1_0
2026-05-30 17:30:45.363 [http-nio-8080-exec-9] [0db2e77e-8ebd-4168-b66b-55a7fdd604b6] INFO  c.w.w.p.s.impl.PermissionServiceImpl - SERVICE: Starting getAllPermissions - Fetching all permissions from database
2026-05-30 17:30:45.363 [http-nio-8080-exec-10] [690f9361-6429-4654-86e6-7ced7a704294] DEBUG org.hibernate.SQL - 
    select
        at1_0.id,
        at1_0.type_name 
    from
        account_types at1_0 
    where
        at1_0.id=?
2026-05-30 17:30:45.365 [http-nio-8080-exec-10] [690f9361-6429-4654-86e6-7ced7a704294] DEBUG org.hibernate.SQL - 
    select
        c1_0.id,
        c1_0.currency_code,
        c1_0.currency_name 
    from
        currencies c1_0 
    where
        c1_0.id=?
2026-05-30 17:30:45.368 [http-nio-8080-exec-8] [846a767c-21b3-41b8-988c-8aeb2c63c6c6] INFO  c.w.w.g.controller.GroupController - REST API call: GET /api/groups - Retrieving all groups
2026-05-30 17:30:45.369 [http-nio-8080-exec-8] [846a767c-21b3-41b8-988c-8aeb2c63c6c6] INFO  c.w.w.g.s.impl.GroupServiceImpl - Fetching all groups
2026-05-30 17:30:45.369 [http-nio-8080-exec-10] [690f9361-6429-4654-86e6-7ced7a704294] INFO  c.w.w.config.CorrelationIdFilter - Request completed: GET /api/accounts - Status: 200 - Duration: 36ms
2026-05-30 17:30:45.370 [http-nio-8080-exec-8] [846a767c-21b3-41b8-988c-8aeb2c63c6c6] DEBUG org.hibernate.SQL - 
    select
        g1_0.id,
        g1_0.name 
    from
        groups g1_0
2026-05-30 17:30:45.376 [http-nio-8080-exec-6] [d10db13c-88a5-4f1a-9879-c052727a3def] INFO  c.w.w.user.controller.UserController - REST API call: GET /api/users - Retrieving all users
2026-05-30 17:30:45.377 [http-nio-8080-exec-6] [d10db13c-88a5-4f1a-9879-c052727a3def] INFO  c.w.w.u.service.impl.UserServiceImpl - SERVICE: Starting getAllUsers - Fetching all users from database
2026-05-30 17:30:45.377 [http-nio-8080-exec-7] [712afdb8-3080-4d61-b710-90f5b94dfc00] DEBUG org.hibernate.SQL - 
    select
        c1_0.id,
        c1_0.currency_code,
        c1_0.currency_name 
    from
        currencies c1_0
2026-05-30 17:30:45.378 [http-nio-8080-exec-6] [d10db13c-88a5-4f1a-9879-c052727a3def] DEBUG org.hibernate.SQL - 
    select
        u1_0.id,
        u1_0.email,
        u1_0.group_id,
        u1_0.name,
        u1_0.password 
    from
        users u1_0
2026-05-30 17:30:45.377 [http-nio-8080-exec-8] [846a767c-21b3-41b8-988c-8aeb2c63c6c6] DEBUG org.hibernate.SQL - 
    select
        p1_0.group_id,
        p1_1.id,
        p1_1.name 
    from
        group_permissions p1_0 
    join
        permissions p1_1 
            on p1_1.id=p1_0.permission_id 
    where
        p1_0.group_id=?
2026-05-30 17:30:45.365 [http-nio-8080-exec-9] [0db2e77e-8ebd-4168-b66b-55a7fdd604b6] DEBUG org.hibernate.SQL - 
    select
        p1_0.id,
        p1_0.name 
    from
        permissions p1_0
2026-05-30 17:30:45.383 [http-nio-8080-exec-6] [d10db13c-88a5-4f1a-9879-c052727a3def] DEBUG org.hibernate.SQL - 
    select
        g1_0.id,
        g1_0.name 
    from
        groups g1_0 
    where
        g1_0.id=?
2026-05-30 17:30:45.385 [http-nio-8080-exec-7] [712afdb8-3080-4d61-b710-90f5b94dfc00] INFO  c.w.w.config.CorrelationIdFilter - Request completed: GET /api/currencies - Status: 200 - Duration: 52ms
2026-05-30 17:30:45.385 [http-nio-8080-exec-6] [d10db13c-88a5-4f1a-9879-c052727a3def] DEBUG org.hibernate.SQL - 
    select
        g1_0.id,
        g1_0.name 
    from
        groups g1_0 
    where
        g1_0.id=?
2026-05-30 17:30:45.387 [http-nio-8080-exec-6] [d10db13c-88a5-4f1a-9879-c052727a3def] INFO  c.w.w.u.service.impl.UserServiceImpl - SERVICE: getAllUsers completed - Retrieved 2 users
2026-05-30 17:30:45.392 [http-nio-8080-exec-8] [846a767c-21b3-41b8-988c-8aeb2c63c6c6] DEBUG org.hibernate.SQL - 
    select
        p1_0.group_id,
        p1_1.id,
        p1_1.name 
    from
        group_permissions p1_0 
    join
        permissions p1_1 
            on p1_1.id=p1_0.permission_id 
    where
        p1_0.group_id=?
2026-05-30 17:30:45.393 [http-nio-8080-exec-6] [d10db13c-88a5-4f1a-9879-c052727a3def] INFO  c.w.w.config.CorrelationIdFilter - Request completed: GET /api/users - Status: 200 - Duration: 59ms
2026-05-30 17:30:45.394 [http-nio-8080-exec-8] [846a767c-21b3-41b8-988c-8aeb2c63c6c6] DEBUG org.hibernate.SQL - 
    select
        p1_0.group_id,
        p1_1.id,
        p1_1.name 
    from
        group_permissions p1_0 
    join
        permissions p1_1 
            on p1_1.id=p1_0.permission_id 
    where
        p1_0.group_id=?
2026-05-30 17:30:45.397 [http-nio-8080-exec-9] [0db2e77e-8ebd-4168-b66b-55a7fdd604b6] INFO  c.w.w.p.s.impl.PermissionServiceImpl - SERVICE: getAllPermissions completed - Retrieved 5 permissions
2026-05-30 17:30:45.399 [http-nio-8080-exec-8] [846a767c-21b3-41b8-988c-8aeb2c63c6c6] INFO  c.w.w.config.CorrelationIdFilter - Request completed: GET /api/groups - Status: 200 - Duration: 72ms
2026-05-30 17:30:45.403 [http-nio-8080-exec-9] [0db2e77e-8ebd-4168-b66b-55a7fdd604b6] INFO  c.w.w.config.CorrelationIdFilter - Request completed: GET /api/permissions - Status: 200 - Duration: 50ms
2026-05-30 17:30:45.410 [http-nio-8080-exec-1] [61f5233b-d823-42ac-b13d-b46aa26fc915] INFO  c.w.w.config.CorrelationIdFilter - Request started: GET /api/accounts from 0:0:0:0:0:0:0:1
2026-05-30 17:30:45.411 [http-nio-8080-exec-5] [6e2f5224-a752-4655-ad61-ea2387ae7f8e] INFO  c.w.w.config.CorrelationIdFilter - Request started: GET /api/currencies from 0:0:0:0:0:0:0:1
2026-05-30 17:30:45.417 [http-nio-8080-exec-3] [055d1f71-591b-41f8-be45-8431f21aa570] INFO  c.w.w.config.CorrelationIdFilter - Request started: GET /api/users from 0:0:0:0:0:0:0:1
2026-05-30 17:30:45.420 [http-nio-8080-exec-1] [61f5233b-d823-42ac-b13d-b46aa26fc915] DEBUG org.hibernate.SQL - 
    select
        a1_0.id,
        a1_0.account_type_id,
        a1_0.balance,
        a1_0.currency_id,
        a1_0.user_id 
    from
        accounts a1_0
2026-05-30 17:30:45.426 [http-nio-8080-exec-1] [61f5233b-d823-42ac-b13d-b46aa26fc915] DEBUG org.hibernate.SQL - 
    select
        at1_0.id,
        at1_0.type_name 
    from
        account_types at1_0 
    where
        at1_0.id=?
2026-05-30 17:30:45.427 [http-nio-8080-exec-1] [61f5233b-d823-42ac-b13d-b46aa26fc915] DEBUG org.hibernate.SQL - 
    select
        c1_0.id,
        c1_0.currency_code,
        c1_0.currency_name 
    from
        currencies c1_0 
    where
        c1_0.id=?
2026-05-30 17:30:45.430 [http-nio-8080-exec-3] [055d1f71-591b-41f8-be45-8431f21aa570] INFO  c.w.w.user.controller.UserController - REST API call: GET /api/users - Retrieving all users
2026-05-30 17:30:45.431 [http-nio-8080-exec-3] [055d1f71-591b-41f8-be45-8431f21aa570] INFO  c.w.w.u.service.impl.UserServiceImpl - SERVICE: Starting getAllUsers - Fetching all users from database
2026-05-30 17:30:45.431 [http-nio-8080-exec-1] [61f5233b-d823-42ac-b13d-b46aa26fc915] INFO  c.w.w.config.CorrelationIdFilter - Request completed: GET /api/accounts - Status: 200 - Duration: 21ms
2026-05-30 17:30:45.434 [http-nio-8080-exec-5] [6e2f5224-a752-4655-ad61-ea2387ae7f8e] DEBUG org.hibernate.SQL - 
    select
        c1_0.id,
        c1_0.currency_code,
        c1_0.currency_name 
    from
        currencies c1_0
2026-05-30 17:30:45.436 [http-nio-8080-exec-3] [055d1f71-591b-41f8-be45-8431f21aa570] DEBUG org.hibernate.SQL - 
    select
        u1_0.id,
        u1_0.email,
        u1_0.group_id,
        u1_0.name,
        u1_0.password 
    from
        users u1_0
2026-05-30 17:30:45.442 [http-nio-8080-exec-5] [6e2f5224-a752-4655-ad61-ea2387ae7f8e] INFO  c.w.w.config.CorrelationIdFilter - Request completed: GET /api/currencies - Status: 200 - Duration: 30ms
2026-05-30 17:30:45.444 [http-nio-8080-exec-3] [055d1f71-591b-41f8-be45-8431f21aa570] DEBUG org.hibernate.SQL - 
    select
        g1_0.id,
        g1_0.name 
    from
        groups g1_0 
    where
        g1_0.id=?
2026-05-30 17:30:45.446 [http-nio-8080-exec-2] [ee023d55-63ce-484c-a77a-c0627e066db1] INFO  c.w.w.config.CorrelationIdFilter - Request started: GET /api/groups from 0:0:0:0:0:0:0:1
2026-05-30 17:30:45.449 [http-nio-8080-exec-3] [055d1f71-591b-41f8-be45-8431f21aa570] DEBUG org.hibernate.SQL - 
    select
        g1_0.id,
        g1_0.name 
    from
        groups g1_0 
    where
        g1_0.id=?
2026-05-30 17:30:45.451 [http-nio-8080-exec-3] [055d1f71-591b-41f8-be45-8431f21aa570] INFO  c.w.w.u.service.impl.UserServiceImpl - SERVICE: getAllUsers completed - Retrieved 2 users
2026-05-30 17:30:45.454 [http-nio-8080-exec-3] [055d1f71-591b-41f8-be45-8431f21aa570] INFO  c.w.w.config.CorrelationIdFilter - Request completed: GET /api/users - Status: 200 - Duration: 37ms
2026-05-30 17:30:45.461 [http-nio-8080-exec-2] [ee023d55-63ce-484c-a77a-c0627e066db1] INFO  c.w.w.g.controller.GroupController - REST API call: GET /api/groups - Retrieving all groups
2026-05-30 17:30:45.461 [http-nio-8080-exec-2] [ee023d55-63ce-484c-a77a-c0627e066db1] INFO  c.w.w.g.s.impl.GroupServiceImpl - Fetching all groups
2026-05-30 17:30:45.465 [http-nio-8080-exec-2] [ee023d55-63ce-484c-a77a-c0627e066db1] DEBUG org.hibernate.SQL - 
    select
        g1_0.id,
        g1_0.name 
    from
        groups g1_0
2026-05-30 17:30:45.474 [http-nio-8080-exec-2] [ee023d55-63ce-484c-a77a-c0627e066db1] DEBUG org.hibernate.SQL - 
    select
        p1_0.group_id,
        p1_1.id,
        p1_1.name 
    from
        group_permissions p1_0 
    join
        permissions p1_1 
            on p1_1.id=p1_0.permission_id 
    where
        p1_0.group_id=?
2026-05-30 17:30:45.477 [http-nio-8080-exec-2] [ee023d55-63ce-484c-a77a-c0627e066db1] DEBUG org.hibernate.SQL - 
    select
        p1_0.group_id,
        p1_1.id,
        p1_1.name 
    from
        group_permissions p1_0 
    join
        permissions p1_1 
            on p1_1.id=p1_0.permission_id 
    where
        p1_0.group_id=?
2026-05-30 17:30:45.480 [http-nio-8080-exec-4] [7eb15167-d667-4806-a42a-fab9bd9fd9bc] INFO  c.w.w.config.CorrelationIdFilter - Request started: GET /api/permissions from 0:0:0:0:0:0:0:1
2026-05-30 17:30:45.481 [http-nio-8080-exec-2] [ee023d55-63ce-484c-a77a-c0627e066db1] DEBUG org.hibernate.SQL - 
    select
        p1_0.group_id,
        p1_1.id,
        p1_1.name 
    from
        group_permissions p1_0 
    join
        permissions p1_1 
            on p1_1.id=p1_0.permission_id 
    where
        p1_0.group_id=?
2026-05-30 17:30:45.481 [http-nio-8080-exec-10] [2563617e-038c-4cc9-a909-adc842a1b029] INFO  c.w.w.config.CorrelationIdFilter - Request started: GET /api/currencies from 0:0:0:0:0:0:0:1
2026-05-30 17:30:45.487 [http-nio-8080-exec-2] [ee023d55-63ce-484c-a77a-c0627e066db1] INFO  c.w.w.config.CorrelationIdFilter - Request completed: GET /api/groups - Status: 200 - Duration: 41ms
2026-05-30 17:30:45.502 [http-nio-8080-exec-4] [7eb15167-d667-4806-a42a-fab9bd9fd9bc] INFO  c.w.w.p.c.PermissionController - REST API call: GET /api/permissions - Retrieving all permissions
2026-05-30 17:30:45.502 [http-nio-8080-exec-4] [7eb15167-d667-4806-a42a-fab9bd9fd9bc] INFO  c.w.w.p.s.impl.PermissionServiceImpl - SERVICE: Starting getAllPermissions - Fetching all permissions from database
2026-05-30 17:30:45.502 [http-nio-8080-exec-10] [2563617e-038c-4cc9-a909-adc842a1b029] DEBUG org.hibernate.SQL - 
    select
        c1_0.id,
        c1_0.currency_code,
        c1_0.currency_name 
    from
        currencies c1_0
2026-05-30 17:30:45.505 [http-nio-8080-exec-4] [7eb15167-d667-4806-a42a-fab9bd9fd9bc] DEBUG org.hibernate.SQL - 
    select
        p1_0.id,
        p1_0.name 
    from
        permissions p1_0
2026-05-30 17:30:45.511 [http-nio-8080-exec-4] [7eb15167-d667-4806-a42a-fab9bd9fd9bc] INFO  c.w.w.p.s.impl.PermissionServiceImpl - SERVICE: getAllPermissions completed - Retrieved 5 permissions
2026-05-30 17:30:45.512 [http-nio-8080-exec-10] [2563617e-038c-4cc9-a909-adc842a1b029] INFO  c.w.w.config.CorrelationIdFilter - Request completed: GET /api/currencies - Status: 200 - Duration: 29ms
2026-05-30 17:30:45.514 [http-nio-8080-exec-4] [7eb15167-d667-4806-a42a-fab9bd9fd9bc] INFO  c.w.w.config.CorrelationIdFilter - Request completed: GET /api/permissions - Status: 200 - Duration: 33ms
2026-05-30 17:30:49.250 [http-nio-8080-exec-7] [9c6b8480-ff1b-46b9-a11c-cc072c6157ea] INFO  c.w.w.config.CorrelationIdFilter - Request started: GET /api/users from 0:0:0:0:0:0:0:1
2026-05-30 17:30:49.263 [http-nio-8080-exec-7] [9c6b8480-ff1b-46b9-a11c-cc072c6157ea] INFO  c.w.w.user.controller.UserController - REST API call: GET /api/users - Retrieving all users
2026-05-30 17:30:49.265 [http-nio-8080-exec-7] [9c6b8480-ff1b-46b9-a11c-cc072c6157ea] INFO  c.w.w.u.service.impl.UserServiceImpl - SERVICE: Starting getAllUsers - Fetching all users from database
2026-05-30 17:30:49.266 [http-nio-8080-exec-7] [9c6b8480-ff1b-46b9-a11c-cc072c6157ea] DEBUG org.hibernate.SQL - 
    select
        u1_0.id,
        u1_0.email,
        u1_0.group_id,
        u1_0.name,
        u1_0.password 
    from
        users u1_0
2026-05-30 17:30:49.269 [http-nio-8080-exec-7] [9c6b8480-ff1b-46b9-a11c-cc072c6157ea] DEBUG org.hibernate.SQL - 
    select
        g1_0.id,
        g1_0.name 
    from
        groups g1_0 
    where
        g1_0.id=?
2026-05-30 17:30:49.272 [http-nio-8080-exec-7] [9c6b8480-ff1b-46b9-a11c-cc072c6157ea] DEBUG org.hibernate.SQL - 
    select
        g1_0.id,
        g1_0.name 
    from
        groups g1_0 
    where
        g1_0.id=?
2026-05-30 17:30:49.275 [http-nio-8080-exec-7] [9c6b8480-ff1b-46b9-a11c-cc072c6157ea] INFO  c.w.w.u.service.impl.UserServiceImpl - SERVICE: getAllUsers completed - Retrieved 2 users
2026-05-30 17:30:49.280 [http-nio-8080-exec-7] [9c6b8480-ff1b-46b9-a11c-cc072c6157ea] INFO  c.w.w.config.CorrelationIdFilter - Request completed: GET /api/users - Status: 200 - Duration: 30ms
2026-05-30 17:30:49.284 [http-nio-8080-exec-6] [07d67703-01f7-4d5b-80e6-f4f0bd25ceea] INFO  c.w.w.config.CorrelationIdFilter - Request started: GET /api/users from 0:0:0:0:0:0:0:1
2026-05-30 17:30:49.307 [http-nio-8080-exec-6] [07d67703-01f7-4d5b-80e6-f4f0bd25ceea] INFO  c.w.w.user.controller.UserController - REST API call: GET /api/users - Retrieving all users
2026-05-30 17:30:49.310 [http-nio-8080-exec-6] [07d67703-01f7-4d5b-80e6-f4f0bd25ceea] INFO  c.w.w.u.service.impl.UserServiceImpl - SERVICE: Starting getAllUsers - Fetching all users from database
2026-05-30 17:30:49.314 [http-nio-8080-exec-6] [07d67703-01f7-4d5b-80e6-f4f0bd25ceea] DEBUG org.hibernate.SQL - 
    select
        u1_0.id,
        u1_0.email,
        u1_0.group_id,
        u1_0.name,
        u1_0.password 
    from
        users u1_0
2026-05-30 17:30:49.316 [http-nio-8080-exec-6] [07d67703-01f7-4d5b-80e6-f4f0bd25ceea] DEBUG org.hibernate.SQL - 
    select
        g1_0.id,
        g1_0.name 
    from
        groups g1_0 
    where
        g1_0.id=?
2026-05-30 17:30:49.320 [http-nio-8080-exec-6] [07d67703-01f7-4d5b-80e6-f4f0bd25ceea] DEBUG org.hibernate.SQL - 
    select
        g1_0.id,
        g1_0.name 
    from
        groups g1_0 
    where
        g1_0.id=?
2026-05-30 17:30:49.322 [http-nio-8080-exec-6] [07d67703-01f7-4d5b-80e6-f4f0bd25ceea] INFO  c.w.w.u.service.impl.UserServiceImpl - SERVICE: getAllUsers completed - Retrieved 2 users
2026-05-30 17:30:49.325 [http-nio-8080-exec-6] [07d67703-01f7-4d5b-80e6-f4f0bd25ceea] INFO  c.w.w.config.CorrelationIdFilter - Request completed: GET /api/users - Status: 200 - Duration: 38ms
2026-05-30 17:30:49.326 [http-nio-8080-exec-6] [94dae17d-8160-4563-847a-dab9467e70cd] INFO  c.w.w.config.CorrelationIdFilter - Request started: GET /api/users from 0:0:0:0:0:0:0:1
2026-05-30 17:30:49.332 [http-nio-8080-exec-6] [94dae17d-8160-4563-847a-dab9467e70cd] INFO  c.w.w.user.controller.UserController - REST API call: GET /api/users - Retrieving all users
2026-05-30 17:30:49.335 [http-nio-8080-exec-6] [94dae17d-8160-4563-847a-dab9467e70cd] INFO  c.w.w.u.service.impl.UserServiceImpl - SERVICE: Starting getAllUsers - Fetching all users from database
2026-05-30 17:30:49.339 [http-nio-8080-exec-6] [94dae17d-8160-4563-847a-dab9467e70cd] DEBUG org.hibernate.SQL - 
    select
        u1_0.id,
        u1_0.email,
        u1_0.group_id,
        u1_0.name,
        u1_0.password 
    from
        users u1_0
2026-05-30 17:30:49.343 [http-nio-8080-exec-6] [94dae17d-8160-4563-847a-dab9467e70cd] DEBUG org.hibernate.SQL - 
    select
        g1_0.id,
        g1_0.name 
    from
        groups g1_0 
    where
        g1_0.id=?
2026-05-30 17:30:49.346 [http-nio-8080-exec-6] [94dae17d-8160-4563-847a-dab9467e70cd] DEBUG org.hibernate.SQL - 
    select
        g1_0.id,
        g1_0.name 
    from
        groups g1_0 
    where
        g1_0.id=?
2026-05-30 17:30:49.347 [http-nio-8080-exec-6] [94dae17d-8160-4563-847a-dab9467e70cd] INFO  c.w.w.u.service.impl.UserServiceImpl - SERVICE: getAllUsers completed - Retrieved 2 users
2026-05-30 17:30:49.354 [http-nio-8080-exec-6] [94dae17d-8160-4563-847a-dab9467e70cd] INFO  c.w.w.config.CorrelationIdFilter - Request completed: GET /api/users - Status: 200 - Duration: 28ms
2026-05-30 17:30:49.411 [http-nio-8080-exec-9] [dd255577-c532-4378-8c28-625561e8f84f] INFO  c.w.w.config.CorrelationIdFilter - Request started: GET /api/users from 0:0:0:0:0:0:0:1
2026-05-30 17:30:49.421 [http-nio-8080-exec-9] [dd255577-c532-4378-8c28-625561e8f84f] INFO  c.w.w.user.controller.UserController - REST API call: GET /api/users - Retrieving all users
2026-05-30 17:30:49.423 [http-nio-8080-exec-9] [dd255577-c532-4378-8c28-625561e8f84f] INFO  c.w.w.u.service.impl.UserServiceImpl - SERVICE: Starting getAllUsers - Fetching all users from database
2026-05-30 17:30:49.425 [http-nio-8080-exec-9] [dd255577-c532-4378-8c28-625561e8f84f] DEBUG org.hibernate.SQL - 
    select
        u1_0.id,
        u1_0.email,
        u1_0.group_id,
        u1_0.name,
        u1_0.password 
    from
        users u1_0
2026-05-30 17:30:49.428 [http-nio-8080-exec-9] [dd255577-c532-4378-8c28-625561e8f84f] DEBUG org.hibernate.SQL - 
    select
        g1_0.id,
        g1_0.name 
    from
        groups g1_0 
    where
        g1_0.id=?
2026-05-30 17:30:49.430 [http-nio-8080-exec-9] [dd255577-c532-4378-8c28-625561e8f84f] DEBUG org.hibernate.SQL - 
    select
        g1_0.id,
        g1_0.name 
    from
        groups g1_0 
    where
        g1_0.id=?
2026-05-30 17:30:49.431 [http-nio-8080-exec-9] [dd255577-c532-4378-8c28-625561e8f84f] INFO  c.w.w.u.service.impl.UserServiceImpl - SERVICE: getAllUsers completed - Retrieved 2 users
2026-05-30 17:30:49.434 [http-nio-8080-exec-9] [dd255577-c532-4378-8c28-625561e8f84f] INFO  c.w.w.config.CorrelationIdFilter - Request completed: GET /api/users - Status: 200 - Duration: 23ms
2026-05-30 17:31:16.737 [http-nio-8080-exec-1] [0c8ef613-04db-4ccf-942e-b70890c501bd] INFO  c.w.w.config.CorrelationIdFilter - Request started: OPTIONS /api/groups from 0:0:0:0:0:0:0:1
2026-05-30 17:31:16.746 [http-nio-8080-exec-5] [fded8965-bc13-4581-9cd3-cee9798fd462] INFO  c.w.w.config.CorrelationIdFilter - Request started: OPTIONS /api/permissions from 0:0:0:0:0:0:0:1
2026-05-30 17:31:16.749 [http-nio-8080-exec-1] [0c8ef613-04db-4ccf-942e-b70890c501bd] INFO  c.w.w.config.CorrelationIdFilter - Request completed: OPTIONS /api/groups - Status: 200 - Duration: 7ms
2026-05-30 17:31:16.754 [http-nio-8080-exec-5] [fded8965-bc13-4581-9cd3-cee9798fd462] INFO  c.w.w.config.CorrelationIdFilter - Request completed: OPTIONS /api/permissions - Status: 200 - Duration: 7ms
2026-05-30 17:31:16.759 [http-nio-8080-exec-1] [41f6691d-1ec9-4b5b-bad6-1e72b298a0c2] INFO  c.w.w.config.CorrelationIdFilter - Request started: OPTIONS /api/groups from 0:0:0:0:0:0:0:1
2026-05-30 17:31:16.761 [http-nio-8080-exec-1] [41f6691d-1ec9-4b5b-bad6-1e72b298a0c2] INFO  c.w.w.config.CorrelationIdFilter - Request completed: OPTIONS /api/groups - Status: 200 - Duration: 2ms
2026-05-30 17:31:16.772 [http-nio-8080-exec-2] [6544bf70-332e-41e8-b847-7c9727385c1e] INFO  c.w.w.config.CorrelationIdFilter - Request started: GET /api/groups from 0:0:0:0:0:0:0:1
2026-05-30 17:31:16.776 [http-nio-8080-exec-10] [d4944243-c752-4206-a561-2a45e83cd104] INFO  c.w.w.config.CorrelationIdFilter - Request started: GET /api/permissions from 0:0:0:0:0:0:0:1
2026-05-30 17:31:16.795 [http-nio-8080-exec-10] [d4944243-c752-4206-a561-2a45e83cd104] INFO  c.w.w.p.c.PermissionController - REST API call: GET /api/permissions - Retrieving all permissions
2026-05-30 17:31:16.797 [http-nio-8080-exec-10] [d4944243-c752-4206-a561-2a45e83cd104] INFO  c.w.w.p.s.impl.PermissionServiceImpl - SERVICE: Starting getAllPermissions - Fetching all permissions from database
2026-05-30 17:31:16.797 [http-nio-8080-exec-2] [6544bf70-332e-41e8-b847-7c9727385c1e] INFO  c.w.w.g.controller.GroupController - REST API call: GET /api/groups - Retrieving all groups
2026-05-30 17:31:16.798 [http-nio-8080-exec-2] [6544bf70-332e-41e8-b847-7c9727385c1e] INFO  c.w.w.g.s.impl.GroupServiceImpl - Fetching all groups
2026-05-30 17:31:16.800 [http-nio-8080-exec-2] [6544bf70-332e-41e8-b847-7c9727385c1e] DEBUG org.hibernate.SQL - 
    select
        g1_0.id,
        g1_0.name 
    from
        groups g1_0
2026-05-30 17:31:16.809 [http-nio-8080-exec-2] [6544bf70-332e-41e8-b847-7c9727385c1e] DEBUG org.hibernate.SQL - 
    select
        p1_0.group_id,
        p1_1.id,
        p1_1.name 
    from
        group_permissions p1_0 
    join
        permissions p1_1 
            on p1_1.id=p1_0.permission_id 
    where
        p1_0.group_id=?
2026-05-30 17:31:16.810 [http-nio-8080-exec-10] [d4944243-c752-4206-a561-2a45e83cd104] DEBUG org.hibernate.SQL - 
    select
        p1_0.id,
        p1_0.name 
    from
        permissions p1_0
2026-05-30 17:31:16.812 [http-nio-8080-exec-2] [6544bf70-332e-41e8-b847-7c9727385c1e] DEBUG org.hibernate.SQL - 
    select
        p1_0.group_id,
        p1_1.id,
        p1_1.name 
    from
        group_permissions p1_0 
    join
        permissions p1_1 
            on p1_1.id=p1_0.permission_id 
    where
        p1_0.group_id=?
2026-05-30 17:31:16.815 [http-nio-8080-exec-2] [6544bf70-332e-41e8-b847-7c9727385c1e] DEBUG org.hibernate.SQL - 
    select
        p1_0.group_id,
        p1_1.id,
        p1_1.name 
    from
        group_permissions p1_0 
    join
        permissions p1_1 
            on p1_1.id=p1_0.permission_id 
    where
        p1_0.group_id=?
2026-05-30 17:31:16.826 [http-nio-8080-exec-2] [6544bf70-332e-41e8-b847-7c9727385c1e] INFO  c.w.w.config.CorrelationIdFilter - Request completed: GET /api/groups - Status: 200 - Duration: 54ms
2026-05-30 17:31:16.832 [http-nio-8080-exec-10] [d4944243-c752-4206-a561-2a45e83cd104] INFO  c.w.w.p.s.impl.PermissionServiceImpl - SERVICE: getAllPermissions completed - Retrieved 5 permissions
2026-05-30 17:31:16.835 [http-nio-8080-exec-10] [d4944243-c752-4206-a561-2a45e83cd104] INFO  c.w.w.config.CorrelationIdFilter - Request completed: GET /api/permissions - Status: 200 - Duration: 59ms
2026-05-30 17:31:16.886 [http-nio-8080-exec-4] [b3984656-1e70-4694-b5e1-c7d13223093b] INFO  c.w.w.config.CorrelationIdFilter - Request started: GET /api/groups from 0:0:0:0:0:0:0:1
2026-05-30 17:31:16.887 [http-nio-8080-exec-7] [55d24d5b-d66d-4e4b-b10b-77af5005e544] INFO  c.w.w.config.CorrelationIdFilter - Request started: GET /api/permissions from 0:0:0:0:0:0:0:1
2026-05-30 17:31:16.903 [http-nio-8080-exec-4] [b3984656-1e70-4694-b5e1-c7d13223093b] INFO  c.w.w.g.controller.GroupController - REST API call: GET /api/groups - Retrieving all groups
2026-05-30 17:31:16.913 [http-nio-8080-exec-4] [b3984656-1e70-4694-b5e1-c7d13223093b] INFO  c.w.w.g.s.impl.GroupServiceImpl - Fetching all groups
2026-05-30 17:31:16.916 [http-nio-8080-exec-4] [b3984656-1e70-4694-b5e1-c7d13223093b] DEBUG org.hibernate.SQL - 
    select
        g1_0.id,
        g1_0.name 
    from
        groups g1_0
2026-05-30 17:31:16.920 [http-nio-8080-exec-4] [b3984656-1e70-4694-b5e1-c7d13223093b] DEBUG org.hibernate.SQL - 
    select
        p1_0.group_id,
        p1_1.id,
        p1_1.name 
    from
        group_permissions p1_0 
    join
        permissions p1_1 
            on p1_1.id=p1_0.permission_id 
    where
        p1_0.group_id=?
2026-05-30 17:31:16.941 [http-nio-8080-exec-4] [b3984656-1e70-4694-b5e1-c7d13223093b] DEBUG org.hibernate.SQL - 
    select
        p1_0.group_id,
        p1_1.id,
        p1_1.name 
    from
        group_permissions p1_0 
    join
        permissions p1_1 
            on p1_1.id=p1_0.permission_id 
    where
        p1_0.group_id=?
2026-05-30 17:31:16.944 [http-nio-8080-exec-4] [b3984656-1e70-4694-b5e1-c7d13223093b] DEBUG org.hibernate.SQL - 
    select
        p1_0.group_id,
        p1_1.id,
        p1_1.name 
    from
        group_permissions p1_0 
    join
        permissions p1_1 
            on p1_1.id=p1_0.permission_id 
    where
        p1_0.group_id=?
2026-05-30 17:31:16.951 [http-nio-8080-exec-4] [b3984656-1e70-4694-b5e1-c7d13223093b] INFO  c.w.w.config.CorrelationIdFilter - Request completed: GET /api/groups - Status: 200 - Duration: 64ms
2026-05-30 17:31:16.952 [http-nio-8080-exec-7] [55d24d5b-d66d-4e4b-b10b-77af5005e544] INFO  c.w.w.p.c.PermissionController - REST API call: GET /api/permissions - Retrieving all permissions
2026-05-30 17:31:16.952 [http-nio-8080-exec-7] [55d24d5b-d66d-4e4b-b10b-77af5005e544] INFO  c.w.w.p.s.impl.PermissionServiceImpl - SERVICE: Starting getAllPermissions - Fetching all permissions from database
2026-05-30 17:31:16.954 [http-nio-8080-exec-7] [55d24d5b-d66d-4e4b-b10b-77af5005e544] DEBUG org.hibernate.SQL - 
    select
        p1_0.id,
        p1_0.name 
    from
        permissions p1_0
2026-05-30 17:31:16.963 [http-nio-8080-exec-7] [55d24d5b-d66d-4e4b-b10b-77af5005e544] INFO  c.w.w.p.s.impl.PermissionServiceImpl - SERVICE: getAllPermissions completed - Retrieved 5 permissions
2026-05-30 17:31:16.966 [http-nio-8080-exec-7] [55d24d5b-d66d-4e4b-b10b-77af5005e544] INFO  c.w.w.config.CorrelationIdFilter - Request completed: GET /api/permissions - Status: 200 - Duration: 51ms
2026-05-30 17:31:16.968 [http-nio-8080-exec-8] [4580601f-a279-4b1a-b82b-2f6ea7d09fab] INFO  c.w.w.config.CorrelationIdFilter - Request started: GET /api/groups from 0:0:0:0:0:0:0:1
2026-05-30 17:31:16.993 [http-nio-8080-exec-8] [4580601f-a279-4b1a-b82b-2f6ea7d09fab] INFO  c.w.w.g.controller.GroupController - REST API call: GET /api/groups - Retrieving all groups
2026-05-30 17:31:16.995 [http-nio-8080-exec-8] [4580601f-a279-4b1a-b82b-2f6ea7d09fab] INFO  c.w.w.g.s.impl.GroupServiceImpl - Fetching all groups
2026-05-30 17:31:16.999 [http-nio-8080-exec-8] [4580601f-a279-4b1a-b82b-2f6ea7d09fab] DEBUG org.hibernate.SQL - 
    select
        g1_0.id,
        g1_0.name 
    from
        groups g1_0
2026-05-30 17:31:17.000 [http-nio-8080-exec-6] [cde90648-80a5-4c45-b50f-844811b92480] INFO  c.w.w.config.CorrelationIdFilter - Request started: GET /api/permissions from 0:0:0:0:0:0:0:1
2026-05-30 17:31:17.003 [http-nio-8080-exec-8] [4580601f-a279-4b1a-b82b-2f6ea7d09fab] DEBUG org.hibernate.SQL - 
    select
        p1_0.group_id,
        p1_1.id,
        p1_1.name 
    from
        group_permissions p1_0 
    join
        permissions p1_1 
            on p1_1.id=p1_0.permission_id 
    where
        p1_0.group_id=?
2026-05-30 17:31:17.011 [http-nio-8080-exec-8] [4580601f-a279-4b1a-b82b-2f6ea7d09fab] DEBUG org.hibernate.SQL - 
    select
        p1_0.group_id,
        p1_1.id,
        p1_1.name 
    from
        group_permissions p1_0 
    join
        permissions p1_1 
            on p1_1.id=p1_0.permission_id 
    where
        p1_0.group_id=?
2026-05-30 17:31:17.013 [http-nio-8080-exec-8] [4580601f-a279-4b1a-b82b-2f6ea7d09fab] DEBUG org.hibernate.SQL - 
    select
        p1_0.group_id,
        p1_1.id,
        p1_1.name 
    from
        group_permissions p1_0 
    join
        permissions p1_1 
            on p1_1.id=p1_0.permission_id 
    where
        p1_0.group_id=?
2026-05-30 17:31:17.017 [http-nio-8080-exec-8] [4580601f-a279-4b1a-b82b-2f6ea7d09fab] INFO  c.w.w.config.CorrelationIdFilter - Request completed: GET /api/groups - Status: 200 - Duration: 49ms
2026-05-30 17:31:17.018 [http-nio-8080-exec-6] [cde90648-80a5-4c45-b50f-844811b92480] INFO  c.w.w.p.c.PermissionController - REST API call: GET /api/permissions - Retrieving all permissions
2026-05-30 17:31:17.020 [http-nio-8080-exec-6] [cde90648-80a5-4c45-b50f-844811b92480] INFO  c.w.w.p.s.impl.PermissionServiceImpl - SERVICE: Starting getAllPermissions - Fetching all permissions from database
2026-05-30 17:31:17.024 [http-nio-8080-exec-6] [cde90648-80a5-4c45-b50f-844811b92480] DEBUG org.hibernate.SQL - 
    select
        p1_0.id,
        p1_0.name 
    from
        permissions p1_0
2026-05-30 17:31:17.033 [http-nio-8080-exec-6] [cde90648-80a5-4c45-b50f-844811b92480] INFO  c.w.w.p.s.impl.PermissionServiceImpl - SERVICE: getAllPermissions completed - Retrieved 5 permissions
2026-05-30 17:31:17.036 [http-nio-8080-exec-6] [cde90648-80a5-4c45-b50f-844811b92480] INFO  c.w.w.config.CorrelationIdFilter - Request completed: GET /api/permissions - Status: 200 - Duration: 35ms
2026-05-30 17:31:17.049 [http-nio-8080-exec-1] [15b73489-a4d8-44d6-b4c0-6a7b501c57f4] INFO  c.w.w.config.CorrelationIdFilter - Request started: GET /api/permissions from 0:0:0:0:0:0:0:1
2026-05-30 17:31:17.049 [http-nio-8080-exec-9] [02466f90-8f55-442b-b25f-d2324a0f9421] INFO  c.w.w.config.CorrelationIdFilter - Request started: GET /api/groups from 0:0:0:0:0:0:0:1
2026-05-30 17:31:17.071 [http-nio-8080-exec-9] [02466f90-8f55-442b-b25f-d2324a0f9421] INFO  c.w.w.g.controller.GroupController - REST API call: GET /api/groups - Retrieving all groups
2026-05-30 17:31:17.073 [http-nio-8080-exec-9] [02466f90-8f55-442b-b25f-d2324a0f9421] INFO  c.w.w.g.s.impl.GroupServiceImpl - Fetching all groups
2026-05-30 17:31:17.076 [http-nio-8080-exec-1] [15b73489-a4d8-44d6-b4c0-6a7b501c57f4] INFO  c.w.w.p.c.PermissionController - REST API call: GET /api/permissions - Retrieving all permissions
2026-05-30 17:31:17.077 [http-nio-8080-exec-1] [15b73489-a4d8-44d6-b4c0-6a7b501c57f4] INFO  c.w.w.p.s.impl.PermissionServiceImpl - SERVICE: Starting getAllPermissions - Fetching all permissions from database
2026-05-30 17:31:17.078 [http-nio-8080-exec-9] [02466f90-8f55-442b-b25f-d2324a0f9421] DEBUG org.hibernate.SQL - 
    select
        g1_0.id,
        g1_0.name 
    from
        groups g1_0
2026-05-30 17:31:17.082 [http-nio-8080-exec-9] [02466f90-8f55-442b-b25f-d2324a0f9421] DEBUG org.hibernate.SQL - 
    select
        p1_0.group_id,
        p1_1.id,
        p1_1.name 
    from
        group_permissions p1_0 
    join
        permissions p1_1 
            on p1_1.id=p1_0.permission_id 
    where
        p1_0.group_id=?
2026-05-30 17:31:17.083 [http-nio-8080-exec-1] [15b73489-a4d8-44d6-b4c0-6a7b501c57f4] DEBUG org.hibernate.SQL - 
    select
        p1_0.id,
        p1_0.name 
    from
        permissions p1_0
2026-05-30 17:31:17.086 [http-nio-8080-exec-9] [02466f90-8f55-442b-b25f-d2324a0f9421] DEBUG org.hibernate.SQL - 
    select
        p1_0.group_id,
        p1_1.id,
        p1_1.name 
    from
        group_permissions p1_0 
    join
        permissions p1_1 
            on p1_1.id=p1_0.permission_id 
    where
        p1_0.group_id=?
2026-05-30 17:31:17.086 [http-nio-8080-exec-1] [15b73489-a4d8-44d6-b4c0-6a7b501c57f4] INFO  c.w.w.p.s.impl.PermissionServiceImpl - SERVICE: getAllPermissions completed - Retrieved 5 permissions
2026-05-30 17:31:17.090 [http-nio-8080-exec-9] [02466f90-8f55-442b-b25f-d2324a0f9421] DEBUG org.hibernate.SQL - 
    select
        p1_0.group_id,
        p1_1.id,
        p1_1.name 
    from
        group_permissions p1_0 
    join
        permissions p1_1 
            on p1_1.id=p1_0.permission_id 
    where
        p1_0.group_id=?
2026-05-30 17:31:17.099 [http-nio-8080-exec-9] [02466f90-8f55-442b-b25f-d2324a0f9421] INFO  c.w.w.config.CorrelationIdFilter - Request completed: GET /api/groups - Status: 200 - Duration: 49ms
2026-05-30 17:31:17.100 [http-nio-8080-exec-1] [15b73489-a4d8-44d6-b4c0-6a7b501c57f4] INFO  c.w.w.config.CorrelationIdFilter - Request completed: GET /api/permissions - Status: 200 - Duration: 51ms
2026-05-30 17:31:18.298 [http-nio-8080-exec-5] [8a25991a-1406-41a0-a154-b1ca743d038a] INFO  c.w.w.config.CorrelationIdFilter - Request started: GET /api/permissions from 0:0:0:0:0:0:0:1
2026-05-30 17:31:18.306 [http-nio-8080-exec-5] [8a25991a-1406-41a0-a154-b1ca743d038a] INFO  c.w.w.p.c.PermissionController - REST API call: GET /api/permissions - Retrieving all permissions
2026-05-30 17:31:18.307 [http-nio-8080-exec-5] [8a25991a-1406-41a0-a154-b1ca743d038a] INFO  c.w.w.p.s.impl.PermissionServiceImpl - SERVICE: Starting getAllPermissions - Fetching all permissions from database
2026-05-30 17:31:18.309 [http-nio-8080-exec-5] [8a25991a-1406-41a0-a154-b1ca743d038a] DEBUG org.hibernate.SQL - 
    select
        p1_0.id,
        p1_0.name 
    from
        permissions p1_0
2026-05-30 17:31:18.312 [http-nio-8080-exec-5] [8a25991a-1406-41a0-a154-b1ca743d038a] INFO  c.w.w.p.s.impl.PermissionServiceImpl - SERVICE: getAllPermissions completed - Retrieved 5 permissions
2026-05-30 17:31:18.316 [http-nio-8080-exec-5] [8a25991a-1406-41a0-a154-b1ca743d038a] INFO  c.w.w.config.CorrelationIdFilter - Request completed: GET /api/permissions - Status: 200 - Duration: 17ms
2026-05-30 17:31:18.318 [http-nio-8080-exec-3] [66fe6661-b29e-405d-9283-c7767d22f11a] INFO  c.w.w.config.CorrelationIdFilter - Request started: GET /api/permissions from 0:0:0:0:0:0:0:1
2026-05-30 17:31:18.328 [http-nio-8080-exec-3] [66fe6661-b29e-405d-9283-c7767d22f11a] INFO  c.w.w.p.c.PermissionController - REST API call: GET /api/permissions - Retrieving all permissions
2026-05-30 17:31:18.328 [http-nio-8080-exec-3] [66fe6661-b29e-405d-9283-c7767d22f11a] INFO  c.w.w.p.s.impl.PermissionServiceImpl - SERVICE: Starting getAllPermissions - Fetching all permissions from database
2026-05-30 17:31:18.328 [http-nio-8080-exec-3] [66fe6661-b29e-405d-9283-c7767d22f11a] DEBUG org.hibernate.SQL - 
    select
        p1_0.id,
        p1_0.name 
    from
        permissions p1_0
2026-05-30 17:31:18.328 [http-nio-8080-exec-3] [66fe6661-b29e-405d-9283-c7767d22f11a] INFO  c.w.w.p.s.impl.PermissionServiceImpl - SERVICE: getAllPermissions completed - Retrieved 5 permissions
2026-05-30 17:31:18.339 [http-nio-8080-exec-3] [66fe6661-b29e-405d-9283-c7767d22f11a] INFO  c.w.w.config.CorrelationIdFilter - Request completed: GET /api/permissions - Status: 200 - Duration: 21ms
2026-05-30 17:31:18.339 [http-nio-8080-exec-2] [ca477595-5789-4db6-bfdc-498d85733f8e] INFO  c.w.w.config.CorrelationIdFilter - Request started: GET /api/permissions from 0:0:0:0:0:0:0:1
2026-05-30 17:31:18.343 [http-nio-8080-exec-2] [ca477595-5789-4db6-bfdc-498d85733f8e] INFO  c.w.w.p.c.PermissionController - REST API call: GET /api/permissions - Retrieving all permissions
2026-05-30 17:31:18.343 [http-nio-8080-exec-2] [ca477595-5789-4db6-bfdc-498d85733f8e] INFO  c.w.w.p.s.impl.PermissionServiceImpl - SERVICE: Starting getAllPermissions - Fetching all permissions from database
2026-05-30 17:31:18.343 [http-nio-8080-exec-2] [ca477595-5789-4db6-bfdc-498d85733f8e] DEBUG org.hibernate.SQL - 
    select
        p1_0.id,
        p1_0.name 
    from
        permissions p1_0
2026-05-30 17:31:18.343 [http-nio-8080-exec-2] [ca477595-5789-4db6-bfdc-498d85733f8e] INFO  c.w.w.p.s.impl.PermissionServiceImpl - SERVICE: getAllPermissions completed - Retrieved 5 permissions
2026-05-30 17:31:18.352 [http-nio-8080-exec-2] [ca477595-5789-4db6-bfdc-498d85733f8e] INFO  c.w.w.config.CorrelationIdFilter - Request completed: GET /api/permissions - Status: 200 - Duration: 12ms
2026-05-30 17:31:18.354 [http-nio-8080-exec-10] [23bafc90-4bcf-460f-a7c0-db2279e37b48] INFO  c.w.w.config.CorrelationIdFilter - Request started: GET /api/permissions from 0:0:0:0:0:0:0:1
2026-05-30 17:31:18.354 [http-nio-8080-exec-10] [23bafc90-4bcf-460f-a7c0-db2279e37b48] INFO  c.w.w.p.c.PermissionController - REST API call: GET /api/permissions - Retrieving all permissions
2026-05-30 17:31:18.361 [http-nio-8080-exec-10] [23bafc90-4bcf-460f-a7c0-db2279e37b48] INFO  c.w.w.p.s.impl.PermissionServiceImpl - SERVICE: Starting getAllPermissions - Fetching all permissions from database
2026-05-30 17:31:18.362 [http-nio-8080-exec-10] [23bafc90-4bcf-460f-a7c0-db2279e37b48] DEBUG org.hibernate.SQL - 
    select
        p1_0.id,
        p1_0.name 
    from
        permissions p1_0
2026-05-30 17:31:18.365 [http-nio-8080-exec-10] [23bafc90-4bcf-460f-a7c0-db2279e37b48] INFO  c.w.w.p.s.impl.PermissionServiceImpl - SERVICE: getAllPermissions completed - Retrieved 5 permissions
2026-05-30 17:31:18.369 [http-nio-8080-exec-10] [23bafc90-4bcf-460f-a7c0-db2279e37b48] INFO  c.w.w.config.CorrelationIdFilter - Request completed: GET /api/permissions - Status: 200 - Duration: 15ms
2026-05-30 17:31:24.978 [http-nio-8080-exec-4] [c757095c-9b8b-4e87-9ad3-d1943faf44d9] INFO  c.w.w.config.CorrelationIdFilter - Request started: OPTIONS /api/users from 0:0:0:0:0:0:0:1
2026-05-30 17:31:24.982 [http-nio-8080-exec-8] [962c000c-ca9a-4786-9af4-c5dbf6c7b036] INFO  c.w.w.config.CorrelationIdFilter - Request started: OPTIONS /api/users from 0:0:0:0:0:0:0:1
2026-05-30 17:31:24.983 [http-nio-8080-exec-4] [c757095c-9b8b-4e87-9ad3-d1943faf44d9] INFO  c.w.w.config.CorrelationIdFilter - Request completed: OPTIONS /api/users - Status: 200 - Duration: 5ms
2026-05-30 17:31:24.984 [http-nio-8080-exec-8] [962c000c-ca9a-4786-9af4-c5dbf6c7b036] INFO  c.w.w.config.CorrelationIdFilter - Request completed: OPTIONS /api/users - Status: 200 - Duration: 2ms
2026-05-30 17:31:24.985 [http-nio-8080-exec-4] [c3f55da6-56f0-4894-ac79-efe573fc4107] INFO  c.w.w.config.CorrelationIdFilter - Request started: OPTIONS /api/users from 0:0:0:0:0:0:0:1
2026-05-30 17:31:24.982 [http-nio-8080-exec-7] [1359a977-d2c9-4d00-8d76-8a3d22377613] INFO  c.w.w.config.CorrelationIdFilter - Request started: OPTIONS /api/users from 0:0:0:0:0:0:0:1
2026-05-30 17:31:24.986 [http-nio-8080-exec-4] [c3f55da6-56f0-4894-ac79-efe573fc4107] INFO  c.w.w.config.CorrelationIdFilter - Request completed: OPTIONS /api/users - Status: 200 - Duration: 1ms
2026-05-30 17:31:24.990 [http-nio-8080-exec-7] [1359a977-d2c9-4d00-8d76-8a3d22377613] INFO  c.w.w.config.CorrelationIdFilter - Request completed: OPTIONS /api/users - Status: 200 - Duration: 4ms
2026-05-30 17:31:25.000 [http-nio-8080-exec-9] [cb661153-bb9a-4806-9a5d-8add3c8b289f] INFO  c.w.w.config.CorrelationIdFilter - Request started: GET /api/users from 0:0:0:0:0:0:0:1
2026-05-30 17:31:25.007 [http-nio-8080-exec-9] [cb661153-bb9a-4806-9a5d-8add3c8b289f] INFO  c.w.w.user.controller.UserController - REST API call: GET /api/users - Retrieving all users
2026-05-30 17:31:25.009 [http-nio-8080-exec-9] [cb661153-bb9a-4806-9a5d-8add3c8b289f] INFO  c.w.w.u.service.impl.UserServiceImpl - SERVICE: Starting getAllUsers - Fetching all users from database
2026-05-30 17:31:25.011 [http-nio-8080-exec-9] [cb661153-bb9a-4806-9a5d-8add3c8b289f] DEBUG org.hibernate.SQL - 
    select
        u1_0.id,
        u1_0.email,
        u1_0.group_id,
        u1_0.name,
        u1_0.password 
    from
        users u1_0
2026-05-30 17:31:25.016 [http-nio-8080-exec-9] [cb661153-bb9a-4806-9a5d-8add3c8b289f] DEBUG org.hibernate.SQL - 
    select
        g1_0.id,
        g1_0.name 
    from
        groups g1_0 
    where
        g1_0.id=?
2026-05-30 17:31:25.020 [http-nio-8080-exec-9] [cb661153-bb9a-4806-9a5d-8add3c8b289f] DEBUG org.hibernate.SQL - 
    select
        g1_0.id,
        g1_0.name 
    from
        groups g1_0 
    where
        g1_0.id=?
2026-05-30 17:31:25.021 [http-nio-8080-exec-9] [cb661153-bb9a-4806-9a5d-8add3c8b289f] INFO  c.w.w.u.service.impl.UserServiceImpl - SERVICE: getAllUsers completed - Retrieved 2 users
2026-05-30 17:31:25.025 [http-nio-8080-exec-9] [cb661153-bb9a-4806-9a5d-8add3c8b289f] INFO  c.w.w.config.CorrelationIdFilter - Request completed: GET /api/users - Status: 200 - Duration: 25ms
2026-05-30 17:31:25.031 [http-nio-8080-exec-1] [6195251d-38a7-4044-a900-01366c7ed74d] INFO  c.w.w.config.CorrelationIdFilter - Request started: GET /api/users from 0:0:0:0:0:0:0:1
2026-05-30 17:31:25.039 [http-nio-8080-exec-1] [6195251d-38a7-4044-a900-01366c7ed74d] INFO  c.w.w.user.controller.UserController - REST API call: GET /api/users - Retrieving all users
2026-05-30 17:31:25.041 [http-nio-8080-exec-1] [6195251d-38a7-4044-a900-01366c7ed74d] INFO  c.w.w.u.service.impl.UserServiceImpl - SERVICE: Starting getAllUsers - Fetching all users from database
2026-05-30 17:31:25.043 [http-nio-8080-exec-1] [6195251d-38a7-4044-a900-01366c7ed74d] DEBUG org.hibernate.SQL - 
    select
        u1_0.id,
        u1_0.email,
        u1_0.group_id,
        u1_0.name,
        u1_0.password 
    from
        users u1_0
2026-05-30 17:31:25.045 [http-nio-8080-exec-1] [6195251d-38a7-4044-a900-01366c7ed74d] DEBUG org.hibernate.SQL - 
    select
        g1_0.id,
        g1_0.name 
    from
        groups g1_0 
    where
        g1_0.id=?
2026-05-30 17:31:25.049 [http-nio-8080-exec-1] [6195251d-38a7-4044-a900-01366c7ed74d] DEBUG org.hibernate.SQL - 
    select
        g1_0.id,
        g1_0.name 
    from
        groups g1_0 
    where
        g1_0.id=?
2026-05-30 17:31:25.051 [http-nio-8080-exec-1] [6195251d-38a7-4044-a900-01366c7ed74d] INFO  c.w.w.u.service.impl.UserServiceImpl - SERVICE: getAllUsers completed - Retrieved 2 users
2026-05-30 17:31:25.055 [http-nio-8080-exec-1] [6195251d-38a7-4044-a900-01366c7ed74d] INFO  c.w.w.config.CorrelationIdFilter - Request completed: GET /api/users - Status: 200 - Duration: 22ms
2026-05-30 17:31:25.064 [http-nio-8080-exec-5] [a775aecb-e4fc-4f62-951d-0a78cd69ef2b] INFO  c.w.w.config.CorrelationIdFilter - Request started: GET /api/users from 0:0:0:0:0:0:0:1
2026-05-30 17:31:25.071 [http-nio-8080-exec-5] [a775aecb-e4fc-4f62-951d-0a78cd69ef2b] INFO  c.w.w.user.controller.UserController - REST API call: GET /api/users - Retrieving all users
2026-05-30 17:31:25.073 [http-nio-8080-exec-5] [a775aecb-e4fc-4f62-951d-0a78cd69ef2b] INFO  c.w.w.u.service.impl.UserServiceImpl - SERVICE: Starting getAllUsers - Fetching all users from database
2026-05-30 17:31:25.081 [http-nio-8080-exec-5] [a775aecb-e4fc-4f62-951d-0a78cd69ef2b] DEBUG org.hibernate.SQL - 
    select
        u1_0.id,
        u1_0.email,
        u1_0.group_id,
        u1_0.name,
        u1_0.password 
    from
        users u1_0
2026-05-30 17:31:25.085 [http-nio-8080-exec-5] [a775aecb-e4fc-4f62-951d-0a78cd69ef2b] DEBUG org.hibernate.SQL - 
    select
        g1_0.id,
        g1_0.name 
    from
        groups g1_0 
    where
        g1_0.id=?
2026-05-30 17:31:25.089 [http-nio-8080-exec-5] [a775aecb-e4fc-4f62-951d-0a78cd69ef2b] DEBUG org.hibernate.SQL - 
    select
        g1_0.id,
        g1_0.name 
    from
        groups g1_0 
    where
        g1_0.id=?
2026-05-30 17:31:25.091 [http-nio-8080-exec-5] [a775aecb-e4fc-4f62-951d-0a78cd69ef2b] INFO  c.w.w.u.service.impl.UserServiceImpl - SERVICE: getAllUsers completed - Retrieved 2 users
2026-05-30 17:31:25.093 [http-nio-8080-exec-5] [a775aecb-e4fc-4f62-951d-0a78cd69ef2b] INFO  c.w.w.config.CorrelationIdFilter - Request completed: GET /api/users - Status: 200 - Duration: 29ms
2026-05-30 17:31:25.096 [http-nio-8080-exec-3] [1e997fe6-7329-4336-a421-bd70ff710c94] INFO  c.w.w.config.CorrelationIdFilter - Request started: GET /api/users from 0:0:0:0:0:0:0:1
2026-05-30 17:31:25.109 [http-nio-8080-exec-3] [1e997fe6-7329-4336-a421-bd70ff710c94] INFO  c.w.w.user.controller.UserController - REST API call: GET /api/users - Retrieving all users
2026-05-30 17:31:25.110 [http-nio-8080-exec-3] [1e997fe6-7329-4336-a421-bd70ff710c94] INFO  c.w.w.u.service.impl.UserServiceImpl - SERVICE: Starting getAllUsers - Fetching all users from database
2026-05-30 17:31:25.113 [http-nio-8080-exec-3] [1e997fe6-7329-4336-a421-bd70ff710c94] DEBUG org.hibernate.SQL - 
    select
        u1_0.id,
        u1_0.email,
        u1_0.group_id,
        u1_0.name,
        u1_0.password 
    from
        users u1_0
2026-05-30 17:31:25.116 [http-nio-8080-exec-3] [1e997fe6-7329-4336-a421-bd70ff710c94] DEBUG org.hibernate.SQL - 
    select
        g1_0.id,
        g1_0.name 
    from
        groups g1_0 
    where
        g1_0.id=?
2026-05-30 17:31:25.119 [http-nio-8080-exec-3] [1e997fe6-7329-4336-a421-bd70ff710c94] DEBUG org.hibernate.SQL - 
    select
        g1_0.id,
        g1_0.name 
    from
        groups g1_0 
    where
        g1_0.id=?
2026-05-30 17:31:25.121 [http-nio-8080-exec-3] [1e997fe6-7329-4336-a421-bd70ff710c94] INFO  c.w.w.u.service.impl.UserServiceImpl - SERVICE: getAllUsers completed - Retrieved 2 users
2026-05-30 17:31:25.124 [http-nio-8080-exec-3] [1e997fe6-7329-4336-a421-bd70ff710c94] INFO  c.w.w.config.CorrelationIdFilter - Request completed: GET /api/users - Status: 200 - Duration: 27ms
2026-05-30 17:31:47.472 [http-nio-8080-exec-8] [eac5da67-1909-4de0-918d-2872278dbcd1] INFO  c.w.w.config.CorrelationIdFilter - Request started: OPTIONS /api/users/3 from 0:0:0:0:0:0:0:1
2026-05-30 17:31:47.483 [http-nio-8080-exec-8] [eac5da67-1909-4de0-918d-2872278dbcd1] INFO  c.w.w.config.CorrelationIdFilter - Request completed: OPTIONS /api/users/3 - Status: 200 - Duration: 9ms
2026-05-30 17:31:47.488 [http-nio-8080-exec-4] [88f7dd49-acb1-4aa6-99bc-0ed54e70c13a] INFO  c.w.w.config.CorrelationIdFilter - Request started: PUT /api/users/3 from 0:0:0:0:0:0:0:1
2026-05-30 17:31:47.526 [http-nio-8080-exec-4] [88f7dd49-acb1-4aa6-99bc-0ed54e70c13a] INFO  c.w.w.user.controller.UserController - REST API call: PUT /api/users/3 - Updating user
2026-05-30 17:31:47.528 [http-nio-8080-exec-4] [88f7dd49-acb1-4aa6-99bc-0ed54e70c13a] INFO  c.w.w.u.service.impl.UserServiceImpl - SERVICE: Starting updateUser - Updating user with ID: 3
2026-05-30 17:31:47.542 [http-nio-8080-exec-4] [88f7dd49-acb1-4aa6-99bc-0ed54e70c13a] DEBUG org.hibernate.SQL - 
    select
        u1_0.id,
        u1_0.email,
        u1_0.group_id,
        u1_0.name,
        u1_0.password 
    from
        users u1_0 
    where
        u1_0.id=?
2026-05-30 17:31:47.546 [http-nio-8080-exec-4] [88f7dd49-acb1-4aa6-99bc-0ed54e70c13a] INFO  c.w.w.u.service.impl.UserServiceImpl - SERVICE: Updated user name and email
2026-05-30 17:31:47.546 [http-nio-8080-exec-4] [88f7dd49-acb1-4aa6-99bc-0ed54e70c13a] INFO  c.w.w.u.service.impl.UserServiceImpl - SERVICE: Updating user password
2026-05-30 17:31:47.744 [http-nio-8080-exec-4] [88f7dd49-acb1-4aa6-99bc-0ed54e70c13a] INFO  c.w.w.u.service.impl.UserServiceImpl - SERVICE: Updating user group to ID: 2
2026-05-30 17:31:47.755 [http-nio-8080-exec-4] [88f7dd49-acb1-4aa6-99bc-0ed54e70c13a] DEBUG org.hibernate.SQL - 
    select
        g1_0.id,
        g1_0.name 
    from
        groups g1_0 
    where
        g1_0.id=?
2026-05-30 17:31:47.775 [http-nio-8080-exec-4] [88f7dd49-acb1-4aa6-99bc-0ed54e70c13a] INFO  c.w.w.u.service.impl.UserServiceImpl - SERVICE: updateUser completed - Successfully updated user with ID: 3
2026-05-30 17:31:47.830 [http-nio-8080-exec-4] [88f7dd49-acb1-4aa6-99bc-0ed54e70c13a] DEBUG org.hibernate.SQL - 
    update
        users 
    set
        email=?,
        group_id=?,
        name=?,
        password=? 
    where
        id=?
2026-05-30 17:31:47.870 [http-nio-8080-exec-4] [88f7dd49-acb1-4aa6-99bc-0ed54e70c13a] INFO  c.w.w.config.CorrelationIdFilter - Request completed: PUT /api/users/3 - Status: 200 - Duration: 378ms
2026-05-30 17:31:47.898 [http-nio-8080-exec-6] [f188423b-52d3-49eb-be09-b900c1785cb9] INFO  c.w.w.config.CorrelationIdFilter - Request started: OPTIONS /api/users from 0:0:0:0:0:0:0:1
2026-05-30 17:31:47.902 [http-nio-8080-exec-6] [f188423b-52d3-49eb-be09-b900c1785cb9] INFO  c.w.w.config.CorrelationIdFilter - Request completed: OPTIONS /api/users - Status: 200 - Duration: 4ms
2026-05-30 17:31:47.909 [http-nio-8080-exec-7] [b76660ad-949d-47ff-b05e-6e06245f743f] INFO  c.w.w.config.CorrelationIdFilter - Request started: GET /api/users from 0:0:0:0:0:0:0:1
2026-05-30 17:31:47.939 [http-nio-8080-exec-7] [b76660ad-949d-47ff-b05e-6e06245f743f] INFO  c.w.w.user.controller.UserController - REST API call: GET /api/users - Retrieving all users
2026-05-30 17:31:47.939 [http-nio-8080-exec-7] [b76660ad-949d-47ff-b05e-6e06245f743f] INFO  c.w.w.u.service.impl.UserServiceImpl - SERVICE: Starting getAllUsers - Fetching all users from database
2026-05-30 17:31:47.947 [http-nio-8080-exec-7] [b76660ad-949d-47ff-b05e-6e06245f743f] DEBUG org.hibernate.SQL - 
    select
        u1_0.id,
        u1_0.email,
        u1_0.group_id,
        u1_0.name,
        u1_0.password 
    from
        users u1_0
2026-05-30 17:31:47.951 [http-nio-8080-exec-7] [b76660ad-949d-47ff-b05e-6e06245f743f] DEBUG org.hibernate.SQL - 
    select
        g1_0.id,
        g1_0.name 
    from
        groups g1_0 
    where
        g1_0.id=?
2026-05-30 17:31:47.960 [http-nio-8080-exec-7] [b76660ad-949d-47ff-b05e-6e06245f743f] DEBUG org.hibernate.SQL - 
    select
        g1_0.id,
        g1_0.name 
    from
        groups g1_0 
    where
        g1_0.id=?
2026-05-30 17:31:47.962 [http-nio-8080-exec-7] [b76660ad-949d-47ff-b05e-6e06245f743f] INFO  c.w.w.u.service.impl.UserServiceImpl - SERVICE: getAllUsers completed - Retrieved 2 users
2026-05-30 17:31:47.971 [http-nio-8080-exec-7] [b76660ad-949d-47ff-b05e-6e06245f743f] INFO  c.w.w.config.CorrelationIdFilter - Request completed: GET /api/users - Status: 200 - Duration: 62ms
2026-05-30 17:32:17.060 [http-nio-8080-exec-9] [883d6f2d-7851-4887-af63-6a93af40a07d] INFO  c.w.w.config.CorrelationIdFilter - Request started: OPTIONS /api/users/3 from 0:0:0:0:0:0:0:1
2026-05-30 17:32:17.061 [http-nio-8080-exec-9] [883d6f2d-7851-4887-af63-6a93af40a07d] INFO  c.w.w.config.CorrelationIdFilter - Request completed: OPTIONS /api/users/3 - Status: 200 - Duration: 1ms
2026-05-30 17:32:17.065 [http-nio-8080-exec-1] [c525c7ce-a523-4141-8651-e4bb39dad07c] INFO  c.w.w.config.CorrelationIdFilter - Request started: PUT /api/users/3 from 0:0:0:0:0:0:0:1
2026-05-30 17:32:17.081 [http-nio-8080-exec-1] [c525c7ce-a523-4141-8651-e4bb39dad07c] INFO  c.w.w.user.controller.UserController - REST API call: PUT /api/users/3 - Updating user
2026-05-30 17:32:17.083 [http-nio-8080-exec-1] [c525c7ce-a523-4141-8651-e4bb39dad07c] INFO  c.w.w.u.service.impl.UserServiceImpl - SERVICE: Starting updateUser - Updating user with ID: 3
2026-05-30 17:32:17.084 [http-nio-8080-exec-1] [c525c7ce-a523-4141-8651-e4bb39dad07c] DEBUG org.hibernate.SQL - 
    select
        u1_0.id,
        u1_0.email,
        u1_0.group_id,
        u1_0.name,
        u1_0.password 
    from
        users u1_0 
    where
        u1_0.id=?
2026-05-30 17:32:17.087 [http-nio-8080-exec-1] [c525c7ce-a523-4141-8651-e4bb39dad07c] INFO  c.w.w.u.service.impl.UserServiceImpl - SERVICE: Updated user name and email
2026-05-30 17:32:17.087 [http-nio-8080-exec-1] [c525c7ce-a523-4141-8651-e4bb39dad07c] INFO  c.w.w.u.service.impl.UserServiceImpl - SERVICE: Updating user password
2026-05-30 17:32:17.313 [http-nio-8080-exec-1] [c525c7ce-a523-4141-8651-e4bb39dad07c] INFO  c.w.w.u.service.impl.UserServiceImpl - SERVICE: Updating user group to ID: 2
2026-05-30 17:32:17.313 [http-nio-8080-exec-1] [c525c7ce-a523-4141-8651-e4bb39dad07c] DEBUG org.hibernate.SQL - 
    select
        g1_0.id,
        g1_0.name 
    from
        groups g1_0 
    where
        g1_0.id=?
2026-05-30 17:32:17.313 [http-nio-8080-exec-1] [c525c7ce-a523-4141-8651-e4bb39dad07c] INFO  c.w.w.u.service.impl.UserServiceImpl - SERVICE: updateUser completed - Successfully updated user with ID: 3
2026-05-30 17:32:17.324 [http-nio-8080-exec-1] [c525c7ce-a523-4141-8651-e4bb39dad07c] DEBUG org.hibernate.SQL - 
    update
        users 
    set
        email=?,
        group_id=?,
        name=?,
        password=? 
    where
        id=?
2026-05-30 17:32:17.343 [http-nio-8080-exec-1] [c525c7ce-a523-4141-8651-e4bb39dad07c] INFO  c.w.w.config.CorrelationIdFilter - Request completed: PUT /api/users/3 - Status: 200 - Duration: 277ms
2026-05-30 17:32:17.360 [http-nio-8080-exec-5] [1b37e3b4-a6da-4d12-b675-aca5c9a5dd65] INFO  c.w.w.config.CorrelationIdFilter - Request started: OPTIONS /api/users from 0:0:0:0:0:0:0:1
2026-05-30 17:32:17.363 [http-nio-8080-exec-5] [1b37e3b4-a6da-4d12-b675-aca5c9a5dd65] INFO  c.w.w.config.CorrelationIdFilter - Request completed: OPTIONS /api/users - Status: 200 - Duration: 2ms
2026-05-30 17:32:17.367 [http-nio-8080-exec-3] [b1f4df00-1710-4325-8ee2-3a03d61460a4] INFO  c.w.w.config.CorrelationIdFilter - Request started: GET /api/users from 0:0:0:0:0:0:0:1
2026-05-30 17:32:17.375 [http-nio-8080-exec-3] [b1f4df00-1710-4325-8ee2-3a03d61460a4] INFO  c.w.w.user.controller.UserController - REST API call: GET /api/users - Retrieving all users
2026-05-30 17:32:17.379 [http-nio-8080-exec-3] [b1f4df00-1710-4325-8ee2-3a03d61460a4] INFO  c.w.w.u.service.impl.UserServiceImpl - SERVICE: Starting getAllUsers - Fetching all users from database
2026-05-30 17:32:17.382 [http-nio-8080-exec-3] [b1f4df00-1710-4325-8ee2-3a03d61460a4] DEBUG org.hibernate.SQL - 
    select
        u1_0.id,
        u1_0.email,
        u1_0.group_id,
        u1_0.name,
        u1_0.password 
    from
        users u1_0
2026-05-30 17:32:17.387 [http-nio-8080-exec-3] [b1f4df00-1710-4325-8ee2-3a03d61460a4] DEBUG org.hibernate.SQL - 
    select
        g1_0.id,
        g1_0.name 
    from
        groups g1_0 
    where
        g1_0.id=?
2026-05-30 17:32:17.395 [http-nio-8080-exec-3] [b1f4df00-1710-4325-8ee2-3a03d61460a4] DEBUG org.hibernate.SQL - 
    select
        g1_0.id,
        g1_0.name 
    from
        groups g1_0 
    where
        g1_0.id=?
2026-05-30 17:32:17.397 [http-nio-8080-exec-3] [b1f4df00-1710-4325-8ee2-3a03d61460a4] INFO  c.w.w.u.service.impl.UserServiceImpl - SERVICE: getAllUsers completed - Retrieved 2 users
2026-05-30 17:32:17.399 [http-nio-8080-exec-3] [b1f4df00-1710-4325-8ee2-3a03d61460a4] INFO  c.w.w.config.CorrelationIdFilter - Request completed: GET /api/users - Status: 200 - Duration: 32ms
2026-05-30 17:32:56.647 [http-nio-8080-exec-4] [a88c8c09-a48b-4370-8b13-5ac9a473afe9] INFO  c.w.w.config.CorrelationIdFilter - Request started: OPTIONS /api/groups from 0:0:0:0:0:0:0:1
2026-05-30 17:32:56.651 [http-nio-8080-exec-4] [a88c8c09-a48b-4370-8b13-5ac9a473afe9] INFO  c.w.w.config.CorrelationIdFilter - Request completed: OPTIONS /api/groups - Status: 200 - Duration: 2ms
2026-05-30 17:32:56.651 [http-nio-8080-exec-6] [9d626d99-910a-4d56-a735-76b42b66f2d5] INFO  c.w.w.config.CorrelationIdFilter - Request started: OPTIONS /api/permissions from 0:0:0:0:0:0:0:1
2026-05-30 17:32:56.652 [http-nio-8080-exec-4] [ae3981b8-2645-4415-a7ac-f1fa1c38f62e] INFO  c.w.w.config.CorrelationIdFilter - Request started: OPTIONS /api/permissions from 0:0:0:0:0:0:0:1
2026-05-30 17:32:56.654 [http-nio-8080-exec-4] [ae3981b8-2645-4415-a7ac-f1fa1c38f62e] INFO  c.w.w.config.CorrelationIdFilter - Request completed: OPTIONS /api/permissions - Status: 200 - Duration: 2ms
2026-05-30 17:32:56.655 [http-nio-8080-exec-9] [73dbbc1c-cf90-4c91-bbb6-366e0758ad90] INFO  c.w.w.config.CorrelationIdFilter - Request started: OPTIONS /api/groups from 0:0:0:0:0:0:0:1
2026-05-30 17:32:56.656 [http-nio-8080-exec-6] [9d626d99-910a-4d56-a735-76b42b66f2d5] INFO  c.w.w.config.CorrelationIdFilter - Request completed: OPTIONS /api/permissions - Status: 200 - Duration: 5ms
2026-05-30 17:32:56.657 [http-nio-8080-exec-6] [4b5f3176-23ac-4c56-b4b3-3acae1647352] INFO  c.w.w.config.CorrelationIdFilter - Request started: OPTIONS /api/permissions from 0:0:0:0:0:0:0:1
2026-05-30 17:32:56.657 [http-nio-8080-exec-9] [73dbbc1c-cf90-4c91-bbb6-366e0758ad90] INFO  c.w.w.config.CorrelationIdFilter - Request completed: OPTIONS /api/groups - Status: 200 - Duration: 2ms
2026-05-30 17:32:56.651 [http-nio-8080-exec-7] [e695df84-dbe8-4643-b232-0ea0062511ec] INFO  c.w.w.config.CorrelationIdFilter - Request started: OPTIONS /api/groups from 0:0:0:0:0:0:0:1
2026-05-30 17:32:56.657 [http-nio-8080-exec-4] [e5503149-90ab-471e-a320-bf766379386c] INFO  c.w.w.config.CorrelationIdFilter - Request started: OPTIONS /api/permissions from 0:0:0:0:0:0:0:1
2026-05-30 17:32:56.659 [http-nio-8080-exec-6] [4b5f3176-23ac-4c56-b4b3-3acae1647352] INFO  c.w.w.config.CorrelationIdFilter - Request completed: OPTIONS /api/permissions - Status: 200 - Duration: 2ms
2026-05-30 17:32:56.659 [http-nio-8080-exec-9] [99c25f6c-5473-451c-9dfb-5a335f3c0fb3] INFO  c.w.w.config.CorrelationIdFilter - Request started: OPTIONS /api/groups from 0:0:0:0:0:0:0:1
2026-05-30 17:32:56.662 [http-nio-8080-exec-7] [e695df84-dbe8-4643-b232-0ea0062511ec] INFO  c.w.w.config.CorrelationIdFilter - Request completed: OPTIONS /api/groups - Status: 200 - Duration: 3ms
2026-05-30 17:32:56.662 [http-nio-8080-exec-4] [e5503149-90ab-471e-a320-bf766379386c] INFO  c.w.w.config.CorrelationIdFilter - Request completed: OPTIONS /api/permissions - Status: 200 - Duration: 3ms
2026-05-30 17:32:56.667 [http-nio-8080-exec-9] [99c25f6c-5473-451c-9dfb-5a335f3c0fb3] INFO  c.w.w.config.CorrelationIdFilter - Request completed: OPTIONS /api/groups - Status: 200 - Duration: 5ms
2026-05-30 17:32:56.670 [http-nio-8080-exec-2] [a5d4f81a-ed09-41dc-837e-0b8c3c98c1f5] INFO  c.w.w.config.CorrelationIdFilter - Request started: GET /api/groups from 0:0:0:0:0:0:0:1
2026-05-30 17:32:56.670 [http-nio-8080-exec-10] [b7642b89-2ac9-479c-b0fd-6f6326c647c4] INFO  c.w.w.config.CorrelationIdFilter - Request started: GET /api/permissions from 0:0:0:0:0:0:0:1
2026-05-30 17:32:56.676 [http-nio-8080-exec-2] [a5d4f81a-ed09-41dc-837e-0b8c3c98c1f5] INFO  c.w.w.g.controller.GroupController - REST API call: GET /api/groups - Retrieving all groups
2026-05-30 17:32:56.676 [http-nio-8080-exec-10] [b7642b89-2ac9-479c-b0fd-6f6326c647c4] INFO  c.w.w.p.c.PermissionController - REST API call: GET /api/permissions - Retrieving all permissions
2026-05-30 17:32:56.677 [http-nio-8080-exec-2] [a5d4f81a-ed09-41dc-837e-0b8c3c98c1f5] INFO  c.w.w.g.s.impl.GroupServiceImpl - Fetching all groups
2026-05-30 17:32:56.678 [http-nio-8080-exec-10] [b7642b89-2ac9-479c-b0fd-6f6326c647c4] INFO  c.w.w.p.s.impl.PermissionServiceImpl - SERVICE: Starting getAllPermissions - Fetching all permissions from database
2026-05-30 17:32:56.681 [http-nio-8080-exec-2] [a5d4f81a-ed09-41dc-837e-0b8c3c98c1f5] DEBUG org.hibernate.SQL - 
    select
        g1_0.id,
        g1_0.name 
    from
        groups g1_0
2026-05-30 17:32:56.684 [http-nio-8080-exec-10] [b7642b89-2ac9-479c-b0fd-6f6326c647c4] DEBUG org.hibernate.SQL - 
    select
        p1_0.id,
        p1_0.name 
    from
        permissions p1_0
2026-05-30 17:32:56.685 [http-nio-8080-exec-10] [b7642b89-2ac9-479c-b0fd-6f6326c647c4] INFO  c.w.w.p.s.impl.PermissionServiceImpl - SERVICE: getAllPermissions completed - Retrieved 5 permissions
2026-05-30 17:32:56.686 [http-nio-8080-exec-2] [a5d4f81a-ed09-41dc-837e-0b8c3c98c1f5] DEBUG org.hibernate.SQL - 
    select
        p1_0.group_id,
        p1_1.id,
        p1_1.name 
    from
        group_permissions p1_0 
    join
        permissions p1_1 
            on p1_1.id=p1_0.permission_id 
    where
        p1_0.group_id=?
2026-05-30 17:32:56.689 [http-nio-8080-exec-10] [b7642b89-2ac9-479c-b0fd-6f6326c647c4] INFO  c.w.w.config.CorrelationIdFilter - Request completed: GET /api/permissions - Status: 200 - Duration: 19ms
2026-05-30 17:32:56.694 [http-nio-8080-exec-2] [a5d4f81a-ed09-41dc-837e-0b8c3c98c1f5] DEBUG org.hibernate.SQL - 
    select
        p1_0.group_id,
        p1_1.id,
        p1_1.name 
    from
        group_permissions p1_0 
    join
        permissions p1_1 
            on p1_1.id=p1_0.permission_id 
    where
        p1_0.group_id=?
2026-05-30 17:32:56.704 [http-nio-8080-exec-2] [a5d4f81a-ed09-41dc-837e-0b8c3c98c1f5] DEBUG org.hibernate.SQL - 
    select
        p1_0.group_id,
        p1_1.id,
        p1_1.name 
    from
        group_permissions p1_0 
    join
        permissions p1_1 
            on p1_1.id=p1_0.permission_id 
    where
        p1_0.group_id=?
2026-05-30 17:32:56.707 [http-nio-8080-exec-8] [66199602-7ea5-418b-9110-dccb3bc5a3b5] INFO  c.w.w.config.CorrelationIdFilter - Request started: GET /api/permissions from 0:0:0:0:0:0:0:1
2026-05-30 17:32:56.709 [http-nio-8080-exec-2] [a5d4f81a-ed09-41dc-837e-0b8c3c98c1f5] INFO  c.w.w.config.CorrelationIdFilter - Request completed: GET /api/groups - Status: 200 - Duration: 39ms
2026-05-30 17:32:56.711 [http-nio-8080-exec-1] [7286ff3a-809b-4c9f-bf08-77d460140b89] INFO  c.w.w.config.CorrelationIdFilter - Request started: GET /api/groups from 0:0:0:0:0:0:0:1
2026-05-30 17:32:56.717 [http-nio-8080-exec-8] [66199602-7ea5-418b-9110-dccb3bc5a3b5] INFO  c.w.w.p.c.PermissionController - REST API call: GET /api/permissions - Retrieving all permissions
2026-05-30 17:32:56.717 [http-nio-8080-exec-8] [66199602-7ea5-418b-9110-dccb3bc5a3b5] INFO  c.w.w.p.s.impl.PermissionServiceImpl - SERVICE: Starting getAllPermissions - Fetching all permissions from database
2026-05-30 17:32:56.721 [http-nio-8080-exec-8] [66199602-7ea5-418b-9110-dccb3bc5a3b5] DEBUG org.hibernate.SQL - 
    select
        p1_0.id,
        p1_0.name 
    from
        permissions p1_0
2026-05-30 17:32:56.723 [http-nio-8080-exec-1] [7286ff3a-809b-4c9f-bf08-77d460140b89] INFO  c.w.w.g.controller.GroupController - REST API call: GET /api/groups - Retrieving all groups
2026-05-30 17:32:56.723 [http-nio-8080-exec-1] [7286ff3a-809b-4c9f-bf08-77d460140b89] INFO  c.w.w.g.s.impl.GroupServiceImpl - Fetching all groups
2026-05-30 17:32:56.724 [http-nio-8080-exec-8] [66199602-7ea5-418b-9110-dccb3bc5a3b5] INFO  c.w.w.p.s.impl.PermissionServiceImpl - SERVICE: getAllPermissions completed - Retrieved 5 permissions
2026-05-30 17:32:56.727 [http-nio-8080-exec-8] [66199602-7ea5-418b-9110-dccb3bc5a3b5] INFO  c.w.w.config.CorrelationIdFilter - Request completed: GET /api/permissions - Status: 200 - Duration: 19ms
2026-05-30 17:32:56.727 [http-nio-8080-exec-1] [7286ff3a-809b-4c9f-bf08-77d460140b89] DEBUG org.hibernate.SQL - 
    select
        g1_0.id,
        g1_0.name 
    from
        groups g1_0
2026-05-30 17:32:56.735 [http-nio-8080-exec-1] [7286ff3a-809b-4c9f-bf08-77d460140b89] DEBUG org.hibernate.SQL - 
    select
        p1_0.group_id,
        p1_1.id,
        p1_1.name 
    from
        group_permissions p1_0 
    join
        permissions p1_1 
            on p1_1.id=p1_0.permission_id 
    where
        p1_0.group_id=?
2026-05-30 17:32:56.738 [http-nio-8080-exec-1] [7286ff3a-809b-4c9f-bf08-77d460140b89] DEBUG org.hibernate.SQL - 
    select
        p1_0.group_id,
        p1_1.id,
        p1_1.name 
    from
        group_permissions p1_0 
    join
        permissions p1_1 
            on p1_1.id=p1_0.permission_id 
    where
        p1_0.group_id=?
2026-05-30 17:32:56.741 [http-nio-8080-exec-1] [7286ff3a-809b-4c9f-bf08-77d460140b89] DEBUG org.hibernate.SQL - 
    select
        p1_0.group_id,
        p1_1.id,
        p1_1.name 
    from
        group_permissions p1_0 
    join
        permissions p1_1 
            on p1_1.id=p1_0.permission_id 
    where
        p1_0.group_id=?
2026-05-30 17:32:56.748 [http-nio-8080-exec-1] [7286ff3a-809b-4c9f-bf08-77d460140b89] INFO  c.w.w.config.CorrelationIdFilter - Request completed: GET /api/groups - Status: 200 - Duration: 33ms
2026-05-30 17:32:56.758 [http-nio-8080-exec-5] [3f1eed1c-73d6-4a80-b215-3abb1b7e5200] INFO  c.w.w.config.CorrelationIdFilter - Request started: GET /api/permissions from 0:0:0:0:0:0:0:1
2026-05-30 17:32:56.758 [http-nio-8080-exec-6] [9630d7d6-c948-4181-a7e2-897c8682d491] INFO  c.w.w.config.CorrelationIdFilter - Request started: GET /api/groups from 0:0:0:0:0:0:0:1
2026-05-30 17:32:56.764 [http-nio-8080-exec-5] [3f1eed1c-73d6-4a80-b215-3abb1b7e5200] INFO  c.w.w.p.c.PermissionController - REST API call: GET /api/permissions - Retrieving all permissions
2026-05-30 17:32:56.764 [http-nio-8080-exec-5] [3f1eed1c-73d6-4a80-b215-3abb1b7e5200] INFO  c.w.w.p.s.impl.PermissionServiceImpl - SERVICE: Starting getAllPermissions - Fetching all permissions from database
2026-05-30 17:32:56.766 [http-nio-8080-exec-5] [3f1eed1c-73d6-4a80-b215-3abb1b7e5200] DEBUG org.hibernate.SQL - 
    select
        p1_0.id,
        p1_0.name 
    from
        permissions p1_0
2026-05-30 17:32:56.767 [http-nio-8080-exec-6] [9630d7d6-c948-4181-a7e2-897c8682d491] INFO  c.w.w.g.controller.GroupController - REST API call: GET /api/groups - Retrieving all groups
2026-05-30 17:32:56.769 [http-nio-8080-exec-5] [3f1eed1c-73d6-4a80-b215-3abb1b7e5200] INFO  c.w.w.p.s.impl.PermissionServiceImpl - SERVICE: getAllPermissions completed - Retrieved 5 permissions
2026-05-30 17:32:56.769 [http-nio-8080-exec-6] [9630d7d6-c948-4181-a7e2-897c8682d491] INFO  c.w.w.g.s.impl.GroupServiceImpl - Fetching all groups
2026-05-30 17:32:56.771 [http-nio-8080-exec-6] [9630d7d6-c948-4181-a7e2-897c8682d491] DEBUG org.hibernate.SQL - 
    select
        g1_0.id,
        g1_0.name 
    from
        groups g1_0
2026-05-30 17:32:56.771 [http-nio-8080-exec-5] [3f1eed1c-73d6-4a80-b215-3abb1b7e5200] INFO  c.w.w.config.CorrelationIdFilter - Request completed: GET /api/permissions - Status: 200 - Duration: 13ms
2026-05-30 17:32:56.774 [http-nio-8080-exec-6] [9630d7d6-c948-4181-a7e2-897c8682d491] DEBUG org.hibernate.SQL - 
    select
        p1_0.group_id,
        p1_1.id,
        p1_1.name 
    from
        group_permissions p1_0 
    join
        permissions p1_1 
            on p1_1.id=p1_0.permission_id 
    where
        p1_0.group_id=?
2026-05-30 17:32:56.783 [http-nio-8080-exec-6] [9630d7d6-c948-4181-a7e2-897c8682d491] DEBUG org.hibernate.SQL - 
    select
        p1_0.group_id,
        p1_1.id,
        p1_1.name 
    from
        group_permissions p1_0 
    join
        permissions p1_1 
            on p1_1.id=p1_0.permission_id 
    where
        p1_0.group_id=?
2026-05-30 17:32:56.787 [http-nio-8080-exec-6] [9630d7d6-c948-4181-a7e2-897c8682d491] DEBUG org.hibernate.SQL - 
    select
        p1_0.group_id,
        p1_1.id,
        p1_1.name 
    from
        group_permissions p1_0 
    join
        permissions p1_1 
            on p1_1.id=p1_0.permission_id 
    where
        p1_0.group_id=?
2026-05-30 17:32:56.792 [http-nio-8080-exec-6] [9630d7d6-c948-4181-a7e2-897c8682d491] INFO  c.w.w.config.CorrelationIdFilter - Request completed: GET /api/groups - Status: 200 - Duration: 34ms
2026-05-30 17:32:56.841 [http-nio-8080-exec-3] [accbcf41-c63e-4400-9259-acafc251ece0] INFO  c.w.w.config.CorrelationIdFilter - Request started: GET /api/permissions from 0:0:0:0:0:0:0:1
2026-05-30 17:32:56.841 [http-nio-8080-exec-4] [d2ac9bfd-903e-4fe4-9fc4-ddb2488c7b89] INFO  c.w.w.config.CorrelationIdFilter - Request started: GET /api/groups from 0:0:0:0:0:0:0:1
2026-05-30 17:32:56.851 [http-nio-8080-exec-3] [accbcf41-c63e-4400-9259-acafc251ece0] INFO  c.w.w.p.c.PermissionController - REST API call: GET /api/permissions - Retrieving all permissions
2026-05-30 17:32:56.852 [http-nio-8080-exec-3] [accbcf41-c63e-4400-9259-acafc251ece0] INFO  c.w.w.p.s.impl.PermissionServiceImpl - SERVICE: Starting getAllPermissions - Fetching all permissions from database
2026-05-30 17:32:56.854 [http-nio-8080-exec-3] [accbcf41-c63e-4400-9259-acafc251ece0] DEBUG org.hibernate.SQL - 
    select
        p1_0.id,
        p1_0.name 
    from
        permissions p1_0
2026-05-30 17:32:56.868 [http-nio-8080-exec-4] [d2ac9bfd-903e-4fe4-9fc4-ddb2488c7b89] INFO  c.w.w.g.controller.GroupController - REST API call: GET /api/groups - Retrieving all groups
2026-05-30 17:32:56.869 [http-nio-8080-exec-4] [d2ac9bfd-903e-4fe4-9fc4-ddb2488c7b89] INFO  c.w.w.g.s.impl.GroupServiceImpl - Fetching all groups
2026-05-30 17:32:56.873 [http-nio-8080-exec-4] [d2ac9bfd-903e-4fe4-9fc4-ddb2488c7b89] DEBUG org.hibernate.SQL - 
    select
        g1_0.id,
        g1_0.name 
    from
        groups g1_0
2026-05-30 17:32:56.889 [http-nio-8080-exec-4] [d2ac9bfd-903e-4fe4-9fc4-ddb2488c7b89] DEBUG org.hibernate.SQL - 
    select
        p1_0.group_id,
        p1_1.id,
        p1_1.name 
    from
        group_permissions p1_0 
    join
        permissions p1_1 
            on p1_1.id=p1_0.permission_id 
    where
        p1_0.group_id=?
2026-05-30 17:32:56.890 [http-nio-8080-exec-3] [accbcf41-c63e-4400-9259-acafc251ece0] INFO  c.w.w.p.s.impl.PermissionServiceImpl - SERVICE: getAllPermissions completed - Retrieved 5 permissions
2026-05-30 17:32:56.893 [http-nio-8080-exec-4] [d2ac9bfd-903e-4fe4-9fc4-ddb2488c7b89] DEBUG org.hibernate.SQL - 
    select
        p1_0.group_id,
        p1_1.id,
        p1_1.name 
    from
        group_permissions p1_0 
    join
        permissions p1_1 
            on p1_1.id=p1_0.permission_id 
    where
        p1_0.group_id=?
2026-05-30 17:32:56.904 [http-nio-8080-exec-4] [d2ac9bfd-903e-4fe4-9fc4-ddb2488c7b89] DEBUG org.hibernate.SQL - 
    select
        p1_0.group_id,
        p1_1.id,
        p1_1.name 
    from
        group_permissions p1_0 
    join
        permissions p1_1 
            on p1_1.id=p1_0.permission_id 
    where
        p1_0.group_id=?
2026-05-30 17:32:56.909 [http-nio-8080-exec-4] [d2ac9bfd-903e-4fe4-9fc4-ddb2488c7b89] INFO  c.w.w.config.CorrelationIdFilter - Request completed: GET /api/groups - Status: 200 - Duration: 67ms
2026-05-30 17:32:56.917 [http-nio-8080-exec-3] [accbcf41-c63e-4400-9259-acafc251ece0] INFO  c.w.w.config.CorrelationIdFilter - Request completed: GET /api/permissions - Status: 200 - Duration: 76ms
2026-05-30 17:33:04.313 [http-nio-8080-exec-9] [1529a542-a2d5-4bd5-b000-3049ecac1598] INFO  c.w.w.config.CorrelationIdFilter - Request started: OPTIONS /api/permissions from 0:0:0:0:0:0:0:1
2026-05-30 17:33:04.314 [http-nio-8080-exec-7] [c60b588e-4915-44b5-a88b-10ec921122d6] INFO  c.w.w.config.CorrelationIdFilter - Request started: OPTIONS /api/permissions from 0:0:0:0:0:0:0:1
2026-05-30 17:33:04.316 [http-nio-8080-exec-9] [1529a542-a2d5-4bd5-b000-3049ecac1598] INFO  c.w.w.config.CorrelationIdFilter - Request completed: OPTIONS /api/permissions - Status: 200 - Duration: 3ms
2026-05-30 17:33:04.317 [http-nio-8080-exec-7] [c60b588e-4915-44b5-a88b-10ec921122d6] INFO  c.w.w.config.CorrelationIdFilter - Request completed: OPTIONS /api/permissions - Status: 200 - Duration: 3ms
2026-05-30 17:33:04.319 [http-nio-8080-exec-9] [8ad20bd8-3010-4854-aa36-2dae7c1d59ed] INFO  c.w.w.config.CorrelationIdFilter - Request started: OPTIONS /api/permissions from 0:0:0:0:0:0:0:1
2026-05-30 17:33:04.323 [http-nio-8080-exec-9] [8ad20bd8-3010-4854-aa36-2dae7c1d59ed] INFO  c.w.w.config.CorrelationIdFilter - Request completed: OPTIONS /api/permissions - Status: 200 - Duration: 4ms
2026-05-30 17:33:04.327 [http-nio-8080-exec-2] [74ff6eb4-098b-4a98-8723-11cfab50cb76] INFO  c.w.w.config.CorrelationIdFilter - Request started: GET /api/permissions from 0:0:0:0:0:0:0:1
2026-05-30 17:33:04.343 [http-nio-8080-exec-2] [74ff6eb4-098b-4a98-8723-11cfab50cb76] INFO  c.w.w.p.c.PermissionController - REST API call: GET /api/permissions - Retrieving all permissions
2026-05-30 17:33:04.346 [http-nio-8080-exec-2] [74ff6eb4-098b-4a98-8723-11cfab50cb76] INFO  c.w.w.p.s.impl.PermissionServiceImpl - SERVICE: Starting getAllPermissions - Fetching all permissions from database
2026-05-30 17:33:04.352 [http-nio-8080-exec-2] [74ff6eb4-098b-4a98-8723-11cfab50cb76] DEBUG org.hibernate.SQL - 
    select
        p1_0.id,
        p1_0.name 
    from
        permissions p1_0
2026-05-30 17:33:04.357 [http-nio-8080-exec-2] [74ff6eb4-098b-4a98-8723-11cfab50cb76] INFO  c.w.w.p.s.impl.PermissionServiceImpl - SERVICE: getAllPermissions completed - Retrieved 5 permissions
2026-05-30 17:33:04.364 [http-nio-8080-exec-2] [74ff6eb4-098b-4a98-8723-11cfab50cb76] INFO  c.w.w.config.CorrelationIdFilter - Request completed: GET /api/permissions - Status: 200 - Duration: 36ms
2026-05-30 17:33:04.368 [http-nio-8080-exec-8] [438e04ba-27a6-4982-807e-273817b62d26] INFO  c.w.w.config.CorrelationIdFilter - Request started: GET /api/permissions from 0:0:0:0:0:0:0:1
2026-05-30 17:33:04.378 [http-nio-8080-exec-8] [438e04ba-27a6-4982-807e-273817b62d26] INFO  c.w.w.p.c.PermissionController - REST API call: GET /api/permissions - Retrieving all permissions
2026-05-30 17:33:04.378 [http-nio-8080-exec-8] [438e04ba-27a6-4982-807e-273817b62d26] INFO  c.w.w.p.s.impl.PermissionServiceImpl - SERVICE: Starting getAllPermissions - Fetching all permissions from database
2026-05-30 17:33:04.378 [http-nio-8080-exec-8] [438e04ba-27a6-4982-807e-273817b62d26] DEBUG org.hibernate.SQL - 
    select
        p1_0.id,
        p1_0.name 
    from
        permissions p1_0
2026-05-30 17:33:04.390 [http-nio-8080-exec-8] [438e04ba-27a6-4982-807e-273817b62d26] INFO  c.w.w.p.s.impl.PermissionServiceImpl - SERVICE: getAllPermissions completed - Retrieved 5 permissions
2026-05-30 17:33:04.393 [http-nio-8080-exec-8] [438e04ba-27a6-4982-807e-273817b62d26] INFO  c.w.w.config.CorrelationIdFilter - Request completed: GET /api/permissions - Status: 200 - Duration: 25ms
2026-05-30 17:33:04.398 [http-nio-8080-exec-1] [85a80fa3-b966-4a34-85ca-ccac63fa4aa1] INFO  c.w.w.config.CorrelationIdFilter - Request started: GET /api/permissions from 0:0:0:0:0:0:0:1
2026-05-30 17:33:04.412 [http-nio-8080-exec-1] [85a80fa3-b966-4a34-85ca-ccac63fa4aa1] INFO  c.w.w.p.c.PermissionController - REST API call: GET /api/permissions - Retrieving all permissions
2026-05-30 17:33:04.412 [http-nio-8080-exec-1] [85a80fa3-b966-4a34-85ca-ccac63fa4aa1] INFO  c.w.w.p.s.impl.PermissionServiceImpl - SERVICE: Starting getAllPermissions - Fetching all permissions from database
2026-05-30 17:33:04.412 [http-nio-8080-exec-1] [85a80fa3-b966-4a34-85ca-ccac63fa4aa1] DEBUG org.hibernate.SQL - 
    select
        p1_0.id,
        p1_0.name 
    from
        permissions p1_0
2026-05-30 17:33:04.421 [http-nio-8080-exec-1] [85a80fa3-b966-4a34-85ca-ccac63fa4aa1] INFO  c.w.w.p.s.impl.PermissionServiceImpl - SERVICE: getAllPermissions completed - Retrieved 5 permissions
2026-05-30 17:33:04.425 [http-nio-8080-exec-1] [85a80fa3-b966-4a34-85ca-ccac63fa4aa1] INFO  c.w.w.config.CorrelationIdFilter - Request completed: GET /api/permissions - Status: 200 - Duration: 27ms
2026-05-30 17:33:04.438 [http-nio-8080-exec-5] [85b1434c-01d4-41e2-9b3f-936b579c1151] INFO  c.w.w.config.CorrelationIdFilter - Request started: GET /api/permissions from 0:0:0:0:0:0:0:1
2026-05-30 17:33:04.449 [http-nio-8080-exec-5] [85b1434c-01d4-41e2-9b3f-936b579c1151] INFO  c.w.w.p.c.PermissionController - REST API call: GET /api/permissions - Retrieving all permissions
2026-05-30 17:33:04.450 [http-nio-8080-exec-5] [85b1434c-01d4-41e2-9b3f-936b579c1151] INFO  c.w.w.p.s.impl.PermissionServiceImpl - SERVICE: Starting getAllPermissions - Fetching all permissions from database
2026-05-30 17:33:04.452 [http-nio-8080-exec-5] [85b1434c-01d4-41e2-9b3f-936b579c1151] DEBUG org.hibernate.SQL - 
    select
        p1_0.id,
        p1_0.name 
    from
        permissions p1_0
2026-05-30 17:33:04.461 [http-nio-8080-exec-5] [85b1434c-01d4-41e2-9b3f-936b579c1151] INFO  c.w.w.p.s.impl.PermissionServiceImpl - SERVICE: getAllPermissions completed - Retrieved 5 permissions
2026-05-30 17:33:04.465 [http-nio-8080-exec-5] [85b1434c-01d4-41e2-9b3f-936b579c1151] INFO  c.w.w.config.CorrelationIdFilter - Request completed: GET /api/permissions - Status: 200 - Duration: 26ms
2026-05-30 17:33:05.883 [http-nio-8080-exec-6] [bcac5475-abda-4cbe-9336-37900ff4b56b] INFO  c.w.w.config.CorrelationIdFilter - Request started: OPTIONS /api/account-types from 0:0:0:0:0:0:0:1
2026-05-30 17:33:05.883 [http-nio-8080-exec-4] [a34d0971-0c84-46d9-baef-d41b0db4b800] INFO  c.w.w.config.CorrelationIdFilter - Request started: OPTIONS /api/account-types from 0:0:0:0:0:0:0:1
2026-05-30 17:33:05.887 [http-nio-8080-exec-3] [563d0ab3-272e-419a-84d1-b7d218d07a85] INFO  c.w.w.config.CorrelationIdFilter - Request started: OPTIONS /api/account-types from 0:0:0:0:0:0:0:1
2026-05-30 17:33:05.888 [http-nio-8080-exec-4] [a34d0971-0c84-46d9-baef-d41b0db4b800] INFO  c.w.w.config.CorrelationIdFilter - Request completed: OPTIONS /api/account-types - Status: 200 - Duration: 3ms
2026-05-30 17:33:05.890 [http-nio-8080-exec-7] [9dda5710-03da-4b17-8ace-bcb7550254ae] INFO  c.w.w.config.CorrelationIdFilter - Request started: OPTIONS /api/account-types from 0:0:0:0:0:0:0:1
2026-05-30 17:33:05.891 [http-nio-8080-exec-6] [bcac5475-abda-4cbe-9336-37900ff4b56b] INFO  c.w.w.config.CorrelationIdFilter - Request completed: OPTIONS /api/account-types - Status: 200 - Duration: 8ms
2026-05-30 17:33:05.891 [http-nio-8080-exec-3] [563d0ab3-272e-419a-84d1-b7d218d07a85] INFO  c.w.w.config.CorrelationIdFilter - Request completed: OPTIONS /api/account-types - Status: 200 - Duration: 4ms
2026-05-30 17:33:05.892 [http-nio-8080-exec-7] [9dda5710-03da-4b17-8ace-bcb7550254ae] INFO  c.w.w.config.CorrelationIdFilter - Request completed: OPTIONS /api/account-types - Status: 200 - Duration: 2ms
2026-05-30 17:33:05.894 [http-nio-8080-exec-10] [57cdae50-a75c-4358-bbc6-0d6a17696b90] INFO  c.w.w.config.CorrelationIdFilter - Request started: GET /api/account-types from 0:0:0:0:0:0:0:1
2026-05-30 17:33:05.902 [http-nio-8080-exec-10] [57cdae50-a75c-4358-bbc6-0d6a17696b90] DEBUG org.hibernate.SQL - 
    select
        at1_0.id,
        at1_0.type_name 
    from
        account_types at1_0
2026-05-30 17:33:05.915 [http-nio-8080-exec-10] [57cdae50-a75c-4358-bbc6-0d6a17696b90] INFO  c.w.w.config.CorrelationIdFilter - Request completed: GET /api/account-types - Status: 200 - Duration: 20ms
2026-05-30 17:33:05.928 [http-nio-8080-exec-9] [48c5ec0e-77e7-4934-96f0-4676dc8dc383] INFO  c.w.w.config.CorrelationIdFilter - Request started: GET /api/account-types from 0:0:0:0:0:0:0:1
2026-05-30 17:33:05.956 [http-nio-8080-exec-9] [48c5ec0e-77e7-4934-96f0-4676dc8dc383] DEBUG org.hibernate.SQL - 
    select
        at1_0.id,
        at1_0.type_name 
    from
        account_types at1_0
2026-05-30 17:33:05.968 [http-nio-8080-exec-9] [48c5ec0e-77e7-4934-96f0-4676dc8dc383] INFO  c.w.w.config.CorrelationIdFilter - Request completed: GET /api/account-types - Status: 200 - Duration: 39ms
2026-05-30 17:33:05.971 [http-nio-8080-exec-2] [74131ec8-ecbf-4366-b63c-ad226f0f8e22] INFO  c.w.w.config.CorrelationIdFilter - Request started: GET /api/account-types from 0:0:0:0:0:0:0:1
2026-05-30 17:33:05.978 [http-nio-8080-exec-2] [74131ec8-ecbf-4366-b63c-ad226f0f8e22] DEBUG org.hibernate.SQL - 
    select
        at1_0.id,
        at1_0.type_name 
    from
        account_types at1_0
2026-05-30 17:33:05.984 [http-nio-8080-exec-2] [74131ec8-ecbf-4366-b63c-ad226f0f8e22] INFO  c.w.w.config.CorrelationIdFilter - Request completed: GET /api/account-types - Status: 200 - Duration: 13ms
2026-05-30 17:33:06.034 [http-nio-8080-exec-8] [e93d9313-7021-486c-9cde-ab1089ad92fb] INFO  c.w.w.config.CorrelationIdFilter - Request started: GET /api/account-types from 0:0:0:0:0:0:0:1
2026-05-30 17:33:06.047 [http-nio-8080-exec-8] [e93d9313-7021-486c-9cde-ab1089ad92fb] DEBUG org.hibernate.SQL - 
    select
        at1_0.id,
        at1_0.type_name 
    from
        account_types at1_0
2026-05-30 17:33:06.054 [http-nio-8080-exec-8] [e93d9313-7021-486c-9cde-ab1089ad92fb] INFO  c.w.w.config.CorrelationIdFilter - Request completed: GET /api/account-types - Status: 200 - Duration: 20ms
2026-05-30 17:33:07.186 [http-nio-8080-exec-5] [80305934-22b2-4ca9-8694-e36907690cae] INFO  c.w.w.config.CorrelationIdFilter - Request started: OPTIONS /api/users from 0:0:0:0:0:0:0:1
2026-05-30 17:33:07.186 [http-nio-8080-exec-1] [e467319f-fa63-4769-bb7b-3a039e0611b6] INFO  c.w.w.config.CorrelationIdFilter - Request started: OPTIONS /api/accounts from 0:0:0:0:0:0:0:1
2026-05-30 17:33:07.187 [http-nio-8080-exec-3] [43451118-6fad-4caf-b1e9-6ed0310b74be] INFO  c.w.w.config.CorrelationIdFilter - Request started: OPTIONS /api/accounts from 0:0:0:0:0:0:0:1
2026-05-30 17:33:07.188 [http-nio-8080-exec-5] [80305934-22b2-4ca9-8694-e36907690cae] INFO  c.w.w.config.CorrelationIdFilter - Request completed: OPTIONS /api/users - Status: 200 - Duration: 2ms
2026-05-30 17:33:07.187 [http-nio-8080-exec-4] [82c73f47-cda0-4016-9688-a34df8fefcb6] INFO  c.w.w.config.CorrelationIdFilter - Request started: OPTIONS /api/currencies from 0:0:0:0:0:0:0:1
2026-05-30 17:33:07.191 [http-nio-8080-exec-5] [7cbd2c71-ac4a-4589-88f9-eedeac650176] INFO  c.w.w.config.CorrelationIdFilter - Request started: OPTIONS /api/users from 0:0:0:0:0:0:0:1
2026-05-30 17:33:07.192 [http-nio-8080-exec-3] [43451118-6fad-4caf-b1e9-6ed0310b74be] INFO  c.w.w.config.CorrelationIdFilter - Request completed: OPTIONS /api/accounts - Status: 200 - Duration: 4ms
2026-05-30 17:33:07.192 [http-nio-8080-exec-5] [7cbd2c71-ac4a-4589-88f9-eedeac650176] INFO  c.w.w.config.CorrelationIdFilter - Request completed: OPTIONS /api/users - Status: 200 - Duration: 1ms
2026-05-30 17:33:07.188 [http-nio-8080-exec-1] [e467319f-fa63-4769-bb7b-3a039e0611b6] INFO  c.w.w.config.CorrelationIdFilter - Request completed: OPTIONS /api/accounts - Status: 200 - Duration: 1ms
2026-05-30 17:33:07.192 [http-nio-8080-exec-4] [82c73f47-cda0-4016-9688-a34df8fefcb6] INFO  c.w.w.config.CorrelationIdFilter - Request completed: OPTIONS /api/currencies - Status: 200 - Duration: 2ms
2026-05-30 17:33:07.197 [http-nio-8080-exec-7] [c6a289a8-99a9-48f2-8cf2-0b1b1f3811da] INFO  c.w.w.config.CorrelationIdFilter - Request started: GET /api/account-types from 0:0:0:0:0:0:0:1
2026-05-30 17:33:07.198 [http-nio-8080-exec-9] [c771875f-aa72-4faa-a049-90b3b5687aef] INFO  c.w.w.config.CorrelationIdFilter - Request started: GET /api/accounts from 0:0:0:0:0:0:0:1
2026-05-30 17:33:07.201 [http-nio-8080-exec-10] [bf654cc2-f6b3-420e-a9d4-105018dc9990] INFO  c.w.w.config.CorrelationIdFilter - Request started: GET /api/users from 0:0:0:0:0:0:0:1
2026-05-30 17:33:07.206 [http-nio-8080-exec-10] [bf654cc2-f6b3-420e-a9d4-105018dc9990] INFO  c.w.w.user.controller.UserController - REST API call: GET /api/users - Retrieving all users
2026-05-30 17:33:07.206 [http-nio-8080-exec-10] [bf654cc2-f6b3-420e-a9d4-105018dc9990] INFO  c.w.w.u.service.impl.UserServiceImpl - SERVICE: Starting getAllUsers - Fetching all users from database
2026-05-30 17:33:07.208 [http-nio-8080-exec-10] [bf654cc2-f6b3-420e-a9d4-105018dc9990] DEBUG org.hibernate.SQL - 
    select
        u1_0.id,
        u1_0.email,
        u1_0.group_id,
        u1_0.name,
        u1_0.password 
    from
        users u1_0
2026-05-30 17:33:07.211 [http-nio-8080-exec-10] [bf654cc2-f6b3-420e-a9d4-105018dc9990] DEBUG org.hibernate.SQL - 
    select
        g1_0.id,
        g1_0.name 
    from
        groups g1_0 
    where
        g1_0.id=?
2026-05-30 17:33:07.213 [http-nio-8080-exec-10] [bf654cc2-f6b3-420e-a9d4-105018dc9990] DEBUG org.hibernate.SQL - 
    select
        g1_0.id,
        g1_0.name 
    from
        groups g1_0 
    where
        g1_0.id=?
2026-05-30 17:33:07.216 [http-nio-8080-exec-10] [bf654cc2-f6b3-420e-a9d4-105018dc9990] INFO  c.w.w.u.service.impl.UserServiceImpl - SERVICE: getAllUsers completed - Retrieved 2 users
2026-05-30 17:33:07.220 [http-nio-8080-exec-10] [bf654cc2-f6b3-420e-a9d4-105018dc9990] INFO  c.w.w.config.CorrelationIdFilter - Request completed: GET /api/users - Status: 200 - Duration: 19ms
2026-05-30 17:33:07.208 [http-nio-8080-exec-9] [c771875f-aa72-4faa-a049-90b3b5687aef] DEBUG org.hibernate.SQL - 
    select
        a1_0.id,
        a1_0.account_type_id,
        a1_0.balance,
        a1_0.currency_id,
        a1_0.user_id 
    from
        accounts a1_0
2026-05-30 17:33:07.238 [http-nio-8080-exec-9] [c771875f-aa72-4faa-a049-90b3b5687aef] DEBUG org.hibernate.SQL - 
    select
        at1_0.id,
        at1_0.type_name 
    from
        account_types at1_0 
    where
        at1_0.id=?
2026-05-30 17:33:07.241 [http-nio-8080-exec-9] [c771875f-aa72-4faa-a049-90b3b5687aef] DEBUG org.hibernate.SQL - 
    select
        c1_0.id,
        c1_0.currency_code,
        c1_0.currency_name 
    from
        currencies c1_0 
    where
        c1_0.id=?
2026-05-30 17:33:07.248 [http-nio-8080-exec-9] [c771875f-aa72-4faa-a049-90b3b5687aef] INFO  c.w.w.config.CorrelationIdFilter - Request completed: GET /api/accounts - Status: 200 - Duration: 49ms
2026-05-30 17:33:07.253 [http-nio-8080-exec-7] [c6a289a8-99a9-48f2-8cf2-0b1b1f3811da] DEBUG org.hibernate.SQL - 
    select
        at1_0.id,
        at1_0.type_name 
    from
        account_types at1_0
2026-05-30 17:33:07.264 [http-nio-8080-exec-7] [c6a289a8-99a9-48f2-8cf2-0b1b1f3811da] INFO  c.w.w.config.CorrelationIdFilter - Request completed: GET /api/account-types - Status: 200 - Duration: 67ms
2026-05-30 17:33:07.271 [http-nio-8080-exec-2] [daf10619-8f6f-41f1-8fc1-203b1db7deb7] INFO  c.w.w.config.CorrelationIdFilter - Request started: GET /api/currencies from 0:0:0:0:0:0:0:1
2026-05-30 17:33:07.274 [http-nio-8080-exec-8] [37d03edb-184d-4e6d-a1c7-ab16d5024705] INFO  c.w.w.config.CorrelationIdFilter - Request started: GET /api/users from 0:0:0:0:0:0:0:1
2026-05-30 17:33:07.274 [http-nio-8080-exec-8] [37d03edb-184d-4e6d-a1c7-ab16d5024705] INFO  c.w.w.user.controller.UserController - REST API call: GET /api/users - Retrieving all users
2026-05-30 17:33:07.274 [http-nio-8080-exec-8] [37d03edb-184d-4e6d-a1c7-ab16d5024705] INFO  c.w.w.u.service.impl.UserServiceImpl - SERVICE: Starting getAllUsers - Fetching all users from database
2026-05-30 17:33:07.274 [http-nio-8080-exec-8] [37d03edb-184d-4e6d-a1c7-ab16d5024705] DEBUG org.hibernate.SQL - 
    select
        u1_0.id,
        u1_0.email,
        u1_0.group_id,
        u1_0.name,
        u1_0.password 
    from
        users u1_0
2026-05-30 17:33:07.287 [http-nio-8080-exec-8] [37d03edb-184d-4e6d-a1c7-ab16d5024705] DEBUG org.hibernate.SQL - 
    select
        g1_0.id,
        g1_0.name 
    from
        groups g1_0 
    where
        g1_0.id=?
2026-05-30 17:33:07.288 [http-nio-8080-exec-2] [daf10619-8f6f-41f1-8fc1-203b1db7deb7] DEBUG org.hibernate.SQL - 
    select
        c1_0.id,
        c1_0.currency_code,
        c1_0.currency_name 
    from
        currencies c1_0
2026-05-30 17:33:07.289 [http-nio-8080-exec-8] [37d03edb-184d-4e6d-a1c7-ab16d5024705] DEBUG org.hibernate.SQL - 
    select
        g1_0.id,
        g1_0.name 
    from
        groups g1_0 
    where
        g1_0.id=?
2026-05-30 17:33:07.291 [http-nio-8080-exec-8] [37d03edb-184d-4e6d-a1c7-ab16d5024705] INFO  c.w.w.u.service.impl.UserServiceImpl - SERVICE: getAllUsers completed - Retrieved 2 users
2026-05-30 17:33:07.294 [http-nio-8080-exec-2] [daf10619-8f6f-41f1-8fc1-203b1db7deb7] INFO  c.w.w.config.CorrelationIdFilter - Request completed: GET /api/currencies - Status: 200 - Duration: 23ms
2026-05-30 17:33:07.296 [http-nio-8080-exec-8] [37d03edb-184d-4e6d-a1c7-ab16d5024705] INFO  c.w.w.config.CorrelationIdFilter - Request completed: GET /api/users - Status: 200 - Duration: 22ms
2026-05-30 17:33:07.308 [http-nio-8080-exec-6] [a285e0a3-0643-4cfa-9776-6506fcf79cac] INFO  c.w.w.config.CorrelationIdFilter - Request started: GET /api/accounts from 0:0:0:0:0:0:0:1
2026-05-30 17:33:07.313 [http-nio-8080-exec-3] [946897b0-8e15-4b1f-94e4-09ff7bdc0e2d] INFO  c.w.w.config.CorrelationIdFilter - Request started: GET /api/account-types from 0:0:0:0:0:0:0:1
2026-05-30 17:33:07.325 [http-nio-8080-exec-6] [a285e0a3-0643-4cfa-9776-6506fcf79cac] DEBUG org.hibernate.SQL - 
    select
        a1_0.id,
        a1_0.account_type_id,
        a1_0.balance,
        a1_0.currency_id,
        a1_0.user_id 
    from
        accounts a1_0
2026-05-30 17:33:07.326 [http-nio-8080-exec-3] [946897b0-8e15-4b1f-94e4-09ff7bdc0e2d] DEBUG org.hibernate.SQL - 
    select
        at1_0.id,
        at1_0.type_name 
    from
        account_types at1_0
2026-05-30 17:33:07.330 [http-nio-8080-exec-6] [a285e0a3-0643-4cfa-9776-6506fcf79cac] DEBUG org.hibernate.SQL - 
    select
        at1_0.id,
        at1_0.type_name 
    from
        account_types at1_0 
    where
        at1_0.id=?
2026-05-30 17:33:07.336 [http-nio-8080-exec-3] [946897b0-8e15-4b1f-94e4-09ff7bdc0e2d] INFO  c.w.w.config.CorrelationIdFilter - Request completed: GET /api/account-types - Status: 200 - Duration: 22ms
2026-05-30 17:33:07.343 [http-nio-8080-exec-6] [a285e0a3-0643-4cfa-9776-6506fcf79cac] DEBUG org.hibernate.SQL - 
    select
        c1_0.id,
        c1_0.currency_code,
        c1_0.currency_name 
    from
        currencies c1_0 
    where
        c1_0.id=?
2026-05-30 17:33:07.357 [http-nio-8080-exec-6] [a285e0a3-0643-4cfa-9776-6506fcf79cac] INFO  c.w.w.config.CorrelationIdFilter - Request completed: GET /api/accounts - Status: 200 - Duration: 49ms
2026-05-30 17:33:07.358 [http-nio-8080-exec-5] [dd465f06-b7ca-4fcc-ad48-50765000f53c] INFO  c.w.w.config.CorrelationIdFilter - Request started: GET /api/users from 0:0:0:0:0:0:0:1
2026-05-30 17:33:07.363 [http-nio-8080-exec-1] [83f75dd5-c465-4592-b899-fe5050316389] INFO  c.w.w.config.CorrelationIdFilter - Request started: GET /api/currencies from 0:0:0:0:0:0:0:1
2026-05-30 17:33:07.365 [http-nio-8080-exec-5] [dd465f06-b7ca-4fcc-ad48-50765000f53c] INFO  c.w.w.user.controller.UserController - REST API call: GET /api/users - Retrieving all users
2026-05-30 17:33:07.365 [http-nio-8080-exec-5] [dd465f06-b7ca-4fcc-ad48-50765000f53c] INFO  c.w.w.u.service.impl.UserServiceImpl - SERVICE: Starting getAllUsers - Fetching all users from database
2026-05-30 17:33:07.366 [http-nio-8080-exec-4] [55f6f28c-92c7-46f9-8321-598304c3c835] INFO  c.w.w.config.CorrelationIdFilter - Request started: GET /api/account-types from 0:0:0:0:0:0:0:1
2026-05-30 17:33:07.370 [http-nio-8080-exec-5] [dd465f06-b7ca-4fcc-ad48-50765000f53c] DEBUG org.hibernate.SQL - 
    select
        u1_0.id,
        u1_0.email,
        u1_0.group_id,
        u1_0.name,
        u1_0.password 
    from
        users u1_0
2026-05-30 17:33:07.373 [http-nio-8080-exec-5] [dd465f06-b7ca-4fcc-ad48-50765000f53c] DEBUG org.hibernate.SQL - 
    select
        g1_0.id,
        g1_0.name 
    from
        groups g1_0 
    where
        g1_0.id=?
2026-05-30 17:33:07.375 [http-nio-8080-exec-5] [dd465f06-b7ca-4fcc-ad48-50765000f53c] DEBUG org.hibernate.SQL - 
    select
        g1_0.id,
        g1_0.name 
    from
        groups g1_0 
    where
        g1_0.id=?
2026-05-30 17:33:07.379 [http-nio-8080-exec-5] [dd465f06-b7ca-4fcc-ad48-50765000f53c] INFO  c.w.w.u.service.impl.UserServiceImpl - SERVICE: getAllUsers completed - Retrieved 2 users
2026-05-30 17:33:07.382 [http-nio-8080-exec-5] [dd465f06-b7ca-4fcc-ad48-50765000f53c] INFO  c.w.w.config.CorrelationIdFilter - Request completed: GET /api/users - Status: 200 - Duration: 24ms
2026-05-30 17:33:07.383 [http-nio-8080-exec-1] [83f75dd5-c465-4592-b899-fe5050316389] DEBUG org.hibernate.SQL - 
    select
        c1_0.id,
        c1_0.currency_code,
        c1_0.currency_name 
    from
        currencies c1_0
2026-05-30 17:33:07.391 [http-nio-8080-exec-4] [55f6f28c-92c7-46f9-8321-598304c3c835] DEBUG org.hibernate.SQL - 
    select
        at1_0.id,
        at1_0.type_name 
    from
        account_types at1_0
2026-05-30 17:33:07.395 [http-nio-8080-exec-4] [55f6f28c-92c7-46f9-8321-598304c3c835] INFO  c.w.w.config.CorrelationIdFilter - Request completed: GET /api/account-types - Status: 200 - Duration: 26ms
2026-05-30 17:33:07.395 [http-nio-8080-exec-1] [83f75dd5-c465-4592-b899-fe5050316389] INFO  c.w.w.config.CorrelationIdFilter - Request completed: GET /api/currencies - Status: 200 - Duration: 31ms
2026-05-30 17:33:07.399 [http-nio-8080-exec-10] [2205f6e2-9c0e-431b-9b5f-ad44fa44b7a2] INFO  c.w.w.config.CorrelationIdFilter - Request started: GET /api/accounts from 0:0:0:0:0:0:0:1
2026-05-30 17:33:07.399 [http-nio-8080-exec-9] [82292658-5b1a-460a-9b23-226c7cce8fb9] INFO  c.w.w.config.CorrelationIdFilter - Request started: GET /api/users from 0:0:0:0:0:0:0:1
2026-05-30 17:33:07.410 [http-nio-8080-exec-9] [82292658-5b1a-460a-9b23-226c7cce8fb9] INFO  c.w.w.user.controller.UserController - REST API call: GET /api/users - Retrieving all users
2026-05-30 17:33:07.412 [http-nio-8080-exec-10] [2205f6e2-9c0e-431b-9b5f-ad44fa44b7a2] DEBUG org.hibernate.SQL - 
    select
        a1_0.id,
        a1_0.account_type_id,
        a1_0.balance,
        a1_0.currency_id,
        a1_0.user_id 
    from
        accounts a1_0
2026-05-30 17:33:07.413 [http-nio-8080-exec-9] [82292658-5b1a-460a-9b23-226c7cce8fb9] INFO  c.w.w.u.service.impl.UserServiceImpl - SERVICE: Starting getAllUsers - Fetching all users from database
2026-05-30 17:33:07.415 [http-nio-8080-exec-10] [2205f6e2-9c0e-431b-9b5f-ad44fa44b7a2] DEBUG org.hibernate.SQL - 
    select
        at1_0.id,
        at1_0.type_name 
    from
        account_types at1_0 
    where
        at1_0.id=?
2026-05-30 17:33:07.419 [http-nio-8080-exec-10] [2205f6e2-9c0e-431b-9b5f-ad44fa44b7a2] DEBUG org.hibernate.SQL - 
    select
        c1_0.id,
        c1_0.currency_code,
        c1_0.currency_name 
    from
        currencies c1_0 
    where
        c1_0.id=?
2026-05-30 17:33:07.426 [http-nio-8080-exec-10] [2205f6e2-9c0e-431b-9b5f-ad44fa44b7a2] INFO  c.w.w.config.CorrelationIdFilter - Request completed: GET /api/accounts - Status: 200 - Duration: 27ms
2026-05-30 17:33:07.428 [http-nio-8080-exec-7] [08356670-abc5-41af-88e4-d5f8faee6243] INFO  c.w.w.config.CorrelationIdFilter - Request started: GET /api/account-types from 0:0:0:0:0:0:0:1
2026-05-30 17:33:07.428 [http-nio-8080-exec-9] [82292658-5b1a-460a-9b23-226c7cce8fb9] DEBUG org.hibernate.SQL - 
    select
        u1_0.id,
        u1_0.email,
        u1_0.group_id,
        u1_0.name,
        u1_0.password 
    from
        users u1_0
2026-05-30 17:33:07.432 [http-nio-8080-exec-9] [82292658-5b1a-460a-9b23-226c7cce8fb9] DEBUG org.hibernate.SQL - 
    select
        g1_0.id,
        g1_0.name 
    from
        groups g1_0 
    where
        g1_0.id=?
2026-05-30 17:33:07.432 [http-nio-8080-exec-2] [cf1973c0-3966-4536-97c3-098c73b70288] INFO  c.w.w.config.CorrelationIdFilter - Request started: GET /api/currencies from 0:0:0:0:0:0:0:1
2026-05-30 17:33:07.433 [http-nio-8080-exec-9] [82292658-5b1a-460a-9b23-226c7cce8fb9] DEBUG org.hibernate.SQL - 
    select
        g1_0.id,
        g1_0.name 
    from
        groups g1_0 
    where
        g1_0.id=?
2026-05-30 17:33:07.437 [http-nio-8080-exec-9] [82292658-5b1a-460a-9b23-226c7cce8fb9] INFO  c.w.w.u.service.impl.UserServiceImpl - SERVICE: getAllUsers completed - Retrieved 2 users
2026-05-30 17:33:07.442 [http-nio-8080-exec-9] [82292658-5b1a-460a-9b23-226c7cce8fb9] INFO  c.w.w.config.CorrelationIdFilter - Request completed: GET /api/users - Status: 200 - Duration: 43ms
2026-05-30 17:33:07.444 [http-nio-8080-exec-7] [08356670-abc5-41af-88e4-d5f8faee6243] DEBUG org.hibernate.SQL - 
    select
        at1_0.id,
        at1_0.type_name 
    from
        account_types at1_0
2026-05-30 17:33:07.444 [http-nio-8080-exec-2] [cf1973c0-3966-4536-97c3-098c73b70288] DEBUG org.hibernate.SQL - 
    select
        c1_0.id,
        c1_0.currency_code,
        c1_0.currency_name 
    from
        currencies c1_0
2026-05-30 17:33:07.448 [http-nio-8080-exec-7] [08356670-abc5-41af-88e4-d5f8faee6243] INFO  c.w.w.config.CorrelationIdFilter - Request completed: GET /api/account-types - Status: 200 - Duration: 19ms
2026-05-30 17:33:07.452 [http-nio-8080-exec-2] [cf1973c0-3966-4536-97c3-098c73b70288] INFO  c.w.w.config.CorrelationIdFilter - Request completed: GET /api/currencies - Status: 200 - Duration: 20ms
2026-05-30 17:33:07.456 [http-nio-8080-exec-8] [ca4848f2-b89c-4a45-82be-ccc2fb2cf64a] INFO  c.w.w.config.CorrelationIdFilter - Request started: GET /api/accounts from 0:0:0:0:0:0:0:1
2026-05-30 17:33:07.463 [http-nio-8080-exec-3] [3e251820-7f15-402b-b060-602ade88f749] INFO  c.w.w.config.CorrelationIdFilter - Request started: GET /api/currencies from 0:0:0:0:0:0:0:1
2026-05-30 17:33:07.463 [http-nio-8080-exec-8] [ca4848f2-b89c-4a45-82be-ccc2fb2cf64a] DEBUG org.hibernate.SQL - 
    select
        a1_0.id,
        a1_0.account_type_id,
        a1_0.balance,
        a1_0.currency_id,
        a1_0.user_id 
    from
        accounts a1_0
2026-05-30 17:33:07.470 [http-nio-8080-exec-8] [ca4848f2-b89c-4a45-82be-ccc2fb2cf64a] DEBUG org.hibernate.SQL - 
    select
        at1_0.id,
        at1_0.type_name 
    from
        account_types at1_0 
    where
        at1_0.id=?
2026-05-30 17:33:07.473 [http-nio-8080-exec-8] [ca4848f2-b89c-4a45-82be-ccc2fb2cf64a] DEBUG org.hibernate.SQL - 
    select
        c1_0.id,
        c1_0.currency_code,
        c1_0.currency_name 
    from
        currencies c1_0 
    where
        c1_0.id=?
2026-05-30 17:33:07.477 [http-nio-8080-exec-8] [ca4848f2-b89c-4a45-82be-ccc2fb2cf64a] INFO  c.w.w.config.CorrelationIdFilter - Request completed: GET /api/accounts - Status: 200 - Duration: 21ms
2026-05-30 17:33:07.483 [http-nio-8080-exec-3] [3e251820-7f15-402b-b060-602ade88f749] DEBUG org.hibernate.SQL - 
    select
        c1_0.id,
        c1_0.currency_code,
        c1_0.currency_name 
    from
        currencies c1_0
2026-05-30 17:33:07.494 [http-nio-8080-exec-3] [3e251820-7f15-402b-b060-602ade88f749] INFO  c.w.w.config.CorrelationIdFilter - Request completed: GET /api/currencies - Status: 200 - Duration: 31ms
2026-05-30 17:33:10.128 [http-nio-8080-exec-6] [8c4667cc-4af1-455c-9c5b-03986615f406] INFO  c.w.w.config.CorrelationIdFilter - Request started: GET /api/currencies from 0:0:0:0:0:0:0:1
2026-05-30 17:33:10.135 [http-nio-8080-exec-6] [8c4667cc-4af1-455c-9c5b-03986615f406] DEBUG org.hibernate.SQL - 
    select
        c1_0.id,
        c1_0.currency_code,
        c1_0.currency_name 
    from
        currencies c1_0
2026-05-30 17:33:10.140 [http-nio-8080-exec-6] [8c4667cc-4af1-455c-9c5b-03986615f406] INFO  c.w.w.config.CorrelationIdFilter - Request completed: GET /api/currencies - Status: 200 - Duration: 12ms
2026-05-30 17:33:10.145 [http-nio-8080-exec-5] [6967380e-5ee9-4bd9-9c20-d8ce3b611687] INFO  c.w.w.config.CorrelationIdFilter - Request started: GET /api/currencies from 0:0:0:0:0:0:0:1
2026-05-30 17:33:10.154 [http-nio-8080-exec-5] [6967380e-5ee9-4bd9-9c20-d8ce3b611687] DEBUG org.hibernate.SQL - 
    select
        c1_0.id,
        c1_0.currency_code,
        c1_0.currency_name 
    from
        currencies c1_0
2026-05-30 17:33:10.158 [http-nio-8080-exec-5] [6967380e-5ee9-4bd9-9c20-d8ce3b611687] INFO  c.w.w.config.CorrelationIdFilter - Request completed: GET /api/currencies - Status: 200 - Duration: 13ms
2026-05-30 17:33:10.169 [http-nio-8080-exec-1] [a113d73d-1268-48d5-bd8b-d85dd3d707bf] INFO  c.w.w.config.CorrelationIdFilter - Request started: GET /api/currencies from 0:0:0:0:0:0:0:1
2026-05-30 17:33:10.176 [http-nio-8080-exec-1] [a113d73d-1268-48d5-bd8b-d85dd3d707bf] DEBUG org.hibernate.SQL - 
    select
        c1_0.id,
        c1_0.currency_code,
        c1_0.currency_name 
    from
        currencies c1_0
2026-05-30 17:33:10.185 [http-nio-8080-exec-1] [a113d73d-1268-48d5-bd8b-d85dd3d707bf] INFO  c.w.w.config.CorrelationIdFilter - Request completed: GET /api/currencies - Status: 200 - Duration: 15ms
2026-05-30 17:33:10.188 [http-nio-8080-exec-4] [db96f986-fa18-4110-9784-11ca7767733a] INFO  c.w.w.config.CorrelationIdFilter - Request started: GET /api/currencies from 0:0:0:0:0:0:0:1
2026-05-30 17:33:10.190 [http-nio-8080-exec-4] [db96f986-fa18-4110-9784-11ca7767733a] DEBUG org.hibernate.SQL - 
    select
        c1_0.id,
        c1_0.currency_code,
        c1_0.currency_name 
    from
        currencies c1_0
2026-05-30 17:33:10.196 [http-nio-8080-exec-4] [db96f986-fa18-4110-9784-11ca7767733a] INFO  c.w.w.config.CorrelationIdFilter - Request completed: GET /api/currencies - Status: 200 - Duration: 8ms
2026-05-30 17:33:15.419 [http-nio-8080-exec-10] [db820f41-75e3-4ed2-a893-5d8c9accb3ba] INFO  c.w.w.config.CorrelationIdFilter - Request started: OPTIONS /api/auth/login from 0:0:0:0:0:0:0:1
2026-05-30 17:33:15.421 [http-nio-8080-exec-10] [db820f41-75e3-4ed2-a893-5d8c9accb3ba] INFO  c.w.w.config.CorrelationIdFilter - Request completed: OPTIONS /api/auth/login - Status: 200 - Duration: 2ms
2026-05-30 17:33:15.423 [http-nio-8080-exec-9] [cfeed120-422e-48f2-bf4d-6d5b6d19212f] INFO  c.w.w.config.CorrelationIdFilter - Request started: POST /api/auth/login from 0:0:0:0:0:0:0:1
2026-05-30 17:33:15.431 [http-nio-8080-exec-9] [cfeed120-422e-48f2-bf4d-6d5b6d19212f] INFO  c.w.w.a.service.impl.AuthServiceImpl - User login attempt: email=chavi1234@gmail.com
2026-05-30 17:33:15.433 [http-nio-8080-exec-9] [cfeed120-422e-48f2-bf4d-6d5b6d19212f] DEBUG org.hibernate.SQL - 
    select
        u1_0.id,
        u1_0.email,
        u1_0.group_id,
        u1_0.name,
        u1_0.password 
    from
        users u1_0 
    where
        u1_0.email=?
2026-05-30 17:33:15.466 [http-nio-8080-exec-9] [cfeed120-422e-48f2-bf4d-6d5b6d19212f] INFO  c.w.w.config.CorrelationIdFilter - Request completed: POST /api/auth/login - Status: 401 - Duration: 43ms
2026-05-30 17:33:29.475 [http-nio-8080-exec-7] [c545a87b-2671-47e6-9414-c81da6a25e31] INFO  c.w.w.config.CorrelationIdFilter - Request started: OPTIONS /api/auth/login from 0:0:0:0:0:0:0:1
2026-05-30 17:33:29.477 [http-nio-8080-exec-7] [c545a87b-2671-47e6-9414-c81da6a25e31] INFO  c.w.w.config.CorrelationIdFilter - Request completed: OPTIONS /api/auth/login - Status: 200 - Duration: 2ms
2026-05-30 17:33:29.481 [http-nio-8080-exec-2] [24b37c56-fcf3-4236-8976-45ab2af9b7f2] INFO  c.w.w.config.CorrelationIdFilter - Request started: POST /api/auth/login from 0:0:0:0:0:0:0:1
2026-05-30 17:33:29.486 [http-nio-8080-exec-2] [24b37c56-fcf3-4236-8976-45ab2af9b7f2] INFO  c.w.w.a.service.impl.AuthServiceImpl - User login attempt: email=tyagi@gmail.com
2026-05-30 17:33:29.487 [http-nio-8080-exec-2] [24b37c56-fcf3-4236-8976-45ab2af9b7f2] DEBUG org.hibernate.SQL - 
    select
        u1_0.id,
        u1_0.email,
        u1_0.group_id,
        u1_0.name,
        u1_0.password 
    from
        users u1_0 
    where
        u1_0.email=?
2026-05-30 17:33:29.694 [http-nio-8080-exec-2] [24b37c56-fcf3-4236-8976-45ab2af9b7f2] DEBUG org.hibernate.SQL - 
    select
        g1_0.id,
        g1_0.name 
    from
        groups g1_0 
    where
        g1_0.id=?
2026-05-30 17:33:29.697 [http-nio-8080-exec-2] [24b37c56-fcf3-4236-8976-45ab2af9b7f2] DEBUG org.hibernate.SQL - 
    select
        p1_0.group_id,
        p1_1.id,
        p1_1.name 
    from
        group_permissions p1_0 
    join
        permissions p1_1 
            on p1_1.id=p1_0.permission_id 
    where
        p1_0.group_id=?
2026-05-30 17:33:29.698 [http-nio-8080-exec-2] [24b37c56-fcf3-4236-8976-45ab2af9b7f2] INFO  c.w.w.a.service.impl.AuthServiceImpl - User login successful: email=tyagi@gmail.com, userId=1
2026-05-30 17:33:29.702 [http-nio-8080-exec-2] [24b37c56-fcf3-4236-8976-45ab2af9b7f2] INFO  c.w.w.config.CorrelationIdFilter - Request completed: POST /api/auth/login - Status: 200 - Duration: 221ms
2026-05-30 17:33:30.357 [http-nio-8080-exec-8] [8f9a3ff1-024e-4f8e-874d-2fb1ac80d5de] INFO  c.w.w.config.CorrelationIdFilter - Request started: OPTIONS /api/users from 0:0:0:0:0:0:0:1
2026-05-30 17:33:30.362 [http-nio-8080-exec-8] [8f9a3ff1-024e-4f8e-874d-2fb1ac80d5de] INFO  c.w.w.config.CorrelationIdFilter - Request completed: OPTIONS /api/users - Status: 200 - Duration: 5ms
2026-05-30 17:33:30.367 [http-nio-8080-exec-8] [d1b0d14b-08e1-4873-a020-1a0dd367882e] INFO  c.w.w.config.CorrelationIdFilter - Request started: OPTIONS /api/accounts from 0:0:0:0:0:0:0:1
2026-05-30 17:33:30.369 [http-nio-8080-exec-8] [d1b0d14b-08e1-4873-a020-1a0dd367882e] INFO  c.w.w.config.CorrelationIdFilter - Request completed: OPTIONS /api/accounts - Status: 200 - Duration: 1ms
2026-05-30 17:33:30.369 [http-nio-8080-exec-8] [8d52edbb-fc3d-4a09-b1ab-25afb7202957] INFO  c.w.w.config.CorrelationIdFilter - Request started: OPTIONS /api/groups from 0:0:0:0:0:0:0:1
2026-05-30 17:33:30.377 [http-nio-8080-exec-8] [8d52edbb-fc3d-4a09-b1ab-25afb7202957] INFO  c.w.w.config.CorrelationIdFilter - Request completed: OPTIONS /api/groups - Status: 200 - Duration: 8ms
2026-05-30 17:33:30.378 [http-nio-8080-exec-8] [fce1a5b2-4c48-461d-b5ad-2c19647f7546] INFO  c.w.w.config.CorrelationIdFilter - Request started: OPTIONS /api/groups from 0:0:0:0:0:0:0:1
2026-05-30 17:33:30.379 [http-nio-8080-exec-3] [2039b3a3-806f-4193-90fe-12e407fea654] INFO  c.w.w.config.CorrelationIdFilter - Request started: OPTIONS /api/permissions from 0:0:0:0:0:0:0:1
2026-05-30 17:33:30.379 [http-nio-8080-exec-8] [fce1a5b2-4c48-461d-b5ad-2c19647f7546] INFO  c.w.w.config.CorrelationIdFilter - Request completed: OPTIONS /api/groups - Status: 200 - Duration: 1ms
2026-05-30 17:33:30.386 [http-nio-8080-exec-8] [98149351-3ca4-4755-8b1d-fc0a2caf39a4] INFO  c.w.w.config.CorrelationIdFilter - Request started: OPTIONS /api/currencies from 0:0:0:0:0:0:0:1
2026-05-30 17:33:30.389 [http-nio-8080-exec-8] [98149351-3ca4-4755-8b1d-fc0a2caf39a4] INFO  c.w.w.config.CorrelationIdFilter - Request completed: OPTIONS /api/currencies - Status: 200 - Duration: 2ms
2026-05-30 17:33:30.393 [http-nio-8080-exec-8] [0d9925b6-fcd5-4ec1-ba4e-d317ea71a556] INFO  c.w.w.config.CorrelationIdFilter - Request started: OPTIONS /api/currencies from 0:0:0:0:0:0:0:1
2026-05-30 17:33:30.403 [http-nio-8080-exec-8] [0d9925b6-fcd5-4ec1-ba4e-d317ea71a556] INFO  c.w.w.config.CorrelationIdFilter - Request completed: OPTIONS /api/currencies - Status: 200 - Duration: 3ms
2026-05-30 17:33:30.404 [http-nio-8080-exec-8] [732d7b60-fad8-4784-9744-49561462c5ac] INFO  c.w.w.config.CorrelationIdFilter - Request started: OPTIONS /api/accounts from 0:0:0:0:0:0:0:1
2026-05-30 17:33:30.406 [http-nio-8080-exec-6] [f5474d27-e016-4e1d-8d3a-6401d5af3a04] INFO  c.w.w.config.CorrelationIdFilter - Request started: OPTIONS /api/users from 0:0:0:0:0:0:0:1
2026-05-30 17:33:30.408 [http-nio-8080-exec-8] [732d7b60-fad8-4784-9744-49561462c5ac] INFO  c.w.w.config.CorrelationIdFilter - Request completed: OPTIONS /api/accounts - Status: 200 - Duration: 3ms
2026-05-30 17:33:30.412 [http-nio-8080-exec-8] [97c64122-582e-478d-964d-8667ad40f85f] INFO  c.w.w.config.CorrelationIdFilter - Request started: OPTIONS /api/permissions from 0:0:0:0:0:0:0:1
2026-05-30 17:33:30.382 [http-nio-8080-exec-3] [2039b3a3-806f-4193-90fe-12e407fea654] INFO  c.w.w.config.CorrelationIdFilter - Request completed: OPTIONS /api/permissions - Status: 200 - Duration: 3ms
2026-05-30 17:33:30.414 [http-nio-8080-exec-8] [97c64122-582e-478d-964d-8667ad40f85f] INFO  c.w.w.config.CorrelationIdFilter - Request completed: OPTIONS /api/permissions - Status: 200 - Duration: 2ms
2026-05-30 17:33:30.414 [http-nio-8080-exec-3] [931944d2-0fad-4d6c-a380-281894da523b] INFO  c.w.w.config.CorrelationIdFilter - Request started: OPTIONS /api/permissions from 0:0:0:0:0:0:0:1
2026-05-30 17:33:30.415 [http-nio-8080-exec-8] [1e0d158e-3839-42bc-a831-d20939ae6ab7] INFO  c.w.w.config.CorrelationIdFilter - Request started: OPTIONS /api/permissions from 0:0:0:0:0:0:0:1
2026-05-30 17:33:30.417 [http-nio-8080-exec-3] [931944d2-0fad-4d6c-a380-281894da523b] INFO  c.w.w.config.CorrelationIdFilter - Request completed: OPTIONS /api/permissions - Status: 200 - Duration: 2ms
2026-05-30 17:33:30.421 [http-nio-8080-exec-8] [1e0d158e-3839-42bc-a831-d20939ae6ab7] INFO  c.w.w.config.CorrelationIdFilter - Request completed: OPTIONS /api/permissions - Status: 200 - Duration: 6ms
2026-05-30 17:33:30.415 [http-nio-8080-exec-6] [f5474d27-e016-4e1d-8d3a-6401d5af3a04] INFO  c.w.w.config.CorrelationIdFilter - Request completed: OPTIONS /api/users - Status: 200 - Duration: 9ms
2026-05-30 17:33:30.436 [http-nio-8080-exec-5] [f4b923d4-9cb6-4b07-ac72-215aa47e0646] INFO  c.w.w.config.CorrelationIdFilter - Request started: GET /api/users from 0:0:0:0:0:0:0:1
2026-05-30 17:33:30.438 [http-nio-8080-exec-3] [55832013-5410-4192-877e-197ac535ee5b] INFO  c.w.w.config.CorrelationIdFilter - Request started: GET /api/accounts from 0:0:0:0:0:0:0:1
2026-05-30 17:33:30.452 [http-nio-8080-exec-5] [f4b923d4-9cb6-4b07-ac72-215aa47e0646] INFO  c.w.w.user.controller.UserController - REST API call: GET /api/users - Retrieving all users
2026-05-30 17:33:30.461 [http-nio-8080-exec-5] [f4b923d4-9cb6-4b07-ac72-215aa47e0646] INFO  c.w.w.u.service.impl.UserServiceImpl - SERVICE: Starting getAllUsers - Fetching all users from database
2026-05-30 17:33:30.466 [http-nio-8080-exec-5] [f4b923d4-9cb6-4b07-ac72-215aa47e0646] DEBUG org.hibernate.SQL - 
    select
        u1_0.id,
        u1_0.email,
        u1_0.group_id,
        u1_0.name,
        u1_0.password 
    from
        users u1_0
2026-05-30 17:33:30.469 [http-nio-8080-exec-5] [f4b923d4-9cb6-4b07-ac72-215aa47e0646] DEBUG org.hibernate.SQL - 
    select
        g1_0.id,
        g1_0.name 
    from
        groups g1_0 
    where
        g1_0.id=?
2026-05-30 17:33:30.470 [http-nio-8080-exec-5] [f4b923d4-9cb6-4b07-ac72-215aa47e0646] DEBUG org.hibernate.SQL - 
    select
        g1_0.id,
        g1_0.name 
    from
        groups g1_0 
    where
        g1_0.id=?
2026-05-30 17:33:30.472 [http-nio-8080-exec-5] [f4b923d4-9cb6-4b07-ac72-215aa47e0646] INFO  c.w.w.u.service.impl.UserServiceImpl - SERVICE: getAllUsers completed - Retrieved 2 users
2026-05-30 17:33:30.472 [http-nio-8080-exec-3] [55832013-5410-4192-877e-197ac535ee5b] DEBUG org.hibernate.SQL - 
    select
        a1_0.id,
        a1_0.account_type_id,
        a1_0.balance,
        a1_0.currency_id,
        a1_0.user_id 
    from
        accounts a1_0
2026-05-30 17:33:30.474 [http-nio-8080-exec-5] [f4b923d4-9cb6-4b07-ac72-215aa47e0646] INFO  c.w.w.config.CorrelationIdFilter - Request completed: GET /api/users - Status: 200 - Duration: 37ms
2026-05-30 17:33:30.477 [http-nio-8080-exec-3] [55832013-5410-4192-877e-197ac535ee5b] DEBUG org.hibernate.SQL - 
    select
        at1_0.id,
        at1_0.type_name 
    from
        account_types at1_0 
    where
        at1_0.id=?
2026-05-30 17:33:30.480 [http-nio-8080-exec-3] [55832013-5410-4192-877e-197ac535ee5b] DEBUG org.hibernate.SQL - 
    select
        c1_0.id,
        c1_0.currency_code,
        c1_0.currency_name 
    from
        currencies c1_0 
    where
        c1_0.id=?
2026-05-30 17:33:30.486 [http-nio-8080-exec-3] [55832013-5410-4192-877e-197ac535ee5b] INFO  c.w.w.config.CorrelationIdFilter - Request completed: GET /api/accounts - Status: 200 - Duration: 47ms
2026-05-30 17:33:30.489 [http-nio-8080-exec-6] [b43665d7-d40b-4daa-a05c-9f14d0e1afda] INFO  c.w.w.config.CorrelationIdFilter - Request started: GET /api/currencies from 0:0:0:0:0:0:0:1
2026-05-30 17:33:30.489 [http-nio-8080-exec-8] [a746cb0a-711f-4d2b-81e4-d3d78bce8e34] INFO  c.w.w.config.CorrelationIdFilter - Request started: GET /api/groups from 0:0:0:0:0:0:0:1
2026-05-30 17:33:30.502 [http-nio-8080-exec-6] [b43665d7-d40b-4daa-a05c-9f14d0e1afda] DEBUG org.hibernate.SQL - 
    select
        c1_0.id,
        c1_0.currency_code,
        c1_0.currency_name 
    from
        currencies c1_0
2026-05-30 17:33:30.505 [http-nio-8080-exec-8] [a746cb0a-711f-4d2b-81e4-d3d78bce8e34] INFO  c.w.w.g.controller.GroupController - REST API call: GET /api/groups - Retrieving all groups
2026-05-30 17:33:30.506 [http-nio-8080-exec-8] [a746cb0a-711f-4d2b-81e4-d3d78bce8e34] INFO  c.w.w.g.s.impl.GroupServiceImpl - Fetching all groups
2026-05-30 17:33:30.508 [http-nio-8080-exec-6] [b43665d7-d40b-4daa-a05c-9f14d0e1afda] INFO  c.w.w.config.CorrelationIdFilter - Request completed: GET /api/currencies - Status: 200 - Duration: 19ms
2026-05-30 17:33:30.489 [http-nio-8080-exec-1] [7295cfc5-62bf-4e87-80bb-5d86cb893bc7] INFO  c.w.w.config.CorrelationIdFilter - Request started: GET /api/permissions from 0:0:0:0:0:0:0:1
2026-05-30 17:33:30.508 [http-nio-8080-exec-8] [a746cb0a-711f-4d2b-81e4-d3d78bce8e34] DEBUG org.hibernate.SQL - 
    select
        g1_0.id,
        g1_0.name 
    from
        groups g1_0
2026-05-30 17:33:30.515 [http-nio-8080-exec-1] [7295cfc5-62bf-4e87-80bb-5d86cb893bc7] INFO  c.w.w.p.c.PermissionController - REST API call: GET /api/permissions - Retrieving all permissions
2026-05-30 17:33:30.516 [http-nio-8080-exec-1] [7295cfc5-62bf-4e87-80bb-5d86cb893bc7] INFO  c.w.w.p.s.impl.PermissionServiceImpl - SERVICE: Starting getAllPermissions - Fetching all permissions from database
2026-05-30 17:33:30.515 [http-nio-8080-exec-8] [a746cb0a-711f-4d2b-81e4-d3d78bce8e34] DEBUG org.hibernate.SQL - 
    select
        p1_0.group_id,
        p1_1.id,
        p1_1.name 
    from
        group_permissions p1_0 
    join
        permissions p1_1 
            on p1_1.id=p1_0.permission_id 
    where
        p1_0.group_id=?
2026-05-30 17:33:30.518 [http-nio-8080-exec-1] [7295cfc5-62bf-4e87-80bb-5d86cb893bc7] DEBUG org.hibernate.SQL - 
    select
        p1_0.id,
        p1_0.name 
    from
        permissions p1_0
2026-05-30 17:33:30.519 [http-nio-8080-exec-1] [7295cfc5-62bf-4e87-80bb-5d86cb893bc7] INFO  c.w.w.p.s.impl.PermissionServiceImpl - SERVICE: getAllPermissions completed - Retrieved 5 permissions
2026-05-30 17:33:30.520 [http-nio-8080-exec-8] [a746cb0a-711f-4d2b-81e4-d3d78bce8e34] DEBUG org.hibernate.SQL - 
    select
        p1_0.group_id,
        p1_1.id,
        p1_1.name 
    from
        group_permissions p1_0 
    join
        permissions p1_1 
            on p1_1.id=p1_0.permission_id 
    where
        p1_0.group_id=?
2026-05-30 17:33:30.522 [http-nio-8080-exec-1] [7295cfc5-62bf-4e87-80bb-5d86cb893bc7] INFO  c.w.w.config.CorrelationIdFilter - Request completed: GET /api/permissions - Status: 200 - Duration: 11ms
2026-05-30 17:33:30.522 [http-nio-8080-exec-8] [a746cb0a-711f-4d2b-81e4-d3d78bce8e34] DEBUG org.hibernate.SQL - 
    select
        p1_0.group_id,
        p1_1.id,
        p1_1.name 
    from
        group_permissions p1_0 
    join
        permissions p1_1 
            on p1_1.id=p1_0.permission_id 
    where
        p1_0.group_id=?
2026-05-30 17:33:30.536 [http-nio-8080-exec-8] [a746cb0a-711f-4d2b-81e4-d3d78bce8e34] INFO  c.w.w.config.CorrelationIdFilter - Request completed: GET /api/groups - Status: 200 - Duration: 46ms
2026-05-30 17:33:30.539 [http-nio-8080-exec-4] [32853d05-5bf6-4597-ac38-ba981f16ad4b] INFO  c.w.w.config.CorrelationIdFilter - Request started: GET /api/users from 0:0:0:0:0:0:0:1
2026-05-30 17:33:30.553 [http-nio-8080-exec-4] [32853d05-5bf6-4597-ac38-ba981f16ad4b] INFO  c.w.w.user.controller.UserController - REST API call: GET /api/users - Retrieving all users
2026-05-30 17:33:30.553 [http-nio-8080-exec-4] [32853d05-5bf6-4597-ac38-ba981f16ad4b] INFO  c.w.w.u.service.impl.UserServiceImpl - SERVICE: Starting getAllUsers - Fetching all users from database
2026-05-30 17:33:30.556 [http-nio-8080-exec-4] [32853d05-5bf6-4597-ac38-ba981f16ad4b] DEBUG org.hibernate.SQL - 
    select
        u1_0.id,
        u1_0.email,
        u1_0.group_id,
        u1_0.name,
        u1_0.password 
    from
        users u1_0
2026-05-30 17:33:30.556 [http-nio-8080-exec-10] [1cc7830c-c3bb-4568-acce-ca0cc5727a14] INFO  c.w.w.config.CorrelationIdFilter - Request started: GET /api/accounts from 0:0:0:0:0:0:0:1
2026-05-30 17:33:30.558 [http-nio-8080-exec-4] [32853d05-5bf6-4597-ac38-ba981f16ad4b] DEBUG org.hibernate.SQL - 
    select
        g1_0.id,
        g1_0.name 
    from
        groups g1_0 
    where
        g1_0.id=?
2026-05-30 17:33:30.566 [http-nio-8080-exec-4] [32853d05-5bf6-4597-ac38-ba981f16ad4b] DEBUG org.hibernate.SQL - 
    select
        g1_0.id,
        g1_0.name 
    from
        groups g1_0 
    where
        g1_0.id=?
2026-05-30 17:33:30.568 [http-nio-8080-exec-4] [32853d05-5bf6-4597-ac38-ba981f16ad4b] INFO  c.w.w.u.service.impl.UserServiceImpl - SERVICE: getAllUsers completed - Retrieved 2 users
2026-05-30 17:33:30.570 [http-nio-8080-exec-4] [32853d05-5bf6-4597-ac38-ba981f16ad4b] INFO  c.w.w.config.CorrelationIdFilter - Request completed: GET /api/users - Status: 200 - Duration: 31ms
2026-05-30 17:33:30.583 [http-nio-8080-exec-10] [1cc7830c-c3bb-4568-acce-ca0cc5727a14] DEBUG org.hibernate.SQL - 
    select
        a1_0.id,
        a1_0.account_type_id,
        a1_0.balance,
        a1_0.currency_id,
        a1_0.user_id 
    from
        accounts a1_0
2026-05-30 17:33:30.595 [http-nio-8080-exec-10] [1cc7830c-c3bb-4568-acce-ca0cc5727a14] DEBUG org.hibernate.SQL - 
    select
        at1_0.id,
        at1_0.type_name 
    from
        account_types at1_0 
    where
        at1_0.id=?
2026-05-30 17:33:30.600 [http-nio-8080-exec-10] [1cc7830c-c3bb-4568-acce-ca0cc5727a14] DEBUG org.hibernate.SQL - 
    select
        c1_0.id,
        c1_0.currency_code,
        c1_0.currency_name 
    from
        currencies c1_0 
    where
        c1_0.id=?
2026-05-30 17:33:30.603 [http-nio-8080-exec-10] [1cc7830c-c3bb-4568-acce-ca0cc5727a14] INFO  c.w.w.config.CorrelationIdFilter - Request completed: GET /api/accounts - Status: 200 - Duration: 47ms
2026-05-30 17:33:30.606 [http-nio-8080-exec-9] [51398d93-094b-4b0b-9ec1-36f718fc9822] INFO  c.w.w.config.CorrelationIdFilter - Request started: GET /api/currencies from 0:0:0:0:0:0:0:1
2026-05-30 17:33:30.607 [http-nio-8080-exec-7] [c27cb08c-e0a9-41e2-a80a-4239af48a835] INFO  c.w.w.config.CorrelationIdFilter - Request started: GET /api/permissions from 0:0:0:0:0:0:0:1
2026-05-30 17:33:30.617 [http-nio-8080-exec-7] [c27cb08c-e0a9-41e2-a80a-4239af48a835] INFO  c.w.w.p.c.PermissionController - REST API call: GET /api/permissions - Retrieving all permissions
2026-05-30 17:33:30.618 [http-nio-8080-exec-7] [c27cb08c-e0a9-41e2-a80a-4239af48a835] INFO  c.w.w.p.s.impl.PermissionServiceImpl - SERVICE: Starting getAllPermissions - Fetching all permissions from database
2026-05-30 17:33:30.620 [http-nio-8080-exec-9] [51398d93-094b-4b0b-9ec1-36f718fc9822] DEBUG org.hibernate.SQL - 
    select
        c1_0.id,
        c1_0.currency_code,
        c1_0.currency_name 
    from
        currencies c1_0
2026-05-30 17:33:30.621 [http-nio-8080-exec-7] [c27cb08c-e0a9-41e2-a80a-4239af48a835] DEBUG org.hibernate.SQL - 
    select
        p1_0.id,
        p1_0.name 
    from
        permissions p1_0
2026-05-30 17:33:30.623 [http-nio-8080-exec-7] [c27cb08c-e0a9-41e2-a80a-4239af48a835] INFO  c.w.w.p.s.impl.PermissionServiceImpl - SERVICE: getAllPermissions completed - Retrieved 5 permissions
2026-05-30 17:33:30.624 [http-nio-8080-exec-9] [51398d93-094b-4b0b-9ec1-36f718fc9822] INFO  c.w.w.config.CorrelationIdFilter - Request completed: GET /api/currencies - Status: 200 - Duration: 18ms
2026-05-30 17:33:30.631 [http-nio-8080-exec-7] [c27cb08c-e0a9-41e2-a80a-4239af48a835] INFO  c.w.w.config.CorrelationIdFilter - Request completed: GET /api/permissions - Status: 200 - Duration: 24ms
2026-05-30 17:33:30.638 [http-nio-8080-exec-5] [0536fd9c-84b4-44ad-bd4f-a52be3b33310] INFO  c.w.w.config.CorrelationIdFilter - Request started: GET /api/users from 0:0:0:0:0:0:0:1
2026-05-30 17:33:30.646 [http-nio-8080-exec-5] [0536fd9c-84b4-44ad-bd4f-a52be3b33310] INFO  c.w.w.user.controller.UserController - REST API call: GET /api/users - Retrieving all users
2026-05-30 17:33:30.647 [http-nio-8080-exec-2] [51f7a728-b753-4d6c-93e7-03c54dfdf013] INFO  c.w.w.config.CorrelationIdFilter - Request started: GET /api/groups from 0:0:0:0:0:0:0:1
2026-05-30 17:33:30.648 [http-nio-8080-exec-5] [0536fd9c-84b4-44ad-bd4f-a52be3b33310] INFO  c.w.w.u.service.impl.UserServiceImpl - SERVICE: Starting getAllUsers - Fetching all users from database
2026-05-30 17:33:30.652 [http-nio-8080-exec-2] [51f7a728-b753-4d6c-93e7-03c54dfdf013] INFO  c.w.w.g.controller.GroupController - REST API call: GET /api/groups - Retrieving all groups
2026-05-30 17:33:30.653 [http-nio-8080-exec-2] [51f7a728-b753-4d6c-93e7-03c54dfdf013] INFO  c.w.w.g.s.impl.GroupServiceImpl - Fetching all groups
2026-05-30 17:33:30.653 [http-nio-8080-exec-5] [0536fd9c-84b4-44ad-bd4f-a52be3b33310] DEBUG org.hibernate.SQL - 
    select
        u1_0.id,
        u1_0.email,
        u1_0.group_id,
        u1_0.name,
        u1_0.password 
    from
        users u1_0
2026-05-30 17:33:30.656 [http-nio-8080-exec-5] [0536fd9c-84b4-44ad-bd4f-a52be3b33310] DEBUG org.hibernate.SQL - 
    select
        g1_0.id,
        g1_0.name 
    from
        groups g1_0 
    where
        g1_0.id=?
2026-05-30 17:33:30.660 [http-nio-8080-exec-5] [0536fd9c-84b4-44ad-bd4f-a52be3b33310] DEBUG org.hibernate.SQL - 
    select
        g1_0.id,
        g1_0.name 
    from
        groups g1_0 
    where
        g1_0.id=?
2026-05-30 17:33:30.662 [http-nio-8080-exec-2] [51f7a728-b753-4d6c-93e7-03c54dfdf013] DEBUG org.hibernate.SQL - 
    select
        g1_0.id,
        g1_0.name 
    from
        groups g1_0
2026-05-30 17:33:30.663 [http-nio-8080-exec-5] [0536fd9c-84b4-44ad-bd4f-a52be3b33310] INFO  c.w.w.u.service.impl.UserServiceImpl - SERVICE: getAllUsers completed - Retrieved 2 users
2026-05-30 17:33:30.664 [http-nio-8080-exec-2] [51f7a728-b753-4d6c-93e7-03c54dfdf013] DEBUG org.hibernate.SQL - 
    select
        p1_0.group_id,
        p1_1.id,
        p1_1.name 
    from
        group_permissions p1_0 
    join
        permissions p1_1 
            on p1_1.id=p1_0.permission_id 
    where
        p1_0.group_id=?
2026-05-30 17:33:30.666 [http-nio-8080-exec-2] [51f7a728-b753-4d6c-93e7-03c54dfdf013] DEBUG org.hibernate.SQL - 
    select
        p1_0.group_id,
        p1_1.id,
        p1_1.name 
    from
        group_permissions p1_0 
    join
        permissions p1_1 
            on p1_1.id=p1_0.permission_id 
    where
        p1_0.group_id=?
2026-05-30 17:33:30.667 [http-nio-8080-exec-2] [51f7a728-b753-4d6c-93e7-03c54dfdf013] DEBUG org.hibernate.SQL - 
    select
        p1_0.group_id,
        p1_1.id,
        p1_1.name 
    from
        group_permissions p1_0 
    join
        permissions p1_1 
            on p1_1.id=p1_0.permission_id 
    where
        p1_0.group_id=?
2026-05-30 17:33:30.667 [http-nio-8080-exec-5] [0536fd9c-84b4-44ad-bd4f-a52be3b33310] INFO  c.w.w.config.CorrelationIdFilter - Request completed: GET /api/users - Status: 200 - Duration: 29ms
2026-05-30 17:33:30.670 [http-nio-8080-exec-2] [51f7a728-b753-4d6c-93e7-03c54dfdf013] INFO  c.w.w.config.CorrelationIdFilter - Request completed: GET /api/groups - Status: 200 - Duration: 22ms
2026-05-30 17:33:30.683 [http-nio-8080-exec-3] [537024c4-d0c2-4e54-9c39-2a41f2254a9b] INFO  c.w.w.config.CorrelationIdFilter - Request started: GET /api/accounts from 0:0:0:0:0:0:0:1
2026-05-30 17:33:30.691 [http-nio-8080-exec-3] [537024c4-d0c2-4e54-9c39-2a41f2254a9b] DEBUG org.hibernate.SQL - 
    select
        a1_0.id,
        a1_0.account_type_id,
        a1_0.balance,
        a1_0.currency_id,
        a1_0.user_id 
    from
        accounts a1_0
2026-05-30 17:33:30.696 [http-nio-8080-exec-3] [537024c4-d0c2-4e54-9c39-2a41f2254a9b] DEBUG org.hibernate.SQL - 
    select
        at1_0.id,
        at1_0.type_name 
    from
        account_types at1_0 
    where
        at1_0.id=?
2026-05-30 17:33:30.698 [http-nio-8080-exec-3] [537024c4-d0c2-4e54-9c39-2a41f2254a9b] DEBUG org.hibernate.SQL - 
    select
        c1_0.id,
        c1_0.currency_code,
        c1_0.currency_name 
    from
        currencies c1_0 
    where
        c1_0.id=?
2026-05-30 17:33:30.702 [http-nio-8080-exec-3] [537024c4-d0c2-4e54-9c39-2a41f2254a9b] INFO  c.w.w.config.CorrelationIdFilter - Request completed: GET /api/accounts - Status: 200 - Duration: 19ms
2026-05-30 17:33:30.717 [http-nio-8080-exec-6] [c0ea5655-6edf-408c-935e-a825465fe554] INFO  c.w.w.config.CorrelationIdFilter - Request started: GET /api/permissions from 0:0:0:0:0:0:0:1
2026-05-30 17:33:30.717 [http-nio-8080-exec-1] [9404b281-c7f8-4c49-bece-06a2c4e7ae8e] INFO  c.w.w.config.CorrelationIdFilter - Request started: GET /api/users from 0:0:0:0:0:0:0:1
2026-05-30 17:33:30.724 [http-nio-8080-exec-1] [9404b281-c7f8-4c49-bece-06a2c4e7ae8e] INFO  c.w.w.user.controller.UserController - REST API call: GET /api/users - Retrieving all users
2026-05-30 17:33:30.727 [http-nio-8080-exec-1] [9404b281-c7f8-4c49-bece-06a2c4e7ae8e] INFO  c.w.w.u.service.impl.UserServiceImpl - SERVICE: Starting getAllUsers - Fetching all users from database
2026-05-30 17:33:30.732 [http-nio-8080-exec-1] [9404b281-c7f8-4c49-bece-06a2c4e7ae8e] DEBUG org.hibernate.SQL - 
    select
        u1_0.id,
        u1_0.email,
        u1_0.group_id,
        u1_0.name,
        u1_0.password 
    from
        users u1_0
2026-05-30 17:33:30.734 [http-nio-8080-exec-1] [9404b281-c7f8-4c49-bece-06a2c4e7ae8e] DEBUG org.hibernate.SQL - 
    select
        g1_0.id,
        g1_0.name 
    from
        groups g1_0 
    where
        g1_0.id=?
2026-05-30 17:33:30.736 [http-nio-8080-exec-1] [9404b281-c7f8-4c49-bece-06a2c4e7ae8e] DEBUG org.hibernate.SQL - 
    select
        g1_0.id,
        g1_0.name 
    from
        groups g1_0 
    where
        g1_0.id=?
2026-05-30 17:33:30.738 [http-nio-8080-exec-1] [9404b281-c7f8-4c49-bece-06a2c4e7ae8e] INFO  c.w.w.u.service.impl.UserServiceImpl - SERVICE: getAllUsers completed - Retrieved 2 users
2026-05-30 17:33:30.741 [http-nio-8080-exec-1] [9404b281-c7f8-4c49-bece-06a2c4e7ae8e] INFO  c.w.w.config.CorrelationIdFilter - Request completed: GET /api/users - Status: 200 - Duration: 22ms
2026-05-30 17:33:30.743 [http-nio-8080-exec-6] [c0ea5655-6edf-408c-935e-a825465fe554] INFO  c.w.w.p.c.PermissionController - REST API call: GET /api/permissions - Retrieving all permissions
2026-05-30 17:33:30.744 [http-nio-8080-exec-6] [c0ea5655-6edf-408c-935e-a825465fe554] INFO  c.w.w.p.s.impl.PermissionServiceImpl - SERVICE: Starting getAllPermissions - Fetching all permissions from database
2026-05-30 17:33:30.746 [http-nio-8080-exec-8] [ba3da4a9-a436-4991-9109-4caa961a5357] INFO  c.w.w.config.CorrelationIdFilter - Request started: GET /api/currencies from 0:0:0:0:0:0:0:1
2026-05-30 17:33:30.747 [http-nio-8080-exec-6] [c0ea5655-6edf-408c-935e-a825465fe554] DEBUG org.hibernate.SQL - 
    select
        p1_0.id,
        p1_0.name 
    from
        permissions p1_0
2026-05-30 17:33:30.749 [http-nio-8080-exec-6] [c0ea5655-6edf-408c-935e-a825465fe554] INFO  c.w.w.p.s.impl.PermissionServiceImpl - SERVICE: getAllPermissions completed - Retrieved 5 permissions
2026-05-30 17:33:30.753 [http-nio-8080-exec-8] [ba3da4a9-a436-4991-9109-4caa961a5357] DEBUG org.hibernate.SQL - 
    select
        c1_0.id,
        c1_0.currency_code,
        c1_0.currency_name 
    from
        currencies c1_0
2026-05-30 17:33:30.755 [http-nio-8080-exec-6] [c0ea5655-6edf-408c-935e-a825465fe554] INFO  c.w.w.config.CorrelationIdFilter - Request completed: GET /api/permissions - Status: 200 - Duration: 38ms
2026-05-30 17:33:30.758 [http-nio-8080-exec-8] [ba3da4a9-a436-4991-9109-4caa961a5357] INFO  c.w.w.config.CorrelationIdFilter - Request completed: GET /api/currencies - Status: 200 - Duration: 12ms
2026-05-30 17:33:30.759 [http-nio-8080-exec-4] [f706f6ed-d97c-4ba4-b471-5fc11ccfe468] INFO  c.w.w.config.CorrelationIdFilter - Request started: GET /api/groups from 0:0:0:0:0:0:0:1
2026-05-30 17:33:30.761 [http-nio-8080-exec-10] [879d5224-6909-4cfc-b145-5fc8d17a427e] INFO  c.w.w.config.CorrelationIdFilter - Request started: GET /api/accounts from 0:0:0:0:0:0:0:1
2026-05-30 17:33:30.766 [http-nio-8080-exec-4] [f706f6ed-d97c-4ba4-b471-5fc11ccfe468] INFO  c.w.w.g.controller.GroupController - REST API call: GET /api/groups - Retrieving all groups
2026-05-30 17:33:30.766 [http-nio-8080-exec-4] [f706f6ed-d97c-4ba4-b471-5fc11ccfe468] INFO  c.w.w.g.s.impl.GroupServiceImpl - Fetching all groups
2026-05-30 17:33:30.769 [http-nio-8080-exec-4] [f706f6ed-d97c-4ba4-b471-5fc11ccfe468] DEBUG org.hibernate.SQL - 
    select
        g1_0.id,
        g1_0.name 
    from
        groups g1_0
2026-05-30 17:33:30.771 [http-nio-8080-exec-4] [f706f6ed-d97c-4ba4-b471-5fc11ccfe468] DEBUG org.hibernate.SQL - 
    select
        p1_0.group_id,
        p1_1.id,
        p1_1.name 
    from
        group_permissions p1_0 
    join
        permissions p1_1 
            on p1_1.id=p1_0.permission_id 
    where
        p1_0.group_id=?
2026-05-30 17:33:30.775 [http-nio-8080-exec-4] [f706f6ed-d97c-4ba4-b471-5fc11ccfe468] DEBUG org.hibernate.SQL - 
    select
        p1_0.group_id,
        p1_1.id,
        p1_1.name 
    from
        group_permissions p1_0 
    join
        permissions p1_1 
            on p1_1.id=p1_0.permission_id 
    where
        p1_0.group_id=?
2026-05-30 17:33:30.779 [http-nio-8080-exec-4] [f706f6ed-d97c-4ba4-b471-5fc11ccfe468] DEBUG org.hibernate.SQL - 
    select
        p1_0.group_id,
        p1_1.id,
        p1_1.name 
    from
        group_permissions p1_0 
    join
        permissions p1_1 
            on p1_1.id=p1_0.permission_id 
    where
        p1_0.group_id=?
2026-05-30 17:33:30.783 [http-nio-8080-exec-4] [f706f6ed-d97c-4ba4-b471-5fc11ccfe468] INFO  c.w.w.config.CorrelationIdFilter - Request completed: GET /api/groups - Status: 200 - Duration: 22ms
2026-05-30 17:33:30.785 [http-nio-8080-exec-10] [879d5224-6909-4cfc-b145-5fc8d17a427e] DEBUG org.hibernate.SQL - 
    select
        a1_0.id,
        a1_0.account_type_id,
        a1_0.balance,
        a1_0.currency_id,
        a1_0.user_id 
    from
        accounts a1_0
2026-05-30 17:33:30.786 [http-nio-8080-exec-10] [879d5224-6909-4cfc-b145-5fc8d17a427e] DEBUG org.hibernate.SQL - 
    select
        at1_0.id,
        at1_0.type_name 
    from
        account_types at1_0 
    where
        at1_0.id=?
2026-05-30 17:33:30.788 [http-nio-8080-exec-10] [879d5224-6909-4cfc-b145-5fc8d17a427e] DEBUG org.hibernate.SQL - 
    select
        c1_0.id,
        c1_0.currency_code,
        c1_0.currency_name 
    from
        currencies c1_0 
    where
        c1_0.id=?
2026-05-30 17:33:30.793 [http-nio-8080-exec-10] [879d5224-6909-4cfc-b145-5fc8d17a427e] INFO  c.w.w.config.CorrelationIdFilter - Request completed: GET /api/accounts - Status: 200 - Duration: 31ms
2026-05-30 17:33:30.802 [http-nio-8080-exec-9] [65a110fc-a09b-484b-9100-9658d78c2d37] INFO  c.w.w.config.CorrelationIdFilter - Request started: GET /api/permissions from 0:0:0:0:0:0:0:1
2026-05-30 17:33:30.802 [http-nio-8080-exec-7] [35f3b943-cba8-4339-b3b8-c3bbe78950cf] INFO  c.w.w.config.CorrelationIdFilter - Request started: GET /api/currencies from 0:0:0:0:0:0:0:1
2026-05-30 17:33:30.806 [http-nio-8080-exec-9] [65a110fc-a09b-484b-9100-9658d78c2d37] INFO  c.w.w.p.c.PermissionController - REST API call: GET /api/permissions - Retrieving all permissions
2026-05-30 17:33:30.807 [http-nio-8080-exec-9] [65a110fc-a09b-484b-9100-9658d78c2d37] INFO  c.w.w.p.s.impl.PermissionServiceImpl - SERVICE: Starting getAllPermissions - Fetching all permissions from database
2026-05-30 17:33:30.811 [http-nio-8080-exec-7] [35f3b943-cba8-4339-b3b8-c3bbe78950cf] DEBUG org.hibernate.SQL - 
    select
        c1_0.id,
        c1_0.currency_code,
        c1_0.currency_name 
    from
        currencies c1_0
2026-05-30 17:33:30.811 [http-nio-8080-exec-9] [65a110fc-a09b-484b-9100-9658d78c2d37] DEBUG org.hibernate.SQL - 
    select
        p1_0.id,
        p1_0.name 
    from
        permissions p1_0
2026-05-30 17:33:30.813 [http-nio-8080-exec-9] [65a110fc-a09b-484b-9100-9658d78c2d37] INFO  c.w.w.p.s.impl.PermissionServiceImpl - SERVICE: getAllPermissions completed - Retrieved 5 permissions
2026-05-30 17:33:30.815 [http-nio-8080-exec-9] [65a110fc-a09b-484b-9100-9658d78c2d37] INFO  c.w.w.config.CorrelationIdFilter - Request completed: GET /api/permissions - Status: 200 - Duration: 13ms
2026-05-30 17:33:30.815 [http-nio-8080-exec-7] [35f3b943-cba8-4339-b3b8-c3bbe78950cf] INFO  c.w.w.config.CorrelationIdFilter - Request completed: GET /api/currencies - Status: 200 - Duration: 12ms
2026-05-30 17:33:30.817 [http-nio-8080-exec-5] [d5dee438-d78c-4191-8576-1b18283e2741] INFO  c.w.w.config.CorrelationIdFilter - Request started: GET /api/groups from 0:0:0:0:0:0:0:1
2026-05-30 17:33:30.820 [http-nio-8080-exec-5] [d5dee438-d78c-4191-8576-1b18283e2741] INFO  c.w.w.g.controller.GroupController - REST API call: GET /api/groups - Retrieving all groups
2026-05-30 17:33:30.821 [http-nio-8080-exec-5] [d5dee438-d78c-4191-8576-1b18283e2741] INFO  c.w.w.g.s.impl.GroupServiceImpl - Fetching all groups
2026-05-30 17:33:30.822 [http-nio-8080-exec-5] [d5dee438-d78c-4191-8576-1b18283e2741] DEBUG org.hibernate.SQL - 
    select
        g1_0.id,
        g1_0.name 
    from
        groups g1_0
2026-05-30 17:33:30.828 [http-nio-8080-exec-5] [d5dee438-d78c-4191-8576-1b18283e2741] DEBUG org.hibernate.SQL - 
    select
        p1_0.group_id,
        p1_1.id,
        p1_1.name 
    from
        group_permissions p1_0 
    join
        permissions p1_1 
            on p1_1.id=p1_0.permission_id 
    where
        p1_0.group_id=?
2026-05-30 17:33:30.830 [http-nio-8080-exec-5] [d5dee438-d78c-4191-8576-1b18283e2741] DEBUG org.hibernate.SQL - 
    select
        p1_0.group_id,
        p1_1.id,
        p1_1.name 
    from
        group_permissions p1_0 
    join
        permissions p1_1 
            on p1_1.id=p1_0.permission_id 
    where
        p1_0.group_id=?
2026-05-30 17:33:30.834 [http-nio-8080-exec-5] [d5dee438-d78c-4191-8576-1b18283e2741] DEBUG org.hibernate.SQL - 
    select
        p1_0.group_id,
        p1_1.id,
        p1_1.name 
    from
        group_permissions p1_0 
    join
        permissions p1_1 
            on p1_1.id=p1_0.permission_id 
    where
        p1_0.group_id=?
2026-05-30 17:33:30.840 [http-nio-8080-exec-5] [d5dee438-d78c-4191-8576-1b18283e2741] INFO  c.w.w.config.CorrelationIdFilter - Request completed: GET /api/groups - Status: 200 - Duration: 23ms
2026-05-30 17:33:37.015 [http-nio-8080-exec-2] [aa245157-aba1-4adf-9950-f2620fb1b2ee] INFO  c.w.w.config.CorrelationIdFilter - Request started: OPTIONS /api/users from 0:0:0:0:0:0:0:1
2026-05-30 17:33:37.019 [http-nio-8080-exec-3] [ce680f79-229e-454e-a288-594881ee4af1] INFO  c.w.w.config.CorrelationIdFilter - Request started: OPTIONS /api/users from 0:0:0:0:0:0:0:1
2026-05-30 17:33:37.020 [http-nio-8080-exec-2] [aa245157-aba1-4adf-9950-f2620fb1b2ee] INFO  c.w.w.config.CorrelationIdFilter - Request completed: OPTIONS /api/users - Status: 200 - Duration: 5ms
2026-05-30 17:33:37.021 [http-nio-8080-exec-2] [f7411f08-60cd-4f88-8416-b7ac0620bb61] INFO  c.w.w.config.CorrelationIdFilter - Request started: OPTIONS /api/users from 0:0:0:0:0:0:0:1
2026-05-30 17:33:37.021 [http-nio-8080-exec-1] [a92a1d00-bb2b-40c4-bda3-f5aee0a3d4d8] INFO  c.w.w.config.CorrelationIdFilter - Request started: OPTIONS /api/users from 0:0:0:0:0:0:0:1
2026-05-30 17:33:37.021 [http-nio-8080-exec-3] [ce680f79-229e-454e-a288-594881ee4af1] INFO  c.w.w.config.CorrelationIdFilter - Request completed: OPTIONS /api/users - Status: 200 - Duration: 1ms
2026-05-30 17:33:37.022 [http-nio-8080-exec-2] [f7411f08-60cd-4f88-8416-b7ac0620bb61] INFO  c.w.w.config.CorrelationIdFilter - Request completed: OPTIONS /api/users - Status: 200 - Duration: 1ms
2026-05-30 17:33:37.023 [http-nio-8080-exec-1] [a92a1d00-bb2b-40c4-bda3-f5aee0a3d4d8] INFO  c.w.w.config.CorrelationIdFilter - Request completed: OPTIONS /api/users - Status: 200 - Duration: 2ms
2026-05-30 17:33:37.025 [http-nio-8080-exec-8] [a4bd0dcb-5b4e-4ef3-b979-b7d5bff66493] INFO  c.w.w.config.CorrelationIdFilter - Request started: GET /api/users from 0:0:0:0:0:0:0:1
2026-05-30 17:33:37.030 [http-nio-8080-exec-8] [a4bd0dcb-5b4e-4ef3-b979-b7d5bff66493] INFO  c.w.w.user.controller.UserController - REST API call: GET /api/users - Retrieving all users
2026-05-30 17:33:37.031 [http-nio-8080-exec-8] [a4bd0dcb-5b4e-4ef3-b979-b7d5bff66493] INFO  c.w.w.u.service.impl.UserServiceImpl - SERVICE: Starting getAllUsers - Fetching all users from database
2026-05-30 17:33:37.032 [http-nio-8080-exec-8] [a4bd0dcb-5b4e-4ef3-b979-b7d5bff66493] DEBUG org.hibernate.SQL - 
    select
        u1_0.id,
        u1_0.email,
        u1_0.group_id,
        u1_0.name,
        u1_0.password 
    from
        users u1_0
2026-05-30 17:33:37.036 [http-nio-8080-exec-8] [a4bd0dcb-5b4e-4ef3-b979-b7d5bff66493] DEBUG org.hibernate.SQL - 
    select
        g1_0.id,
        g1_0.name 
    from
        groups g1_0 
    where
        g1_0.id=?
2026-05-30 17:33:37.041 [http-nio-8080-exec-8] [a4bd0dcb-5b4e-4ef3-b979-b7d5bff66493] DEBUG org.hibernate.SQL - 
    select
        g1_0.id,
        g1_0.name 
    from
        groups g1_0 
    where
        g1_0.id=?
2026-05-30 17:33:37.048 [http-nio-8080-exec-8] [a4bd0dcb-5b4e-4ef3-b979-b7d5bff66493] INFO  c.w.w.u.service.impl.UserServiceImpl - SERVICE: getAllUsers completed - Retrieved 2 users
2026-05-30 17:33:37.053 [http-nio-8080-exec-8] [a4bd0dcb-5b4e-4ef3-b979-b7d5bff66493] INFO  c.w.w.config.CorrelationIdFilter - Request completed: GET /api/users - Status: 200 - Duration: 28ms
2026-05-30 17:33:37.070 [http-nio-8080-exec-4] [d523298e-dcf1-491d-8159-f8477b07890f] INFO  c.w.w.config.CorrelationIdFilter - Request started: GET /api/users from 0:0:0:0:0:0:0:1
2026-05-30 17:33:37.076 [http-nio-8080-exec-4] [d523298e-dcf1-491d-8159-f8477b07890f] INFO  c.w.w.user.controller.UserController - REST API call: GET /api/users - Retrieving all users
2026-05-30 17:33:37.076 [http-nio-8080-exec-4] [d523298e-dcf1-491d-8159-f8477b07890f] INFO  c.w.w.u.service.impl.UserServiceImpl - SERVICE: Starting getAllUsers - Fetching all users from database
2026-05-30 17:33:37.078 [http-nio-8080-exec-4] [d523298e-dcf1-491d-8159-f8477b07890f] DEBUG org.hibernate.SQL - 
    select
        u1_0.id,
        u1_0.email,
        u1_0.group_id,
        u1_0.name,
        u1_0.password 
    from
        users u1_0
2026-05-30 17:33:37.080 [http-nio-8080-exec-4] [d523298e-dcf1-491d-8159-f8477b07890f] DEBUG org.hibernate.SQL - 
    select
        g1_0.id,
        g1_0.name 
    from
        groups g1_0 
    where
        g1_0.id=?
2026-05-30 17:33:37.082 [http-nio-8080-exec-4] [d523298e-dcf1-491d-8159-f8477b07890f] DEBUG org.hibernate.SQL - 
    select
        g1_0.id,
        g1_0.name 
    from
        groups g1_0 
    where
        g1_0.id=?
2026-05-30 17:33:37.084 [http-nio-8080-exec-4] [d523298e-dcf1-491d-8159-f8477b07890f] INFO  c.w.w.u.service.impl.UserServiceImpl - SERVICE: getAllUsers completed - Retrieved 2 users
2026-05-30 17:33:37.088 [http-nio-8080-exec-4] [d523298e-dcf1-491d-8159-f8477b07890f] INFO  c.w.w.config.CorrelationIdFilter - Request completed: GET /api/users - Status: 200 - Duration: 18ms
2026-05-30 17:33:37.090 [http-nio-8080-exec-10] [1f1f6707-57f8-4864-b34c-8c34b5b5cb4e] INFO  c.w.w.config.CorrelationIdFilter - Request started: GET /api/users from 0:0:0:0:0:0:0:1
2026-05-30 17:33:37.093 [http-nio-8080-exec-10] [1f1f6707-57f8-4864-b34c-8c34b5b5cb4e] INFO  c.w.w.user.controller.UserController - REST API call: GET /api/users - Retrieving all users
2026-05-30 17:33:37.095 [http-nio-8080-exec-10] [1f1f6707-57f8-4864-b34c-8c34b5b5cb4e] INFO  c.w.w.u.service.impl.UserServiceImpl - SERVICE: Starting getAllUsers - Fetching all users from database
2026-05-30 17:33:37.097 [http-nio-8080-exec-10] [1f1f6707-57f8-4864-b34c-8c34b5b5cb4e] DEBUG org.hibernate.SQL - 
    select
        u1_0.id,
        u1_0.email,
        u1_0.group_id,
        u1_0.name,
        u1_0.password 
    from
        users u1_0
2026-05-30 17:33:37.102 [http-nio-8080-exec-10] [1f1f6707-57f8-4864-b34c-8c34b5b5cb4e] DEBUG org.hibernate.SQL - 
    select
        g1_0.id,
        g1_0.name 
    from
        groups g1_0 
    where
        g1_0.id=?
2026-05-30 17:33:37.105 [http-nio-8080-exec-10] [1f1f6707-57f8-4864-b34c-8c34b5b5cb4e] DEBUG org.hibernate.SQL - 
    select
        g1_0.id,
        g1_0.name 
    from
        groups g1_0 
    where
        g1_0.id=?
2026-05-30 17:33:37.106 [http-nio-8080-exec-10] [1f1f6707-57f8-4864-b34c-8c34b5b5cb4e] INFO  c.w.w.u.service.impl.UserServiceImpl - SERVICE: getAllUsers completed - Retrieved 2 users
2026-05-30 17:33:37.109 [http-nio-8080-exec-10] [1f1f6707-57f8-4864-b34c-8c34b5b5cb4e] INFO  c.w.w.config.CorrelationIdFilter - Request completed: GET /api/users - Status: 200 - Duration: 19ms
2026-05-30 17:33:37.142 [http-nio-8080-exec-9] [19454387-ab34-42c3-9872-b00af3f751ba] INFO  c.w.w.config.CorrelationIdFilter - Request started: GET /api/users from 0:0:0:0:0:0:0:1
2026-05-30 17:33:37.148 [http-nio-8080-exec-9] [19454387-ab34-42c3-9872-b00af3f751ba] INFO  c.w.w.user.controller.UserController - REST API call: GET /api/users - Retrieving all users
2026-05-30 17:33:37.149 [http-nio-8080-exec-9] [19454387-ab34-42c3-9872-b00af3f751ba] INFO  c.w.w.u.service.impl.UserServiceImpl - SERVICE: Starting getAllUsers - Fetching all users from database
2026-05-30 17:33:37.153 [http-nio-8080-exec-9] [19454387-ab34-42c3-9872-b00af3f751ba] DEBUG org.hibernate.SQL - 
    select
        u1_0.id,
        u1_0.email,
        u1_0.group_id,
        u1_0.name,
        u1_0.password 
    from
        users u1_0
2026-05-30 17:33:37.155 [http-nio-8080-exec-9] [19454387-ab34-42c3-9872-b00af3f751ba] DEBUG org.hibernate.SQL - 
    select
        g1_0.id,
        g1_0.name 
    from
        groups g1_0 
    where
        g1_0.id=?
2026-05-30 17:33:37.156 [http-nio-8080-exec-9] [19454387-ab34-42c3-9872-b00af3f751ba] DEBUG org.hibernate.SQL - 
    select
        g1_0.id,
        g1_0.name 
    from
        groups g1_0 
    where
        g1_0.id=?
2026-05-30 17:33:37.158 [http-nio-8080-exec-9] [19454387-ab34-42c3-9872-b00af3f751ba] INFO  c.w.w.u.service.impl.UserServiceImpl - SERVICE: getAllUsers completed - Retrieved 2 users
2026-05-30 17:33:37.161 [http-nio-8080-exec-9] [19454387-ab34-42c3-9872-b00af3f751ba] INFO  c.w.w.config.CorrelationIdFilter - Request completed: GET /api/users - Status: 200 - Duration: 18ms
2026-05-30 18:02:07.516 [main] [] INFO  c.w.w.WalletManagementSystemApplication - Starting WalletManagementSystemApplication using Java 21.0.11 with PID 14032 (C:\Users\Dell\wallet-management-systems\wallet-management-system\build\classes\java\main started by Dell in C:\Users\Dell\wallet-management-systems\wallet-management-system)
2026-05-30 18:02:07.520 [main] [] DEBUG c.w.w.WalletManagementSystemApplication - Running with Spring Boot v3.5.14, Spring v6.2.18
2026-05-30 18:02:07.521 [main] [] INFO  c.w.w.WalletManagementSystemApplication - No active profile set, falling back to 1 default profile: "default"
2026-05-30 18:02:10.092 [main] [] INFO  o.s.d.r.c.RepositoryConfigurationDelegate - Bootstrapping Spring Data JPA repositories in DEFAULT mode.
2026-05-30 18:02:10.319 [main] [] INFO  o.s.d.r.c.RepositoryConfigurationDelegate - Finished Spring Data repository scanning in 206 ms. Found 6 JPA repository interfaces.
2026-05-30 18:02:11.430 [main] [] INFO  o.s.b.w.e.tomcat.TomcatWebServer - Tomcat initialized with port 8080 (http)
2026-05-30 18:02:11.462 [main] [] INFO  o.a.catalina.core.StandardService - Starting service [Tomcat]
2026-05-30 18:02:11.462 [main] [] INFO  o.a.catalina.core.StandardEngine - Starting Servlet engine: [Apache Tomcat/10.1.54]
2026-05-30 18:02:11.604 [main] [] INFO  o.a.c.c.C.[Tomcat].[localhost].[/] - Initializing Spring embedded WebApplicationContext
2026-05-30 18:02:11.605 [main] [] INFO  o.s.b.w.s.c.ServletWebServerApplicationContext - Root WebApplicationContext: initialization completed in 3924 ms
2026-05-30 18:02:11.922 [main] [] DEBUG c.w.w.s.JwtAuthenticationFilter - Filter 'jwtAuthenticationFilter' configured for use
2026-05-30 18:02:12.234 [main] [] INFO  o.h.jpa.internal.util.LogHelper - HHH000204: Processing PersistenceUnitInfo [name: default]
2026-05-30 18:02:12.438 [main] [] INFO  org.hibernate.Version - HHH000412: Hibernate ORM core version 6.6.49.Final
2026-05-30 18:02:12.533 [main] [] INFO  o.h.c.i.RegionFactoryInitiator - HHH000026: Second-level cache disabled
2026-05-30 18:02:13.272 [main] [] INFO  o.s.o.j.p.SpringPersistenceUnitInfo - No LoadTimeWeaver setup: ignoring JPA class transformer
2026-05-30 18:02:13.407 [main] [] INFO  com.zaxxer.hikari.HikariDataSource - HikariPool-1 - Starting...
2026-05-30 18:02:13.917 [main] [] INFO  com.zaxxer.hikari.pool.HikariPool - HikariPool-1 - Added connection org.postgresql.jdbc.PgConnection@2aa0feb2
2026-05-30 18:02:13.921 [main] [] INFO  com.zaxxer.hikari.HikariDataSource - HikariPool-1 - Start completed.
2026-05-30 18:02:14.080 [main] [] WARN  org.hibernate.orm.deprecation - HHH90000025: PostgreSQLDialect does not need to be specified explicitly using 'hibernate.dialect' (remove the property setting and it will be selected by default)
2026-05-30 18:02:14.144 [main] [] INFO  o.hibernate.orm.connections.pooling - HHH10001005: Database info:
	Database JDBC URL [Connecting through datasource 'HikariDataSource (HikariPool-1)']
	Database driver: undefined/unknown
	Database version: 17.10
	Autocommit mode: undefined/unknown
	Isolation level: undefined/unknown
	Minimum pool size: undefined/unknown
	Maximum pool size: undefined/unknown
2026-05-30 18:02:17.383 [main] [] INFO  o.h.e.t.j.p.i.JtaPlatformInitiator - HHH000489: No JTA platform available (set 'hibernate.transaction.jta.platform' to enable JTA platform integration)
2026-05-30 18:02:17.734 [main] [] INFO  o.s.o.j.LocalContainerEntityManagerFactoryBean - Initialized JPA EntityManagerFactory for persistence unit 'default'
2026-05-30 18:02:18.825 [main] [] WARN  o.s.b.a.o.j.JpaBaseConfiguration$JpaWebConfiguration - spring.jpa.open-in-view is enabled by default. Therefore, database queries may be performed during view rendering. Explicitly configure spring.jpa.open-in-view to disable this warning
2026-05-30 18:02:19.556 [main] [] INFO  o.s.b.a.e.web.EndpointLinksResolver - Exposing 6 endpoints beneath base path '/actuator'
2026-05-30 18:02:19.650 [main] [] INFO  o.s.s.c.a.a.c.InitializeAuthenticationProviderBeanManagerConfigurer$InitializeAuthenticationProviderManagerConfigurer - Global AuthenticationManager configured with AuthenticationProvider bean with name authenticationProvider
2026-05-30 18:02:19.651 [main] [] WARN  o.s.s.c.a.a.c.InitializeUserDetailsBeanManagerConfigurer$InitializeUserDetailsManagerConfigurer - Global AuthenticationManager configured with an AuthenticationProvider bean. UserDetailsService beans will not be used by Spring Security for automatically configuring username/password login. Consider removing the AuthenticationProvider bean. Alternatively, consider using the UserDetailsService in a manually instantiated DaoAuthenticationProvider. If the current configuration is intentional, to turn off this warning, increase the logging level of 'org.springframework.security.config.annotation.authentication.configuration.InitializeUserDetailsBeanManagerConfigurer' to ERROR
2026-05-30 18:02:20.623 [main] [] INFO  o.s.b.w.e.tomcat.TomcatWebServer - Tomcat started on port 8080 (http) with context path '/'
2026-05-30 18:02:20.643 [main] [] INFO  c.w.w.WalletManagementSystemApplication - Started WalletManagementSystemApplication in 14.413 seconds (process running for 15.143)
2026-05-30 18:02:21.384 [main] [] DEBUG org.hibernate.SQL - 
    select
        count(*) 
    from
        currencies c1_0
2026-05-30 18:02:21.426 [main] [] DEBUG org.hibernate.SQL - 
    select
        count(*) 
    from
        account_types at1_0
2026-05-30 18:02:21.431 [main] [] DEBUG org.hibernate.SQL - 
    select
        count(*) 
    from
        permissions p1_0
2026-05-30 18:02:21.435 [main] [] DEBUG org.hibernate.SQL - 
    select
        count(*) 
    from
        groups g1_0
2026-05-30 18:03:14.887 [http-nio-8080-exec-1] [] INFO  o.a.c.c.C.[Tomcat].[localhost].[/] - Initializing Spring DispatcherServlet 'dispatcherServlet'
2026-05-30 18:03:14.887 [http-nio-8080-exec-1] [] INFO  o.s.web.servlet.DispatcherServlet - Initializing Servlet 'dispatcherServlet'
2026-05-30 18:03:14.892 [http-nio-8080-exec-1] [] INFO  o.s.web.servlet.DispatcherServlet - Completed initialization in 5 ms
2026-05-30 18:03:14.898 [http-nio-8080-exec-1] [19bc09e4-705a-4545-a712-4c2819910ba7] INFO  c.w.w.config.CorrelationIdFilter - Request started: OPTIONS /api/auth/login from 0:0:0:0:0:0:0:1
2026-05-30 18:03:15.009 [http-nio-8080-exec-1] [19bc09e4-705a-4545-a712-4c2819910ba7] INFO  c.w.w.config.CorrelationIdFilter - Request completed: OPTIONS /api/auth/login - Status: 200 - Duration: 111ms
2026-05-30 18:03:15.014 [http-nio-8080-exec-3] [8bdf2573-b1b2-4739-93b1-6316b160095f] INFO  c.w.w.config.CorrelationIdFilter - Request started: POST /api/auth/login from 0:0:0:0:0:0:0:1
2026-05-30 18:03:15.458 [http-nio-8080-exec-3] [8bdf2573-b1b2-4739-93b1-6316b160095f] INFO  c.w.w.a.service.impl.AuthServiceImpl - User login attempt: email=tyagi@gmail.com
2026-05-30 18:03:15.531 [http-nio-8080-exec-3] [8bdf2573-b1b2-4739-93b1-6316b160095f] DEBUG org.hibernate.SQL - 
    select
        u1_0.id,
        u1_0.email,
        u1_0.group_id,
        u1_0.name,
        u1_0.password 
    from
        users u1_0 
    where
        u1_0.email=?
2026-05-30 18:03:15.727 [http-nio-8080-exec-3] [8bdf2573-b1b2-4739-93b1-6316b160095f] DEBUG org.hibernate.SQL - 
    select
        g1_0.id,
        g1_0.name 
    from
        groups g1_0 
    where
        g1_0.id=?
2026-05-30 18:03:15.764 [http-nio-8080-exec-3] [8bdf2573-b1b2-4739-93b1-6316b160095f] DEBUG org.hibernate.SQL - 
    select
        p1_0.group_id,
        p1_1.id,
        p1_1.name 
    from
        group_permissions p1_0 
    join
        permissions p1_1 
            on p1_1.id=p1_0.permission_id 
    where
        p1_0.group_id=?
2026-05-30 18:03:15.846 [http-nio-8080-exec-3] [8bdf2573-b1b2-4739-93b1-6316b160095f] INFO  c.w.w.a.service.impl.AuthServiceImpl - User login successful: email=tyagi@gmail.com, userId=1
2026-05-30 18:03:15.917 [http-nio-8080-exec-3] [8bdf2573-b1b2-4739-93b1-6316b160095f] INFO  c.w.w.config.CorrelationIdFilter - Request completed: POST /api/auth/login - Status: 200 - Duration: 903ms
2026-05-30 18:03:16.611 [http-nio-8080-exec-2] [45068b20-9b7e-47b3-81d2-4a5620ecc2c7] INFO  c.w.w.config.CorrelationIdFilter - Request started: OPTIONS /api/users from 0:0:0:0:0:0:0:1
2026-05-30 18:03:16.622 [http-nio-8080-exec-2] [45068b20-9b7e-47b3-81d2-4a5620ecc2c7] INFO  c.w.w.config.CorrelationIdFilter - Request completed: OPTIONS /api/users - Status: 200 - Duration: 11ms
2026-05-30 18:03:16.623 [http-nio-8080-exec-4] [e428c74e-a524-45d1-9305-dd98233699ca] INFO  c.w.w.config.CorrelationIdFilter - Request started: OPTIONS /api/accounts from 0:0:0:0:0:0:0:1
2026-05-30 18:03:16.626 [http-nio-8080-exec-2] [5bce89a7-653c-4646-97b4-f9c4de43be6a] INFO  c.w.w.config.CorrelationIdFilter - Request started: OPTIONS /api/accounts from 0:0:0:0:0:0:0:1
2026-05-30 18:03:16.632 [http-nio-8080-exec-4] [e428c74e-a524-45d1-9305-dd98233699ca] INFO  c.w.w.config.CorrelationIdFilter - Request completed: OPTIONS /api/accounts - Status: 200 - Duration: 8ms
2026-05-30 18:03:16.634 [http-nio-8080-exec-5] [49deca73-f050-47ba-9334-2f0e3e37f71e] INFO  c.w.w.config.CorrelationIdFilter - Request started: OPTIONS /api/groups from 0:0:0:0:0:0:0:1
2026-05-30 18:03:16.638 [http-nio-8080-exec-4] [211bf903-059d-41fb-b1a5-51a8af09b74b] INFO  c.w.w.config.CorrelationIdFilter - Request started: OPTIONS /api/permissions from 0:0:0:0:0:0:0:1
2026-05-30 18:03:16.647 [http-nio-8080-exec-6] [d7f33f7d-62f1-4235-92c0-6aa82c0a4b1b] INFO  c.w.w.config.CorrelationIdFilter - Request started: OPTIONS /api/currencies from 0:0:0:0:0:0:0:1
2026-05-30 18:03:16.650 [http-nio-8080-exec-4] [211bf903-059d-41fb-b1a5-51a8af09b74b] INFO  c.w.w.config.CorrelationIdFilter - Request completed: OPTIONS /api/permissions - Status: 200 - Duration: 11ms
2026-05-30 18:03:16.650 [http-nio-8080-exec-6] [d7f33f7d-62f1-4235-92c0-6aa82c0a4b1b] INFO  c.w.w.config.CorrelationIdFilter - Request completed: OPTIONS /api/currencies - Status: 200 - Duration: 3ms
2026-05-30 18:03:16.652 [http-nio-8080-exec-4] [861aae80-2b69-4d01-8043-f1b45410c7ed] INFO  c.w.w.config.CorrelationIdFilter - Request started: OPTIONS /api/groups from 0:0:0:0:0:0:0:1
2026-05-30 18:03:16.655 [http-nio-8080-exec-6] [bca56d5f-4ebe-4ef8-b28c-d8d5cbd566ee] INFO  c.w.w.config.CorrelationIdFilter - Request started: OPTIONS /api/permissions from 0:0:0:0:0:0:0:1
2026-05-30 18:03:16.656 [http-nio-8080-exec-7] [59a6832f-874d-407d-9f41-a12c2eb20ed7] INFO  c.w.w.config.CorrelationIdFilter - Request started: OPTIONS /api/users from 0:0:0:0:0:0:0:1
2026-05-30 18:03:16.658 [http-nio-8080-exec-4] [861aae80-2b69-4d01-8043-f1b45410c7ed] INFO  c.w.w.config.CorrelationIdFilter - Request completed: OPTIONS /api/groups - Status: 200 - Duration: 3ms
2026-05-30 18:03:16.659 [http-nio-8080-exec-7] [59a6832f-874d-407d-9f41-a12c2eb20ed7] INFO  c.w.w.config.CorrelationIdFilter - Request completed: OPTIONS /api/users - Status: 200 - Duration: 3ms
2026-05-30 18:03:16.660 [http-nio-8080-exec-8] [75835a9f-4263-49ae-b069-c1a7100f3c19] INFO  c.w.w.config.CorrelationIdFilter - Request started: OPTIONS /api/currencies from 0:0:0:0:0:0:0:1
2026-05-30 18:03:16.662 [http-nio-8080-exec-7] [40ab7299-fd97-481f-8c93-a2509332f858] INFO  c.w.w.config.CorrelationIdFilter - Request started: OPTIONS /api/users from 0:0:0:0:0:0:0:1
2026-05-30 18:03:16.658 [http-nio-8080-exec-6] [bca56d5f-4ebe-4ef8-b28c-d8d5cbd566ee] INFO  c.w.w.config.CorrelationIdFilter - Request completed: OPTIONS /api/permissions - Status: 200 - Duration: 3ms
2026-05-30 18:03:16.664 [http-nio-8080-exec-5] [49deca73-f050-47ba-9334-2f0e3e37f71e] INFO  c.w.w.config.CorrelationIdFilter - Request completed: OPTIONS /api/groups - Status: 200 - Duration: 27ms
2026-05-30 18:03:16.669 [http-nio-8080-exec-9] [f876d71e-c760-4d92-939d-c1f9e4258344] INFO  c.w.w.config.CorrelationIdFilter - Request started: OPTIONS /api/accounts from 0:0:0:0:0:0:0:1
2026-05-30 18:03:16.674 [http-nio-8080-exec-9] [f876d71e-c760-4d92-939d-c1f9e4258344] INFO  c.w.w.config.CorrelationIdFilter - Request completed: OPTIONS /api/accounts - Status: 200 - Duration: 3ms
2026-05-30 18:03:16.677 [http-nio-8080-exec-9] [6b13a4fa-dd37-48c5-ae43-14990d7bb552] INFO  c.w.w.config.CorrelationIdFilter - Request started: OPTIONS /api/groups from 0:0:0:0:0:0:0:1
2026-05-30 18:03:16.684 [http-nio-8080-exec-10] [6db4b0e4-aaa0-476e-b373-c25b2f466e9a] INFO  c.w.w.config.CorrelationIdFilter - Request started: OPTIONS /api/permissions from 0:0:0:0:0:0:0:1
2026-05-30 18:03:16.689 [http-nio-8080-exec-10] [6db4b0e4-aaa0-476e-b373-c25b2f466e9a] INFO  c.w.w.config.CorrelationIdFilter - Request completed: OPTIONS /api/permissions - Status: 200 - Duration: 4ms
2026-05-30 18:03:16.693 [http-nio-8080-exec-10] [be35def0-1b26-4288-8286-57d3806b2c88] INFO  c.w.w.config.CorrelationIdFilter - Request started: OPTIONS /api/currencies from 0:0:0:0:0:0:0:1
2026-05-30 18:03:16.695 [http-nio-8080-exec-8] [75835a9f-4263-49ae-b069-c1a7100f3c19] INFO  c.w.w.config.CorrelationIdFilter - Request completed: OPTIONS /api/currencies - Status: 200 - Duration: 35ms
2026-05-30 18:03:16.712 [http-nio-8080-exec-8] [3a09b2b9-89ed-4152-b037-c1f61dcca6aa] INFO  c.w.w.config.CorrelationIdFilter - Request started: OPTIONS /api/users from 0:0:0:0:0:0:0:1
2026-05-30 18:03:16.716 [http-nio-8080-exec-8] [3a09b2b9-89ed-4152-b037-c1f61dcca6aa] INFO  c.w.w.config.CorrelationIdFilter - Request completed: OPTIONS /api/users - Status: 200 - Duration: 4ms
2026-05-30 18:03:16.722 [http-nio-8080-exec-9] [6b13a4fa-dd37-48c5-ae43-14990d7bb552] INFO  c.w.w.config.CorrelationIdFilter - Request completed: OPTIONS /api/groups - Status: 200 - Duration: 44ms
2026-05-30 18:03:16.726 [http-nio-8080-exec-7] [40ab7299-fd97-481f-8c93-a2509332f858] INFO  c.w.w.config.CorrelationIdFilter - Request completed: OPTIONS /api/users - Status: 200 - Duration: 60ms
2026-05-30 18:03:16.727 [http-nio-8080-exec-2] [5bce89a7-653c-4646-97b4-f9c4de43be6a] INFO  c.w.w.config.CorrelationIdFilter - Request completed: OPTIONS /api/accounts - Status: 200 - Duration: 101ms
2026-05-30 18:03:16.732 [http-nio-8080-exec-10] [be35def0-1b26-4288-8286-57d3806b2c88] INFO  c.w.w.config.CorrelationIdFilter - Request completed: OPTIONS /api/currencies - Status: 200 - Duration: 39ms
2026-05-30 18:03:16.742 [http-nio-8080-exec-6] [0025240a-9fde-4e33-a116-c5d4c6bfa915] INFO  c.w.w.config.CorrelationIdFilter - Request started: GET /api/users from 0:0:0:0:0:0:0:1
2026-05-30 18:03:16.749 [http-nio-8080-exec-8] [014644d3-aebd-4f8a-8b45-a8e2c13c059b] INFO  c.w.w.config.CorrelationIdFilter - Request started: OPTIONS /api/accounts from 0:0:0:0:0:0:0:1
2026-05-30 18:03:16.754 [http-nio-8080-exec-1] [25d20d75-f252-468b-9d0b-10ec52b33cb2] INFO  c.w.w.config.CorrelationIdFilter - Request started: OPTIONS /api/groups from 0:0:0:0:0:0:0:1
2026-05-30 18:03:16.755 [http-nio-8080-exec-8] [014644d3-aebd-4f8a-8b45-a8e2c13c059b] INFO  c.w.w.config.CorrelationIdFilter - Request completed: OPTIONS /api/accounts - Status: 200 - Duration: 6ms
2026-05-30 18:03:16.762 [http-nio-8080-exec-1] [25d20d75-f252-468b-9d0b-10ec52b33cb2] INFO  c.w.w.config.CorrelationIdFilter - Request completed: OPTIONS /api/groups - Status: 200 - Duration: 6ms
2026-05-30 18:03:16.763 [http-nio-8080-exec-7] [8e1c06fa-8c5b-41ad-a2a1-56a720967fd2] INFO  c.w.w.config.CorrelationIdFilter - Request started: OPTIONS /api/permissions from 0:0:0:0:0:0:0:1
2026-05-30 18:03:16.778 [http-nio-8080-exec-6] [0025240a-9fde-4e33-a116-c5d4c6bfa915] INFO  c.w.w.user.controller.UserController - REST API call: GET /api/users - Retrieving all users
2026-05-30 18:03:16.779 [http-nio-8080-exec-7] [8e1c06fa-8c5b-41ad-a2a1-56a720967fd2] INFO  c.w.w.config.CorrelationIdFilter - Request completed: OPTIONS /api/permissions - Status: 200 - Duration: 16ms
2026-05-30 18:03:16.781 [http-nio-8080-exec-6] [0025240a-9fde-4e33-a116-c5d4c6bfa915] INFO  c.w.w.u.service.impl.UserServiceImpl - SERVICE: Starting getAllUsers - Fetching all users from database
2026-05-30 18:03:16.791 [http-nio-8080-exec-9] [6a368400-29ec-4730-824d-64fdcc988a1b] INFO  c.w.w.config.CorrelationIdFilter - Request started: GET /api/accounts from 0:0:0:0:0:0:0:1
2026-05-30 18:03:16.797 [http-nio-8080-exec-2] [495511c1-a0e8-4fde-bd08-bf6841180cad] INFO  c.w.w.config.CorrelationIdFilter - Request started: GET /api/permissions from 0:0:0:0:0:0:0:1
2026-05-30 18:03:16.808 [http-nio-8080-exec-9] [6a368400-29ec-4730-824d-64fdcc988a1b] DEBUG org.hibernate.SQL - 
    select
        a1_0.id,
        a1_0.account_type_id,
        a1_0.balance,
        a1_0.currency_id,
        a1_0.user_id 
    from
        accounts a1_0
2026-05-30 18:03:16.810 [http-nio-8080-exec-2] [495511c1-a0e8-4fde-bd08-bf6841180cad] INFO  c.w.w.p.c.PermissionController - REST API call: GET /api/permissions - Retrieving all permissions
2026-05-30 18:03:16.811 [http-nio-8080-exec-4] [5ec48671-b729-4a3b-b967-f25c74d5889e] INFO  c.w.w.config.CorrelationIdFilter - Request started: GET /api/currencies from 0:0:0:0:0:0:0:1
2026-05-30 18:03:16.813 [http-nio-8080-exec-2] [495511c1-a0e8-4fde-bd08-bf6841180cad] INFO  c.w.w.p.s.impl.PermissionServiceImpl - SERVICE: Starting getAllPermissions - Fetching all permissions from database
2026-05-30 18:03:16.817 [http-nio-8080-exec-9] [6a368400-29ec-4730-824d-64fdcc988a1b] DEBUG org.hibernate.SQL - 
    select
        at1_0.id,
        at1_0.type_name 
    from
        account_types at1_0 
    where
        at1_0.id=?
2026-05-30 18:03:16.816 [http-nio-8080-exec-2] [495511c1-a0e8-4fde-bd08-bf6841180cad] DEBUG org.hibernate.SQL - 
    select
        p1_0.id,
        p1_0.name 
    from
        permissions p1_0
2026-05-30 18:03:16.827 [http-nio-8080-exec-9] [6a368400-29ec-4730-824d-64fdcc988a1b] DEBUG org.hibernate.SQL - 
    select
        c1_0.id,
        c1_0.currency_code,
        c1_0.currency_name 
    from
        currencies c1_0 
    where
        c1_0.id=?
2026-05-30 18:03:16.831 [http-nio-8080-exec-2] [495511c1-a0e8-4fde-bd08-bf6841180cad] INFO  c.w.w.p.s.impl.PermissionServiceImpl - SERVICE: getAllPermissions completed - Retrieved 5 permissions
2026-05-30 18:03:16.848 [http-nio-8080-exec-2] [495511c1-a0e8-4fde-bd08-bf6841180cad] INFO  c.w.w.config.CorrelationIdFilter - Request completed: GET /api/permissions - Status: 200 - Duration: 51ms
2026-05-30 18:03:16.852 [http-nio-8080-exec-5] [fc597d0d-f379-4e1a-8bb6-933e4a5451ea] INFO  c.w.w.config.CorrelationIdFilter - Request started: GET /api/groups from 0:0:0:0:0:0:0:1
2026-05-30 18:03:16.863 [http-nio-8080-exec-4] [5ec48671-b729-4a3b-b967-f25c74d5889e] DEBUG org.hibernate.SQL - 
    select
        c1_0.id,
        c1_0.currency_code,
        c1_0.currency_name 
    from
        currencies c1_0
2026-05-30 18:03:16.868 [http-nio-8080-exec-5] [fc597d0d-f379-4e1a-8bb6-933e4a5451ea] INFO  c.w.w.g.controller.GroupController - REST API call: GET /api/groups - Retrieving all groups
2026-05-30 18:03:16.870 [http-nio-8080-exec-5] [fc597d0d-f379-4e1a-8bb6-933e4a5451ea] INFO  c.w.w.g.s.impl.GroupServiceImpl - Fetching all groups
2026-05-30 18:03:16.872 [http-nio-8080-exec-5] [fc597d0d-f379-4e1a-8bb6-933e4a5451ea] DEBUG org.hibernate.SQL - 
    select
        g1_0.id,
        g1_0.name 
    from
        groups g1_0
2026-05-30 18:03:16.875 [http-nio-8080-exec-4] [5ec48671-b729-4a3b-b967-f25c74d5889e] INFO  c.w.w.config.CorrelationIdFilter - Request completed: GET /api/currencies - Status: 200 - Duration: 64ms
2026-05-30 18:03:16.880 [http-nio-8080-exec-9] [6a368400-29ec-4730-824d-64fdcc988a1b] INFO  c.w.w.config.CorrelationIdFilter - Request completed: GET /api/accounts - Status: 200 - Duration: 89ms
2026-05-30 18:03:16.881 [http-nio-8080-exec-5] [fc597d0d-f379-4e1a-8bb6-933e4a5451ea] DEBUG org.hibernate.SQL - 
    select
        p1_0.group_id,
        p1_1.id,
        p1_1.name 
    from
        group_permissions p1_0 
    join
        permissions p1_1 
            on p1_1.id=p1_0.permission_id 
    where
        p1_0.group_id=?
2026-05-30 18:03:16.784 [http-nio-8080-exec-3] [f6e692ae-4176-42b8-acf4-061d1dc36783] INFO  c.w.w.config.CorrelationIdFilter - Request started: OPTIONS /api/currencies from 0:0:0:0:0:0:0:1
2026-05-30 18:03:16.925 [http-nio-8080-exec-3] [f6e692ae-4176-42b8-acf4-061d1dc36783] INFO  c.w.w.config.CorrelationIdFilter - Request completed: OPTIONS /api/currencies - Status: 200 - Duration: 43ms
2026-05-30 18:03:16.927 [http-nio-8080-exec-6] [0025240a-9fde-4e33-a116-c5d4c6bfa915] DEBUG org.hibernate.SQL - 
    select
        u1_0.id,
        u1_0.email,
        u1_0.group_id,
        u1_0.name,
        u1_0.password 
    from
        users u1_0
2026-05-30 18:03:16.927 [http-nio-8080-exec-5] [fc597d0d-f379-4e1a-8bb6-933e4a5451ea] DEBUG org.hibernate.SQL - 
    select
        p1_0.group_id,
        p1_1.id,
        p1_1.name 
    from
        group_permissions p1_0 
    join
        permissions p1_1 
            on p1_1.id=p1_0.permission_id 
    where
        p1_0.group_id=?
2026-05-30 18:03:16.930 [http-nio-8080-exec-6] [0025240a-9fde-4e33-a116-c5d4c6bfa915] DEBUG org.hibernate.SQL - 
    select
        g1_0.id,
        g1_0.name 
    from
        groups g1_0 
    where
        g1_0.id=?
2026-05-30 18:03:16.931 [http-nio-8080-exec-5] [fc597d0d-f379-4e1a-8bb6-933e4a5451ea] DEBUG org.hibernate.SQL - 
    select
        p1_0.group_id,
        p1_1.id,
        p1_1.name 
    from
        group_permissions p1_0 
    join
        permissions p1_1 
            on p1_1.id=p1_0.permission_id 
    where
        p1_0.group_id=?
2026-05-30 18:03:16.934 [http-nio-8080-exec-6] [0025240a-9fde-4e33-a116-c5d4c6bfa915] DEBUG org.hibernate.SQL - 
    select
        g1_0.id,
        g1_0.name 
    from
        groups g1_0 
    where
        g1_0.id=?
2026-05-30 18:03:16.938 [http-nio-8080-exec-6] [0025240a-9fde-4e33-a116-c5d4c6bfa915] INFO  c.w.w.u.service.impl.UserServiceImpl - SERVICE: getAllUsers completed - Retrieved 2 users
2026-05-30 18:03:16.943 [http-nio-8080-exec-5] [fc597d0d-f379-4e1a-8bb6-933e4a5451ea] INFO  c.w.w.config.CorrelationIdFilter - Request completed: GET /api/groups - Status: 200 - Duration: 91ms
2026-05-30 18:03:16.944 [http-nio-8080-exec-5] [db6fcbd2-3f04-4057-833d-5bab228e6a19] INFO  c.w.w.config.CorrelationIdFilter - Request started: GET /api/currencies from 0:0:0:0:0:0:0:1
2026-05-30 18:03:16.945 [http-nio-8080-exec-6] [0025240a-9fde-4e33-a116-c5d4c6bfa915] INFO  c.w.w.config.CorrelationIdFilter - Request completed: GET /api/users - Status: 200 - Duration: 202ms
2026-05-30 18:03:16.947 [http-nio-8080-exec-3] [513b8c36-5d8f-4019-a586-ea6eacec004f] INFO  c.w.w.config.CorrelationIdFilter - Request started: GET /api/permissions from 0:0:0:0:0:0:0:1
2026-05-30 18:03:16.950 [http-nio-8080-exec-10] [85b1f72f-0dcd-4c9a-9571-e3425ade3f4e] INFO  c.w.w.config.CorrelationIdFilter - Request started: GET /api/accounts from 0:0:0:0:0:0:0:1
2026-05-30 18:03:16.955 [http-nio-8080-exec-5] [db6fcbd2-3f04-4057-833d-5bab228e6a19] DEBUG org.hibernate.SQL - 
    select
        c1_0.id,
        c1_0.currency_code,
        c1_0.currency_name 
    from
        currencies c1_0
2026-05-30 18:03:16.964 [http-nio-8080-exec-5] [db6fcbd2-3f04-4057-833d-5bab228e6a19] INFO  c.w.w.config.CorrelationIdFilter - Request completed: GET /api/currencies - Status: 200 - Duration: 20ms
2026-05-30 18:03:16.965 [http-nio-8080-exec-3] [513b8c36-5d8f-4019-a586-ea6eacec004f] INFO  c.w.w.p.c.PermissionController - REST API call: GET /api/permissions - Retrieving all permissions
2026-05-30 18:03:16.968 [http-nio-8080-exec-3] [513b8c36-5d8f-4019-a586-ea6eacec004f] INFO  c.w.w.p.s.impl.PermissionServiceImpl - SERVICE: Starting getAllPermissions - Fetching all permissions from database
2026-05-30 18:03:16.973 [http-nio-8080-exec-3] [513b8c36-5d8f-4019-a586-ea6eacec004f] DEBUG org.hibernate.SQL - 
    select
        p1_0.id,
        p1_0.name 
    from
        permissions p1_0
2026-05-30 18:03:16.978 [http-nio-8080-exec-3] [513b8c36-5d8f-4019-a586-ea6eacec004f] INFO  c.w.w.p.s.impl.PermissionServiceImpl - SERVICE: getAllPermissions completed - Retrieved 5 permissions
2026-05-30 18:03:16.981 [http-nio-8080-exec-10] [85b1f72f-0dcd-4c9a-9571-e3425ade3f4e] DEBUG org.hibernate.SQL - 
    select
        a1_0.id,
        a1_0.account_type_id,
        a1_0.balance,
        a1_0.currency_id,
        a1_0.user_id 
    from
        accounts a1_0
2026-05-30 18:03:16.981 [http-nio-8080-exec-3] [513b8c36-5d8f-4019-a586-ea6eacec004f] INFO  c.w.w.config.CorrelationIdFilter - Request completed: GET /api/permissions - Status: 200 - Duration: 31ms
2026-05-30 18:03:16.984 [http-nio-8080-exec-10] [85b1f72f-0dcd-4c9a-9571-e3425ade3f4e] DEBUG org.hibernate.SQL - 
    select
        at1_0.id,
        at1_0.type_name 
    from
        account_types at1_0 
    where
        at1_0.id=?
2026-05-30 18:03:16.989 [http-nio-8080-exec-10] [85b1f72f-0dcd-4c9a-9571-e3425ade3f4e] DEBUG org.hibernate.SQL - 
    select
        c1_0.id,
        c1_0.currency_code,
        c1_0.currency_name 
    from
        currencies c1_0 
    where
        c1_0.id=?
2026-05-30 18:03:16.996 [http-nio-8080-exec-10] [85b1f72f-0dcd-4c9a-9571-e3425ade3f4e] INFO  c.w.w.config.CorrelationIdFilter - Request completed: GET /api/accounts - Status: 200 - Duration: 45ms
2026-05-30 18:03:17.044 [http-nio-8080-exec-7] [d77c576f-3c60-495a-be47-e8b6b85e2d16] INFO  c.w.w.config.CorrelationIdFilter - Request started: GET /api/groups from 0:0:0:0:0:0:0:1
2026-05-30 18:03:17.045 [http-nio-8080-exec-2] [1abba717-be4d-45b1-a39d-e4db3e5753fb] INFO  c.w.w.config.CorrelationIdFilter - Request started: GET /api/users from 0:0:0:0:0:0:0:1
2026-05-30 18:03:17.046 [http-nio-8080-exec-4] [489e4f90-f5e6-45ce-b776-c183565396b8] INFO  c.w.w.config.CorrelationIdFilter - Request started: GET /api/currencies from 0:0:0:0:0:0:0:1
2026-05-30 18:03:17.050 [http-nio-8080-exec-7] [d77c576f-3c60-495a-be47-e8b6b85e2d16] INFO  c.w.w.g.controller.GroupController - REST API call: GET /api/groups - Retrieving all groups
2026-05-30 18:03:17.051 [http-nio-8080-exec-7] [d77c576f-3c60-495a-be47-e8b6b85e2d16] INFO  c.w.w.g.s.impl.GroupServiceImpl - Fetching all groups
2026-05-30 18:03:17.059 [http-nio-8080-exec-4] [489e4f90-f5e6-45ce-b776-c183565396b8] DEBUG org.hibernate.SQL - 
    select
        c1_0.id,
        c1_0.currency_code,
        c1_0.currency_name 
    from
        currencies c1_0
2026-05-30 18:03:17.065 [http-nio-8080-exec-4] [489e4f90-f5e6-45ce-b776-c183565396b8] INFO  c.w.w.config.CorrelationIdFilter - Request completed: GET /api/currencies - Status: 200 - Duration: 19ms
2026-05-30 18:03:17.067 [http-nio-8080-exec-7] [d77c576f-3c60-495a-be47-e8b6b85e2d16] DEBUG org.hibernate.SQL - 
    select
        g1_0.id,
        g1_0.name 
    from
        groups g1_0
2026-05-30 18:03:17.072 [http-nio-8080-exec-7] [d77c576f-3c60-495a-be47-e8b6b85e2d16] DEBUG org.hibernate.SQL - 
    select
        p1_0.group_id,
        p1_1.id,
        p1_1.name 
    from
        group_permissions p1_0 
    join
        permissions p1_1 
            on p1_1.id=p1_0.permission_id 
    where
        p1_0.group_id=?
2026-05-30 18:03:17.076 [http-nio-8080-exec-7] [d77c576f-3c60-495a-be47-e8b6b85e2d16] DEBUG org.hibernate.SQL - 
    select
        p1_0.group_id,
        p1_1.id,
        p1_1.name 
    from
        group_permissions p1_0 
    join
        permissions p1_1 
            on p1_1.id=p1_0.permission_id 
    where
        p1_0.group_id=?
2026-05-30 18:03:17.078 [http-nio-8080-exec-7] [d77c576f-3c60-495a-be47-e8b6b85e2d16] DEBUG org.hibernate.SQL - 
    select
        p1_0.group_id,
        p1_1.id,
        p1_1.name 
    from
        group_permissions p1_0 
    join
        permissions p1_1 
            on p1_1.id=p1_0.permission_id 
    where
        p1_0.group_id=?
2026-05-30 18:03:17.082 [http-nio-8080-exec-7] [d77c576f-3c60-495a-be47-e8b6b85e2d16] INFO  c.w.w.config.CorrelationIdFilter - Request completed: GET /api/groups - Status: 200 - Duration: 37ms
2026-05-30 18:03:17.084 [http-nio-8080-exec-2] [1abba717-be4d-45b1-a39d-e4db3e5753fb] INFO  c.w.w.user.controller.UserController - REST API call: GET /api/users - Retrieving all users
2026-05-30 18:03:17.085 [http-nio-8080-exec-2] [1abba717-be4d-45b1-a39d-e4db3e5753fb] INFO  c.w.w.u.service.impl.UserServiceImpl - SERVICE: Starting getAllUsers - Fetching all users from database
2026-05-30 18:03:17.085 [http-nio-8080-exec-9] [a8d7a873-e8a6-46c3-bcec-36916f804e9c] INFO  c.w.w.config.CorrelationIdFilter - Request started: GET /api/permissions from 0:0:0:0:0:0:0:1
2026-05-30 18:03:17.091 [http-nio-8080-exec-2] [1abba717-be4d-45b1-a39d-e4db3e5753fb] DEBUG org.hibernate.SQL - 
    select
        u1_0.id,
        u1_0.email,
        u1_0.group_id,
        u1_0.name,
        u1_0.password 
    from
        users u1_0
2026-05-30 18:03:17.095 [http-nio-8080-exec-6] [512435a4-2a2f-42cd-bd6c-1c69b5aab846] INFO  c.w.w.config.CorrelationIdFilter - Request started: GET /api/accounts from 0:0:0:0:0:0:0:1
2026-05-30 18:03:17.097 [http-nio-8080-exec-2] [1abba717-be4d-45b1-a39d-e4db3e5753fb] DEBUG org.hibernate.SQL - 
    select
        g1_0.id,
        g1_0.name 
    from
        groups g1_0 
    where
        g1_0.id=?
2026-05-30 18:03:17.103 [http-nio-8080-exec-2] [1abba717-be4d-45b1-a39d-e4db3e5753fb] DEBUG org.hibernate.SQL - 
    select
        g1_0.id,
        g1_0.name 
    from
        groups g1_0 
    where
        g1_0.id=?
2026-05-30 18:03:17.108 [http-nio-8080-exec-2] [1abba717-be4d-45b1-a39d-e4db3e5753fb] INFO  c.w.w.u.service.impl.UserServiceImpl - SERVICE: getAllUsers completed - Retrieved 2 users
2026-05-30 18:03:17.110 [http-nio-8080-exec-2] [1abba717-be4d-45b1-a39d-e4db3e5753fb] INFO  c.w.w.config.CorrelationIdFilter - Request completed: GET /api/users - Status: 200 - Duration: 64ms
2026-05-30 18:03:17.112 [http-nio-8080-exec-9] [a8d7a873-e8a6-46c3-bcec-36916f804e9c] INFO  c.w.w.p.c.PermissionController - REST API call: GET /api/permissions - Retrieving all permissions
2026-05-30 18:03:17.112 [http-nio-8080-exec-9] [a8d7a873-e8a6-46c3-bcec-36916f804e9c] INFO  c.w.w.p.s.impl.PermissionServiceImpl - SERVICE: Starting getAllPermissions - Fetching all permissions from database
2026-05-30 18:03:17.115 [http-nio-8080-exec-9] [a8d7a873-e8a6-46c3-bcec-36916f804e9c] DEBUG org.hibernate.SQL - 
    select
        p1_0.id,
        p1_0.name 
    from
        permissions p1_0
2026-05-30 18:03:17.124 [http-nio-8080-exec-9] [a8d7a873-e8a6-46c3-bcec-36916f804e9c] INFO  c.w.w.p.s.impl.PermissionServiceImpl - SERVICE: getAllPermissions completed - Retrieved 5 permissions
2026-05-30 18:03:17.127 [http-nio-8080-exec-9] [a8d7a873-e8a6-46c3-bcec-36916f804e9c] INFO  c.w.w.config.CorrelationIdFilter - Request completed: GET /api/permissions - Status: 200 - Duration: 41ms
2026-05-30 18:03:17.131 [http-nio-8080-exec-6] [512435a4-2a2f-42cd-bd6c-1c69b5aab846] DEBUG org.hibernate.SQL - 
    select
        a1_0.id,
        a1_0.account_type_id,
        a1_0.balance,
        a1_0.currency_id,
        a1_0.user_id 
    from
        accounts a1_0
2026-05-30 18:03:17.137 [http-nio-8080-exec-6] [512435a4-2a2f-42cd-bd6c-1c69b5aab846] DEBUG org.hibernate.SQL - 
    select
        at1_0.id,
        at1_0.type_name 
    from
        account_types at1_0 
    where
        at1_0.id=?
2026-05-30 18:03:17.147 [http-nio-8080-exec-6] [512435a4-2a2f-42cd-bd6c-1c69b5aab846] DEBUG org.hibernate.SQL - 
    select
        c1_0.id,
        c1_0.currency_code,
        c1_0.currency_name 
    from
        currencies c1_0 
    where
        c1_0.id=?
2026-05-30 18:03:17.155 [http-nio-8080-exec-6] [512435a4-2a2f-42cd-bd6c-1c69b5aab846] INFO  c.w.w.config.CorrelationIdFilter - Request completed: GET /api/accounts - Status: 200 - Duration: 60ms
2026-05-30 18:03:17.159 [http-nio-8080-exec-1] [301fd9a2-2471-49fb-b549-07cf806776e4] INFO  c.w.w.config.CorrelationIdFilter - Request started: GET /api/groups from 0:0:0:0:0:0:0:1
2026-05-30 18:03:17.161 [http-nio-8080-exec-8] [dd57dd1c-b685-4532-b741-22263ef39522] INFO  c.w.w.config.CorrelationIdFilter - Request started: GET /api/currencies from 0:0:0:0:0:0:0:1
2026-05-30 18:03:17.180 [http-nio-8080-exec-8] [dd57dd1c-b685-4532-b741-22263ef39522] DEBUG org.hibernate.SQL - 
    select
        c1_0.id,
        c1_0.currency_code,
        c1_0.currency_name 
    from
        currencies c1_0
2026-05-30 18:03:17.184 [http-nio-8080-exec-1] [301fd9a2-2471-49fb-b549-07cf806776e4] INFO  c.w.w.g.controller.GroupController - REST API call: GET /api/groups - Retrieving all groups
2026-05-30 18:03:17.185 [http-nio-8080-exec-1] [301fd9a2-2471-49fb-b549-07cf806776e4] INFO  c.w.w.g.s.impl.GroupServiceImpl - Fetching all groups
2026-05-30 18:03:17.190 [http-nio-8080-exec-1] [301fd9a2-2471-49fb-b549-07cf806776e4] DEBUG org.hibernate.SQL - 
    select
        g1_0.id,
        g1_0.name 
    from
        groups g1_0
2026-05-30 18:03:17.190 [http-nio-8080-exec-1] [301fd9a2-2471-49fb-b549-07cf806776e4] DEBUG org.hibernate.SQL - 
    select
        p1_0.group_id,
        p1_1.id,
        p1_1.name 
    from
        group_permissions p1_0 
    join
        permissions p1_1 
            on p1_1.id=p1_0.permission_id 
    where
        p1_0.group_id=?
2026-05-30 18:03:17.205 [http-nio-8080-exec-1] [301fd9a2-2471-49fb-b549-07cf806776e4] DEBUG org.hibernate.SQL - 
    select
        p1_0.group_id,
        p1_1.id,
        p1_1.name 
    from
        group_permissions p1_0 
    join
        permissions p1_1 
            on p1_1.id=p1_0.permission_id 
    where
        p1_0.group_id=?
2026-05-30 18:03:17.205 [http-nio-8080-exec-1] [301fd9a2-2471-49fb-b549-07cf806776e4] DEBUG org.hibernate.SQL - 
    select
        p1_0.group_id,
        p1_1.id,
        p1_1.name 
    from
        group_permissions p1_0 
    join
        permissions p1_1 
            on p1_1.id=p1_0.permission_id 
    where
        p1_0.group_id=?
2026-05-30 18:03:17.205 [http-nio-8080-exec-1] [301fd9a2-2471-49fb-b549-07cf806776e4] INFO  c.w.w.config.CorrelationIdFilter - Request completed: GET /api/groups - Status: 200 - Duration: 45ms
2026-05-30 18:03:17.205 [http-nio-8080-exec-8] [dd57dd1c-b685-4532-b741-22263ef39522] INFO  c.w.w.config.CorrelationIdFilter - Request completed: GET /api/currencies - Status: 200 - Duration: 44ms
2026-05-30 18:03:17.226 [http-nio-8080-exec-5] [ffeee8ca-9169-48df-af38-3dee19c5fd5e] INFO  c.w.w.config.CorrelationIdFilter - Request started: GET /api/users from 0:0:0:0:0:0:0:1
2026-05-30 18:03:17.226 [http-nio-8080-exec-3] [fad82916-6a99-4e28-b913-f1c0b8b13231] INFO  c.w.w.config.CorrelationIdFilter - Request started: GET /api/permissions from 0:0:0:0:0:0:0:1
2026-05-30 18:03:17.241 [http-nio-8080-exec-3] [fad82916-6a99-4e28-b913-f1c0b8b13231] INFO  c.w.w.p.c.PermissionController - REST API call: GET /api/permissions - Retrieving all permissions
2026-05-30 18:03:17.241 [http-nio-8080-exec-5] [ffeee8ca-9169-48df-af38-3dee19c5fd5e] INFO  c.w.w.user.controller.UserController - REST API call: GET /api/users - Retrieving all users
2026-05-30 18:03:17.242 [http-nio-8080-exec-3] [fad82916-6a99-4e28-b913-f1c0b8b13231] INFO  c.w.w.p.s.impl.PermissionServiceImpl - SERVICE: Starting getAllPermissions - Fetching all permissions from database
2026-05-30 18:03:17.242 [http-nio-8080-exec-5] [ffeee8ca-9169-48df-af38-3dee19c5fd5e] INFO  c.w.w.u.service.impl.UserServiceImpl - SERVICE: Starting getAllUsers - Fetching all users from database
2026-05-30 18:03:17.244 [http-nio-8080-exec-5] [ffeee8ca-9169-48df-af38-3dee19c5fd5e] DEBUG org.hibernate.SQL - 
    select
        u1_0.id,
        u1_0.email,
        u1_0.group_id,
        u1_0.name,
        u1_0.password 
    from
        users u1_0
2026-05-30 18:03:17.245 [http-nio-8080-exec-3] [fad82916-6a99-4e28-b913-f1c0b8b13231] DEBUG org.hibernate.SQL - 
    select
        p1_0.id,
        p1_0.name 
    from
        permissions p1_0
2026-05-30 18:03:17.248 [http-nio-8080-exec-3] [fad82916-6a99-4e28-b913-f1c0b8b13231] INFO  c.w.w.p.s.impl.PermissionServiceImpl - SERVICE: getAllPermissions completed - Retrieved 5 permissions
2026-05-30 18:03:17.252 [http-nio-8080-exec-5] [ffeee8ca-9169-48df-af38-3dee19c5fd5e] DEBUG org.hibernate.SQL - 
    select
        g1_0.id,
        g1_0.name 
    from
        groups g1_0 
    where
        g1_0.id=?
2026-05-30 18:03:17.256 [http-nio-8080-exec-3] [fad82916-6a99-4e28-b913-f1c0b8b13231] INFO  c.w.w.config.CorrelationIdFilter - Request completed: GET /api/permissions - Status: 200 - Duration: 29ms
2026-05-30 18:03:17.257 [http-nio-8080-exec-5] [ffeee8ca-9169-48df-af38-3dee19c5fd5e] DEBUG org.hibernate.SQL - 
    select
        g1_0.id,
        g1_0.name 
    from
        groups g1_0 
    where
        g1_0.id=?
2026-05-30 18:03:17.259 [http-nio-8080-exec-5] [ffeee8ca-9169-48df-af38-3dee19c5fd5e] INFO  c.w.w.u.service.impl.UserServiceImpl - SERVICE: getAllUsers completed - Retrieved 2 users
2026-05-30 18:03:17.262 [http-nio-8080-exec-5] [ffeee8ca-9169-48df-af38-3dee19c5fd5e] INFO  c.w.w.config.CorrelationIdFilter - Request completed: GET /api/users - Status: 200 - Duration: 36ms
2026-05-30 18:03:17.267 [http-nio-8080-exec-10] [ac73aed6-91ef-47c4-87da-c914e7387338] INFO  c.w.w.config.CorrelationIdFilter - Request started: GET /api/groups from 0:0:0:0:0:0:0:1
2026-05-30 18:03:17.267 [http-nio-8080-exec-4] [77232e04-b20a-4fb3-8e91-a60086d88006] INFO  c.w.w.config.CorrelationIdFilter - Request started: GET /api/accounts from 0:0:0:0:0:0:0:1
2026-05-30 18:03:17.278 [http-nio-8080-exec-10] [ac73aed6-91ef-47c4-87da-c914e7387338] INFO  c.w.w.g.controller.GroupController - REST API call: GET /api/groups - Retrieving all groups
2026-05-30 18:03:17.278 [http-nio-8080-exec-10] [ac73aed6-91ef-47c4-87da-c914e7387338] INFO  c.w.w.g.s.impl.GroupServiceImpl - Fetching all groups
2026-05-30 18:03:17.280 [http-nio-8080-exec-10] [ac73aed6-91ef-47c4-87da-c914e7387338] DEBUG org.hibernate.SQL - 
    select
        g1_0.id,
        g1_0.name 
    from
        groups g1_0
2026-05-30 18:03:17.283 [http-nio-8080-exec-4] [77232e04-b20a-4fb3-8e91-a60086d88006] DEBUG org.hibernate.SQL - 
    select
        a1_0.id,
        a1_0.account_type_id,
        a1_0.balance,
        a1_0.currency_id,
        a1_0.user_id 
    from
        accounts a1_0
2026-05-30 18:03:17.291 [http-nio-8080-exec-4] [77232e04-b20a-4fb3-8e91-a60086d88006] DEBUG org.hibernate.SQL - 
    select
        at1_0.id,
        at1_0.type_name 
    from
        account_types at1_0 
    where
        at1_0.id=?
2026-05-30 18:03:17.292 [http-nio-8080-exec-10] [ac73aed6-91ef-47c4-87da-c914e7387338] DEBUG org.hibernate.SQL - 
    select
        p1_0.group_id,
        p1_1.id,
        p1_1.name 
    from
        group_permissions p1_0 
    join
        permissions p1_1 
            on p1_1.id=p1_0.permission_id 
    where
        p1_0.group_id=?
2026-05-30 18:03:17.296 [http-nio-8080-exec-10] [ac73aed6-91ef-47c4-87da-c914e7387338] DEBUG org.hibernate.SQL - 
    select
        p1_0.group_id,
        p1_1.id,
        p1_1.name 
    from
        group_permissions p1_0 
    join
        permissions p1_1 
            on p1_1.id=p1_0.permission_id 
    where
        p1_0.group_id=?
2026-05-30 18:03:17.295 [http-nio-8080-exec-4] [77232e04-b20a-4fb3-8e91-a60086d88006] DEBUG org.hibernate.SQL - 
    select
        c1_0.id,
        c1_0.currency_code,
        c1_0.currency_name 
    from
        currencies c1_0 
    where
        c1_0.id=?
2026-05-30 18:03:17.300 [http-nio-8080-exec-10] [ac73aed6-91ef-47c4-87da-c914e7387338] DEBUG org.hibernate.SQL - 
    select
        p1_0.group_id,
        p1_1.id,
        p1_1.name 
    from
        group_permissions p1_0 
    join
        permissions p1_1 
            on p1_1.id=p1_0.permission_id 
    where
        p1_0.group_id=?
2026-05-30 18:03:17.307 [http-nio-8080-exec-4] [77232e04-b20a-4fb3-8e91-a60086d88006] INFO  c.w.w.config.CorrelationIdFilter - Request completed: GET /api/accounts - Status: 200 - Duration: 39ms
2026-05-30 18:03:17.309 [http-nio-8080-exec-7] [b0d484d9-89f7-42df-8ff3-b790dd7100d4] INFO  c.w.w.config.CorrelationIdFilter - Request started: GET /api/users from 0:0:0:0:0:0:0:1
2026-05-30 18:03:17.309 [http-nio-8080-exec-10] [ac73aed6-91ef-47c4-87da-c914e7387338] INFO  c.w.w.config.CorrelationIdFilter - Request completed: GET /api/groups - Status: 200 - Duration: 42ms
2026-05-30 18:03:17.318 [http-nio-8080-exec-7] [b0d484d9-89f7-42df-8ff3-b790dd7100d4] INFO  c.w.w.user.controller.UserController - REST API call: GET /api/users - Retrieving all users
2026-05-30 18:03:17.318 [http-nio-8080-exec-7] [b0d484d9-89f7-42df-8ff3-b790dd7100d4] INFO  c.w.w.u.service.impl.UserServiceImpl - SERVICE: Starting getAllUsers - Fetching all users from database
2026-05-30 18:03:17.325 [http-nio-8080-exec-7] [b0d484d9-89f7-42df-8ff3-b790dd7100d4] DEBUG org.hibernate.SQL - 
    select
        u1_0.id,
        u1_0.email,
        u1_0.group_id,
        u1_0.name,
        u1_0.password 
    from
        users u1_0
2026-05-30 18:03:17.329 [http-nio-8080-exec-7] [b0d484d9-89f7-42df-8ff3-b790dd7100d4] DEBUG org.hibernate.SQL - 
    select
        g1_0.id,
        g1_0.name 
    from
        groups g1_0 
    where
        g1_0.id=?
2026-05-30 18:03:17.330 [http-nio-8080-exec-7] [b0d484d9-89f7-42df-8ff3-b790dd7100d4] DEBUG org.hibernate.SQL - 
    select
        g1_0.id,
        g1_0.name 
    from
        groups g1_0 
    where
        g1_0.id=?
2026-05-30 18:03:17.332 [http-nio-8080-exec-7] [b0d484d9-89f7-42df-8ff3-b790dd7100d4] INFO  c.w.w.u.service.impl.UserServiceImpl - SERVICE: getAllUsers completed - Retrieved 2 users
2026-05-30 18:03:17.335 [http-nio-8080-exec-7] [b0d484d9-89f7-42df-8ff3-b790dd7100d4] INFO  c.w.w.config.CorrelationIdFilter - Request completed: GET /api/users - Status: 200 - Duration: 26ms
2026-05-30 18:03:19.265 [http-nio-8080-exec-2] [aa6ff30b-935a-4f01-9d4b-726738fba15c] INFO  c.w.w.config.CorrelationIdFilter - Request started: GET /api/users from 0:0:0:0:0:0:0:1
2026-05-30 18:03:19.272 [http-nio-8080-exec-2] [aa6ff30b-935a-4f01-9d4b-726738fba15c] INFO  c.w.w.user.controller.UserController - REST API call: GET /api/users - Retrieving all users
2026-05-30 18:03:19.273 [http-nio-8080-exec-2] [aa6ff30b-935a-4f01-9d4b-726738fba15c] INFO  c.w.w.u.service.impl.UserServiceImpl - SERVICE: Starting getAllUsers - Fetching all users from database
2026-05-30 18:03:19.274 [http-nio-8080-exec-2] [aa6ff30b-935a-4f01-9d4b-726738fba15c] DEBUG org.hibernate.SQL - 
    select
        u1_0.id,
        u1_0.email,
        u1_0.group_id,
        u1_0.name,
        u1_0.password 
    from
        users u1_0
2026-05-30 18:03:19.277 [http-nio-8080-exec-2] [aa6ff30b-935a-4f01-9d4b-726738fba15c] DEBUG org.hibernate.SQL - 
    select
        g1_0.id,
        g1_0.name 
    from
        groups g1_0 
    where
        g1_0.id=?
2026-05-30 18:03:19.278 [http-nio-8080-exec-2] [aa6ff30b-935a-4f01-9d4b-726738fba15c] DEBUG org.hibernate.SQL - 
    select
        g1_0.id,
        g1_0.name 
    from
        groups g1_0 
    where
        g1_0.id=?
2026-05-30 18:03:19.280 [http-nio-8080-exec-2] [aa6ff30b-935a-4f01-9d4b-726738fba15c] INFO  c.w.w.u.service.impl.UserServiceImpl - SERVICE: getAllUsers completed - Retrieved 2 users
2026-05-30 18:03:19.287 [http-nio-8080-exec-2] [aa6ff30b-935a-4f01-9d4b-726738fba15c] INFO  c.w.w.config.CorrelationIdFilter - Request completed: GET /api/users - Status: 200 - Duration: 22ms
2026-05-30 18:03:19.294 [http-nio-8080-exec-9] [1b0f6832-bd11-4b51-858b-f1f727050b32] INFO  c.w.w.config.CorrelationIdFilter - Request started: GET /api/users from 0:0:0:0:0:0:0:1
2026-05-30 18:03:19.327 [http-nio-8080-exec-9] [1b0f6832-bd11-4b51-858b-f1f727050b32] INFO  c.w.w.user.controller.UserController - REST API call: GET /api/users - Retrieving all users
2026-05-30 18:03:19.328 [http-nio-8080-exec-9] [1b0f6832-bd11-4b51-858b-f1f727050b32] INFO  c.w.w.u.service.impl.UserServiceImpl - SERVICE: Starting getAllUsers - Fetching all users from database
2026-05-30 18:03:19.330 [http-nio-8080-exec-9] [1b0f6832-bd11-4b51-858b-f1f727050b32] DEBUG org.hibernate.SQL - 
    select
        u1_0.id,
        u1_0.email,
        u1_0.group_id,
        u1_0.name,
        u1_0.password 
    from
        users u1_0
2026-05-30 18:03:19.339 [http-nio-8080-exec-9] [1b0f6832-bd11-4b51-858b-f1f727050b32] DEBUG org.hibernate.SQL - 
    select
        g1_0.id,
        g1_0.name 
    from
        groups g1_0 
    where
        g1_0.id=?
2026-05-30 18:03:19.341 [http-nio-8080-exec-9] [1b0f6832-bd11-4b51-858b-f1f727050b32] DEBUG org.hibernate.SQL - 
    select
        g1_0.id,
        g1_0.name 
    from
        groups g1_0 
    where
        g1_0.id=?
2026-05-30 18:03:19.343 [http-nio-8080-exec-9] [1b0f6832-bd11-4b51-858b-f1f727050b32] INFO  c.w.w.u.service.impl.UserServiceImpl - SERVICE: getAllUsers completed - Retrieved 2 users
2026-05-30 18:03:19.346 [http-nio-8080-exec-9] [1b0f6832-bd11-4b51-858b-f1f727050b32] INFO  c.w.w.config.CorrelationIdFilter - Request completed: GET /api/users - Status: 200 - Duration: 51ms
2026-05-30 18:03:19.382 [http-nio-8080-exec-6] [5ae58c33-9cb2-4d47-bc65-52e2e5d40ee6] INFO  c.w.w.config.CorrelationIdFilter - Request started: GET /api/users from 0:0:0:0:0:0:0:1
2026-05-30 18:03:19.403 [http-nio-8080-exec-6] [5ae58c33-9cb2-4d47-bc65-52e2e5d40ee6] INFO  c.w.w.user.controller.UserController - REST API call: GET /api/users - Retrieving all users
2026-05-30 18:03:19.404 [http-nio-8080-exec-6] [5ae58c33-9cb2-4d47-bc65-52e2e5d40ee6] INFO  c.w.w.u.service.impl.UserServiceImpl - SERVICE: Starting getAllUsers - Fetching all users from database
2026-05-30 18:03:19.407 [http-nio-8080-exec-6] [5ae58c33-9cb2-4d47-bc65-52e2e5d40ee6] DEBUG org.hibernate.SQL - 
    select
        u1_0.id,
        u1_0.email,
        u1_0.group_id,
        u1_0.name,
        u1_0.password 
    from
        users u1_0
2026-05-30 18:03:19.410 [http-nio-8080-exec-6] [5ae58c33-9cb2-4d47-bc65-52e2e5d40ee6] DEBUG org.hibernate.SQL - 
    select
        g1_0.id,
        g1_0.name 
    from
        groups g1_0 
    where
        g1_0.id=?
2026-05-30 18:03:19.414 [http-nio-8080-exec-6] [5ae58c33-9cb2-4d47-bc65-52e2e5d40ee6] DEBUG org.hibernate.SQL - 
    select
        g1_0.id,
        g1_0.name 
    from
        groups g1_0 
    where
        g1_0.id=?
2026-05-30 18:03:19.417 [http-nio-8080-exec-6] [5ae58c33-9cb2-4d47-bc65-52e2e5d40ee6] INFO  c.w.w.u.service.impl.UserServiceImpl - SERVICE: getAllUsers completed - Retrieved 2 users
2026-05-30 18:03:19.420 [http-nio-8080-exec-6] [5ae58c33-9cb2-4d47-bc65-52e2e5d40ee6] INFO  c.w.w.config.CorrelationIdFilter - Request completed: GET /api/users - Status: 200 - Duration: 38ms
2026-05-30 18:03:19.446 [http-nio-8080-exec-1] [f0a6281a-868d-4749-9825-ee785c37d809] INFO  c.w.w.config.CorrelationIdFilter - Request started: GET /api/users from 0:0:0:0:0:0:0:1
2026-05-30 18:03:19.462 [http-nio-8080-exec-1] [f0a6281a-868d-4749-9825-ee785c37d809] INFO  c.w.w.user.controller.UserController - REST API call: GET /api/users - Retrieving all users
2026-05-30 18:03:19.464 [http-nio-8080-exec-1] [f0a6281a-868d-4749-9825-ee785c37d809] INFO  c.w.w.u.service.impl.UserServiceImpl - SERVICE: Starting getAllUsers - Fetching all users from database
2026-05-30 18:03:19.470 [http-nio-8080-exec-1] [f0a6281a-868d-4749-9825-ee785c37d809] DEBUG org.hibernate.SQL - 
    select
        u1_0.id,
        u1_0.email,
        u1_0.group_id,
        u1_0.name,
        u1_0.password 
    from
        users u1_0
2026-05-30 18:03:19.475 [http-nio-8080-exec-1] [f0a6281a-868d-4749-9825-ee785c37d809] DEBUG org.hibernate.SQL - 
    select
        g1_0.id,
        g1_0.name 
    from
        groups g1_0 
    where
        g1_0.id=?
2026-05-30 18:03:19.480 [http-nio-8080-exec-1] [f0a6281a-868d-4749-9825-ee785c37d809] DEBUG org.hibernate.SQL - 
    select
        g1_0.id,
        g1_0.name 
    from
        groups g1_0 
    where
        g1_0.id=?
2026-05-30 18:03:19.482 [http-nio-8080-exec-1] [f0a6281a-868d-4749-9825-ee785c37d809] INFO  c.w.w.u.service.impl.UserServiceImpl - SERVICE: getAllUsers completed - Retrieved 2 users
2026-05-30 18:03:19.487 [http-nio-8080-exec-1] [f0a6281a-868d-4749-9825-ee785c37d809] INFO  c.w.w.config.CorrelationIdFilter - Request completed: GET /api/users - Status: 200 - Duration: 41ms
2026-05-30 18:03:33.561 [http-nio-8080-exec-8] [5a917b20-c52a-4b08-ac46-15b69467784f] INFO  c.w.w.config.CorrelationIdFilter - Request started: OPTIONS /api/users from 0:0:0:0:0:0:0:1
2026-05-30 18:03:33.563 [http-nio-8080-exec-8] [5a917b20-c52a-4b08-ac46-15b69467784f] INFO  c.w.w.config.CorrelationIdFilter - Request completed: OPTIONS /api/users - Status: 200 - Duration: 2ms
2026-05-30 18:03:33.571 [http-nio-8080-exec-3] [f00c9fa6-199d-4785-bc2f-15aa7b04c0b8] INFO  c.w.w.config.CorrelationIdFilter - Request started: POST /api/users from 0:0:0:0:0:0:0:1
2026-05-30 18:03:33.597 [http-nio-8080-exec-3] [f00c9fa6-199d-4785-bc2f-15aa7b04c0b8] INFO  c.w.w.user.controller.UserController - REST API call: POST /api/users - Creating new user with email: chavi1234@gmail.com
2026-05-30 18:03:33.599 [http-nio-8080-exec-3] [f00c9fa6-199d-4785-bc2f-15aa7b04c0b8] INFO  c.w.w.u.service.impl.UserServiceImpl - SERVICE: Starting createUser - Creating new user with email: chavi1234@gmail.com
2026-05-30 18:03:33.730 [http-nio-8080-exec-3] [f00c9fa6-199d-4785-bc2f-15aa7b04c0b8] INFO  c.w.w.u.service.impl.UserServiceImpl - SERVICE: Assigning user to group ID: 1
2026-05-30 18:03:33.746 [http-nio-8080-exec-3] [f00c9fa6-199d-4785-bc2f-15aa7b04c0b8] DEBUG org.hibernate.SQL - 
    select
        g1_0.id,
        g1_0.name 
    from
        groups g1_0 
    where
        g1_0.id=?
2026-05-30 18:03:33.795 [http-nio-8080-exec-3] [f00c9fa6-199d-4785-bc2f-15aa7b04c0b8] DEBUG org.hibernate.SQL - 
    insert 
    into
        users
        (email, group_id, name, password) 
    values
        (?, ?, ?, ?)
2026-05-30 18:03:33.848 [http-nio-8080-exec-3] [f00c9fa6-199d-4785-bc2f-15aa7b04c0b8] INFO  c.w.w.u.service.impl.UserServiceImpl - SERVICE: createUser completed - Successfully created user with ID: 15
2026-05-30 18:03:33.857 [http-nio-8080-exec-3] [f00c9fa6-199d-4785-bc2f-15aa7b04c0b8] INFO  c.w.w.config.CorrelationIdFilter - Request completed: POST /api/users - Status: 200 - Duration: 286ms
2026-05-30 18:03:33.871 [http-nio-8080-exec-5] [277e4090-dab3-4edf-abb4-bedb525b639c] INFO  c.w.w.config.CorrelationIdFilter - Request started: GET /api/users from 0:0:0:0:0:0:0:1
2026-05-30 18:03:33.877 [http-nio-8080-exec-5] [277e4090-dab3-4edf-abb4-bedb525b639c] INFO  c.w.w.user.controller.UserController - REST API call: GET /api/users - Retrieving all users
2026-05-30 18:03:33.879 [http-nio-8080-exec-5] [277e4090-dab3-4edf-abb4-bedb525b639c] INFO  c.w.w.u.service.impl.UserServiceImpl - SERVICE: Starting getAllUsers - Fetching all users from database
2026-05-30 18:03:33.880 [http-nio-8080-exec-5] [277e4090-dab3-4edf-abb4-bedb525b639c] DEBUG org.hibernate.SQL - 
    select
        u1_0.id,
        u1_0.email,
        u1_0.group_id,
        u1_0.name,
        u1_0.password 
    from
        users u1_0
2026-05-30 18:03:33.888 [http-nio-8080-exec-5] [277e4090-dab3-4edf-abb4-bedb525b639c] DEBUG org.hibernate.SQL - 
    select
        g1_0.id,
        g1_0.name 
    from
        groups g1_0 
    where
        g1_0.id=?
2026-05-30 18:03:33.893 [http-nio-8080-exec-5] [277e4090-dab3-4edf-abb4-bedb525b639c] DEBUG org.hibernate.SQL - 
    select
        g1_0.id,
        g1_0.name 
    from
        groups g1_0 
    where
        g1_0.id=?
2026-05-30 18:03:33.896 [http-nio-8080-exec-5] [277e4090-dab3-4edf-abb4-bedb525b639c] INFO  c.w.w.u.service.impl.UserServiceImpl - SERVICE: getAllUsers completed - Retrieved 3 users
2026-05-30 18:03:33.900 [http-nio-8080-exec-5] [277e4090-dab3-4edf-abb4-bedb525b639c] INFO  c.w.w.config.CorrelationIdFilter - Request completed: GET /api/users - Status: 200 - Duration: 29ms
2026-05-30 18:03:42.230 [http-nio-8080-exec-4] [8482843f-a9d4-41d5-98e5-af5d712ba114] INFO  c.w.w.config.CorrelationIdFilter - Request started: OPTIONS /api/users/15 from 0:0:0:0:0:0:0:1
2026-05-30 18:03:42.248 [http-nio-8080-exec-4] [8482843f-a9d4-41d5-98e5-af5d712ba114] INFO  c.w.w.config.CorrelationIdFilter - Request completed: OPTIONS /api/users/15 - Status: 200 - Duration: 17ms
2026-05-30 18:03:42.257 [http-nio-8080-exec-10] [42ce0bbf-acbb-4e10-8690-4e92c587f4ab] INFO  c.w.w.config.CorrelationIdFilter - Request started: PUT /api/users/15 from 0:0:0:0:0:0:0:1
2026-05-30 18:03:42.286 [http-nio-8080-exec-10] [42ce0bbf-acbb-4e10-8690-4e92c587f4ab] INFO  c.w.w.user.controller.UserController - REST API call: PUT /api/users/15 - Updating user
2026-05-30 18:03:42.289 [http-nio-8080-exec-10] [42ce0bbf-acbb-4e10-8690-4e92c587f4ab] INFO  c.w.w.u.service.impl.UserServiceImpl - SERVICE: Starting updateUser - Updating user with ID: 15
2026-05-30 18:03:42.290 [http-nio-8080-exec-10] [42ce0bbf-acbb-4e10-8690-4e92c587f4ab] DEBUG org.hibernate.SQL - 
    select
        u1_0.id,
        u1_0.email,
        u1_0.group_id,
        u1_0.name,
        u1_0.password 
    from
        users u1_0 
    where
        u1_0.id=?
2026-05-30 18:03:42.297 [http-nio-8080-exec-10] [42ce0bbf-acbb-4e10-8690-4e92c587f4ab] INFO  c.w.w.u.service.impl.UserServiceImpl - SERVICE: Updated user name and email
2026-05-30 18:03:42.297 [http-nio-8080-exec-10] [42ce0bbf-acbb-4e10-8690-4e92c587f4ab] INFO  c.w.w.u.service.impl.UserServiceImpl - SERVICE: Updating user group to ID: 2
2026-05-30 18:03:42.298 [http-nio-8080-exec-10] [42ce0bbf-acbb-4e10-8690-4e92c587f4ab] DEBUG org.hibernate.SQL - 
    select
        g1_0.id,
        g1_0.name 
    from
        groups g1_0 
    where
        g1_0.id=?
2026-05-30 18:03:42.306 [http-nio-8080-exec-10] [42ce0bbf-acbb-4e10-8690-4e92c587f4ab] INFO  c.w.w.u.service.impl.UserServiceImpl - SERVICE: updateUser completed - Successfully updated user with ID: 15
2026-05-30 18:03:42.337 [http-nio-8080-exec-10] [42ce0bbf-acbb-4e10-8690-4e92c587f4ab] DEBUG org.hibernate.SQL - 
    update
        users 
    set
        email=?,
        group_id=?,
        name=?,
        password=? 
    where
        id=?
2026-05-30 18:03:42.356 [http-nio-8080-exec-10] [42ce0bbf-acbb-4e10-8690-4e92c587f4ab] INFO  c.w.w.config.CorrelationIdFilter - Request completed: PUT /api/users/15 - Status: 200 - Duration: 93ms
2026-05-30 18:03:42.382 [http-nio-8080-exec-7] [e7c00a5e-78ff-4497-83c3-9d56e7d346e5] INFO  c.w.w.config.CorrelationIdFilter - Request started: OPTIONS /api/users from 0:0:0:0:0:0:0:1
2026-05-30 18:03:42.384 [http-nio-8080-exec-7] [e7c00a5e-78ff-4497-83c3-9d56e7d346e5] INFO  c.w.w.config.CorrelationIdFilter - Request completed: OPTIONS /api/users - Status: 200 - Duration: 2ms
2026-05-30 18:03:42.388 [http-nio-8080-exec-2] [9cd72791-021a-40e0-a9ef-fa3e13a3c13f] INFO  c.w.w.config.CorrelationIdFilter - Request started: GET /api/users from 0:0:0:0:0:0:0:1
2026-05-30 18:03:42.419 [http-nio-8080-exec-2] [9cd72791-021a-40e0-a9ef-fa3e13a3c13f] INFO  c.w.w.user.controller.UserController - REST API call: GET /api/users - Retrieving all users
2026-05-30 18:03:42.421 [http-nio-8080-exec-2] [9cd72791-021a-40e0-a9ef-fa3e13a3c13f] INFO  c.w.w.u.service.impl.UserServiceImpl - SERVICE: Starting getAllUsers - Fetching all users from database
2026-05-30 18:03:42.426 [http-nio-8080-exec-2] [9cd72791-021a-40e0-a9ef-fa3e13a3c13f] DEBUG org.hibernate.SQL - 
    select
        u1_0.id,
        u1_0.email,
        u1_0.group_id,
        u1_0.name,
        u1_0.password 
    from
        users u1_0
2026-05-30 18:03:42.434 [http-nio-8080-exec-2] [9cd72791-021a-40e0-a9ef-fa3e13a3c13f] DEBUG org.hibernate.SQL - 
    select
        g1_0.id,
        g1_0.name 
    from
        groups g1_0 
    where
        g1_0.id=?
2026-05-30 18:03:42.436 [http-nio-8080-exec-2] [9cd72791-021a-40e0-a9ef-fa3e13a3c13f] DEBUG org.hibernate.SQL - 
    select
        g1_0.id,
        g1_0.name 
    from
        groups g1_0 
    where
        g1_0.id=?
2026-05-30 18:03:42.440 [http-nio-8080-exec-2] [9cd72791-021a-40e0-a9ef-fa3e13a3c13f] INFO  c.w.w.u.service.impl.UserServiceImpl - SERVICE: getAllUsers completed - Retrieved 3 users
2026-05-30 18:03:42.450 [http-nio-8080-exec-2] [9cd72791-021a-40e0-a9ef-fa3e13a3c13f] INFO  c.w.w.config.CorrelationIdFilter - Request completed: GET /api/users - Status: 200 - Duration: 62ms
2026-05-30 18:03:47.973 [http-nio-8080-exec-9] [3a98e849-c741-49f0-995a-5bd2465626af] INFO  c.w.w.config.CorrelationIdFilter - Request started: OPTIONS /api/users/15 from 0:0:0:0:0:0:0:1
2026-05-30 18:03:47.976 [http-nio-8080-exec-9] [3a98e849-c741-49f0-995a-5bd2465626af] INFO  c.w.w.config.CorrelationIdFilter - Request completed: OPTIONS /api/users/15 - Status: 200 - Duration: 3ms
2026-05-30 18:03:47.980 [http-nio-8080-exec-6] [953cf410-e1a5-483d-a45d-e60e16d434f3] INFO  c.w.w.config.CorrelationIdFilter - Request started: DELETE /api/users/15 from 0:0:0:0:0:0:0:1
2026-05-30 18:03:47.985 [http-nio-8080-exec-6] [953cf410-e1a5-483d-a45d-e60e16d434f3] INFO  c.w.w.user.controller.UserController - REST API call: DELETE /api/users/15 - Deleting user
2026-05-30 18:03:47.990 [http-nio-8080-exec-6] [953cf410-e1a5-483d-a45d-e60e16d434f3] INFO  c.w.w.u.service.impl.UserServiceImpl - SERVICE: Starting deleteUser - Deleting user with ID: 15
2026-05-30 18:03:48.027 [http-nio-8080-exec-6] [953cf410-e1a5-483d-a45d-e60e16d434f3] DEBUG org.hibernate.SQL - 
    select
        count(*) 
    from
        users u1_0 
    where
        u1_0.id=?
2026-05-30 18:03:48.031 [http-nio-8080-exec-6] [953cf410-e1a5-483d-a45d-e60e16d434f3] DEBUG org.hibernate.SQL - 
    select
        u1_0.id,
        u1_0.email,
        u1_0.group_id,
        u1_0.name,
        u1_0.password 
    from
        users u1_0 
    where
        u1_0.id=?
2026-05-30 18:03:48.041 [http-nio-8080-exec-6] [953cf410-e1a5-483d-a45d-e60e16d434f3] INFO  c.w.w.u.service.impl.UserServiceImpl - SERVICE: deleteUser completed - Successfully deleted user with ID: 15
2026-05-30 18:03:48.045 [http-nio-8080-exec-6] [953cf410-e1a5-483d-a45d-e60e16d434f3] DEBUG org.hibernate.SQL - 
    delete 
    from
        users 
    where
        id=?
2026-05-30 18:03:48.056 [http-nio-8080-exec-6] [953cf410-e1a5-483d-a45d-e60e16d434f3] INFO  c.w.w.config.CorrelationIdFilter - Request completed: DELETE /api/users/15 - Status: 204 - Duration: 76ms
2026-05-30 18:03:48.074 [http-nio-8080-exec-1] [c3005615-6eaa-426d-abd8-d4b82f6798a5] INFO  c.w.w.config.CorrelationIdFilter - Request started: OPTIONS /api/users from 0:0:0:0:0:0:0:1
2026-05-30 18:03:48.078 [http-nio-8080-exec-1] [c3005615-6eaa-426d-abd8-d4b82f6798a5] INFO  c.w.w.config.CorrelationIdFilter - Request completed: OPTIONS /api/users - Status: 200 - Duration: 4ms
2026-05-30 18:03:48.081 [http-nio-8080-exec-8] [ccbea892-0389-482c-93ce-c850af29a8f8] INFO  c.w.w.config.CorrelationIdFilter - Request started: GET /api/users from 0:0:0:0:0:0:0:1
2026-05-30 18:03:48.092 [http-nio-8080-exec-8] [ccbea892-0389-482c-93ce-c850af29a8f8] INFO  c.w.w.user.controller.UserController - REST API call: GET /api/users - Retrieving all users
2026-05-30 18:03:48.092 [http-nio-8080-exec-8] [ccbea892-0389-482c-93ce-c850af29a8f8] INFO  c.w.w.u.service.impl.UserServiceImpl - SERVICE: Starting getAllUsers - Fetching all users from database
2026-05-30 18:03:48.095 [http-nio-8080-exec-8] [ccbea892-0389-482c-93ce-c850af29a8f8] DEBUG org.hibernate.SQL - 
    select
        u1_0.id,
        u1_0.email,
        u1_0.group_id,
        u1_0.name,
        u1_0.password 
    from
        users u1_0
2026-05-30 18:03:48.098 [http-nio-8080-exec-8] [ccbea892-0389-482c-93ce-c850af29a8f8] DEBUG org.hibernate.SQL - 
    select
        g1_0.id,
        g1_0.name 
    from
        groups g1_0 
    where
        g1_0.id=?
2026-05-30 18:03:48.100 [http-nio-8080-exec-8] [ccbea892-0389-482c-93ce-c850af29a8f8] DEBUG org.hibernate.SQL - 
    select
        g1_0.id,
        g1_0.name 
    from
        groups g1_0 
    where
        g1_0.id=?
2026-05-30 18:03:48.104 [http-nio-8080-exec-8] [ccbea892-0389-482c-93ce-c850af29a8f8] INFO  c.w.w.u.service.impl.UserServiceImpl - SERVICE: getAllUsers completed - Retrieved 2 users
2026-05-30 18:03:48.114 [http-nio-8080-exec-8] [ccbea892-0389-482c-93ce-c850af29a8f8] INFO  c.w.w.config.CorrelationIdFilter - Request completed: GET /api/users - Status: 200 - Duration: 33ms
2026-05-30 18:06:36.180 [http-nio-8080-exec-9] [ad791a73-a6dc-4d75-906a-04d0ae4b9bb1] INFO  c.w.w.config.CorrelationIdFilter - Request started: OPTIONS /api/auth/login from 0:0:0:0:0:0:0:1
2026-05-30 18:06:36.182 [http-nio-8080-exec-9] [ad791a73-a6dc-4d75-906a-04d0ae4b9bb1] INFO  c.w.w.config.CorrelationIdFilter - Request completed: OPTIONS /api/auth/login - Status: 200 - Duration: 2ms
2026-05-30 18:06:36.186 [http-nio-8080-exec-6] [78828757-1f9d-4fe1-b1cc-2201a7a8c78e] INFO  c.w.w.config.CorrelationIdFilter - Request started: POST /api/auth/login from 0:0:0:0:0:0:0:1
2026-05-30 18:06:36.192 [http-nio-8080-exec-6] [78828757-1f9d-4fe1-b1cc-2201a7a8c78e] INFO  c.w.w.a.service.impl.AuthServiceImpl - User login attempt: email=chavi1234@gmail.com
2026-05-30 18:06:36.194 [http-nio-8080-exec-6] [78828757-1f9d-4fe1-b1cc-2201a7a8c78e] DEBUG org.hibernate.SQL - 
    select
        u1_0.id,
        u1_0.email,
        u1_0.group_id,
        u1_0.name,
        u1_0.password 
    from
        users u1_0 
    where
        u1_0.email=?
2026-05-30 18:06:36.215 [http-nio-8080-exec-6] [78828757-1f9d-4fe1-b1cc-2201a7a8c78e] INFO  c.w.w.config.CorrelationIdFilter - Request completed: POST /api/auth/login - Status: 401 - Duration: 28ms
2026-05-30 18:06:49.913 [http-nio-8080-exec-1] [9215f9f6-3d5c-4266-af88-c0df8ba1be62] INFO  c.w.w.config.CorrelationIdFilter - Request started: OPTIONS /api/auth/login from 0:0:0:0:0:0:0:1
2026-05-30 18:06:49.914 [http-nio-8080-exec-1] [9215f9f6-3d5c-4266-af88-c0df8ba1be62] INFO  c.w.w.config.CorrelationIdFilter - Request completed: OPTIONS /api/auth/login - Status: 200 - Duration: 1ms
2026-05-30 18:06:49.916 [http-nio-8080-exec-8] [eecd57c1-8199-472b-a0e1-076b084f225e] INFO  c.w.w.config.CorrelationIdFilter - Request started: POST /api/auth/login from 0:0:0:0:0:0:0:1
2026-05-30 18:06:49.924 [http-nio-8080-exec-8] [eecd57c1-8199-472b-a0e1-076b084f225e] INFO  c.w.w.a.service.impl.AuthServiceImpl - User login attempt: email=tyagi@gmail.com
2026-05-30 18:06:49.927 [http-nio-8080-exec-8] [eecd57c1-8199-472b-a0e1-076b084f225e] DEBUG org.hibernate.SQL - 
    select
        u1_0.id,
        u1_0.email,
        u1_0.group_id,
        u1_0.name,
        u1_0.password 
    from
        users u1_0 
    where
        u1_0.email=?
2026-05-30 18:06:50.043 [http-nio-8080-exec-8] [eecd57c1-8199-472b-a0e1-076b084f225e] DEBUG org.hibernate.SQL - 
    select
        g1_0.id,
        g1_0.name 
    from
        groups g1_0 
    where
        g1_0.id=?
2026-05-30 18:06:50.044 [http-nio-8080-exec-8] [eecd57c1-8199-472b-a0e1-076b084f225e] DEBUG org.hibernate.SQL - 
    select
        p1_0.group_id,
        p1_1.id,
        p1_1.name 
    from
        group_permissions p1_0 
    join
        permissions p1_1 
            on p1_1.id=p1_0.permission_id 
    where
        p1_0.group_id=?
2026-05-30 18:06:50.046 [http-nio-8080-exec-8] [eecd57c1-8199-472b-a0e1-076b084f225e] INFO  c.w.w.a.service.impl.AuthServiceImpl - User login successful: email=tyagi@gmail.com, userId=1
2026-05-30 18:06:50.049 [http-nio-8080-exec-8] [eecd57c1-8199-472b-a0e1-076b084f225e] INFO  c.w.w.config.CorrelationIdFilter - Request completed: POST /api/auth/login - Status: 200 - Duration: 133ms
2026-05-30 18:06:50.690 [http-nio-8080-exec-3] [8f5b28ab-0aa4-4bfd-9ade-397cc863a49c] INFO  c.w.w.config.CorrelationIdFilter - Request started: OPTIONS /api/users from 0:0:0:0:0:0:0:1
2026-05-30 18:06:50.693 [http-nio-8080-exec-5] [761de2ae-bcfc-4c29-a1ce-25323ee06f62] INFO  c.w.w.config.CorrelationIdFilter - Request started: OPTIONS /api/accounts from 0:0:0:0:0:0:0:1
2026-05-30 18:06:50.696 [http-nio-8080-exec-5] [761de2ae-bcfc-4c29-a1ce-25323ee06f62] INFO  c.w.w.config.CorrelationIdFilter - Request completed: OPTIONS /api/accounts - Status: 200 - Duration: 2ms
2026-05-30 18:06:50.697 [http-nio-8080-exec-5] [05ef6473-d0ab-4585-8a76-df7023202caa] INFO  c.w.w.config.CorrelationIdFilter - Request started: OPTIONS /api/groups from 0:0:0:0:0:0:0:1
2026-05-30 18:06:50.701 [http-nio-8080-exec-3] [8f5b28ab-0aa4-4bfd-9ade-397cc863a49c] INFO  c.w.w.config.CorrelationIdFilter - Request completed: OPTIONS /api/users - Status: 200 - Duration: 10ms
2026-05-30 18:06:50.708 [http-nio-8080-exec-5] [05ef6473-d0ab-4585-8a76-df7023202caa] INFO  c.w.w.config.CorrelationIdFilter - Request completed: OPTIONS /api/groups - Status: 200 - Duration: 10ms
2026-05-30 18:06:50.709 [http-nio-8080-exec-5] [fee481bf-4c13-4882-b5af-862c4723e8c0] INFO  c.w.w.config.CorrelationIdFilter - Request started: OPTIONS /api/currencies from 0:0:0:0:0:0:0:1
2026-05-30 18:06:50.710 [http-nio-8080-exec-10] [cc7a1de4-4b15-409a-959e-a153bb21b8b3] INFO  c.w.w.config.CorrelationIdFilter - Request started: OPTIONS /api/permissions from 0:0:0:0:0:0:0:1
2026-05-30 18:06:50.710 [http-nio-8080-exec-2] [c9459ec1-3fef-493c-88e0-22d71cfdd3a0] INFO  c.w.w.config.CorrelationIdFilter - Request started: OPTIONS /api/accounts from 0:0:0:0:0:0:0:1
2026-05-30 18:06:50.711 [http-nio-8080-exec-5] [fee481bf-4c13-4882-b5af-862c4723e8c0] INFO  c.w.w.config.CorrelationIdFilter - Request completed: OPTIONS /api/currencies - Status: 200 - Duration: 2ms
2026-05-30 18:06:50.712 [http-nio-8080-exec-9] [d4fb422f-f697-4674-99eb-7497f7fec8af] INFO  c.w.w.config.CorrelationIdFilter - Request started: OPTIONS /api/groups from 0:0:0:0:0:0:0:1
2026-05-30 18:06:50.710 [http-nio-8080-exec-7] [35237b41-8be1-4b2f-9fe2-8f90ac342048] INFO  c.w.w.config.CorrelationIdFilter - Request started: OPTIONS /api/users from 0:0:0:0:0:0:0:1
2026-05-30 18:06:50.711 [http-nio-8080-exec-10] [cc7a1de4-4b15-409a-959e-a153bb21b8b3] INFO  c.w.w.config.CorrelationIdFilter - Request completed: OPTIONS /api/permissions - Status: 200 - Duration: 1ms
2026-05-30 18:06:50.713 [http-nio-8080-exec-2] [c9459ec1-3fef-493c-88e0-22d71cfdd3a0] INFO  c.w.w.config.CorrelationIdFilter - Request completed: OPTIONS /api/accounts - Status: 200 - Duration: 2ms
2026-05-30 18:06:50.713 [http-nio-8080-exec-9] [d4fb422f-f697-4674-99eb-7497f7fec8af] INFO  c.w.w.config.CorrelationIdFilter - Request completed: OPTIONS /api/groups - Status: 200 - Duration: 1ms
2026-05-30 18:06:50.715 [http-nio-8080-exec-7] [35237b41-8be1-4b2f-9fe2-8f90ac342048] INFO  c.w.w.config.CorrelationIdFilter - Request completed: OPTIONS /api/users - Status: 200 - Duration: 2ms
2026-05-30 18:06:50.722 [http-nio-8080-exec-1] [da221a13-1dd3-480b-aafb-43fda13d3f80] INFO  c.w.w.config.CorrelationIdFilter - Request started: GET /api/users from 0:0:0:0:0:0:0:1
2026-05-30 18:06:50.722 [http-nio-8080-exec-8] [37d8227a-95fb-4b50-988e-cc565b0729ea] INFO  c.w.w.config.CorrelationIdFilter - Request started: GET /api/accounts from 0:0:0:0:0:0:0:1
2026-05-30 18:06:50.723 [http-nio-8080-exec-4] [a73e1c41-4cea-4423-aa70-92d0a746d4b4] INFO  c.w.w.config.CorrelationIdFilter - Request started: GET /api/groups from 0:0:0:0:0:0:0:1
2026-05-30 18:06:50.726 [http-nio-8080-exec-1] [da221a13-1dd3-480b-aafb-43fda13d3f80] INFO  c.w.w.user.controller.UserController - REST API call: GET /api/users - Retrieving all users
2026-05-30 18:06:50.727 [http-nio-8080-exec-1] [da221a13-1dd3-480b-aafb-43fda13d3f80] INFO  c.w.w.u.service.impl.UserServiceImpl - SERVICE: Starting getAllUsers - Fetching all users from database
2026-05-30 18:06:50.727 [http-nio-8080-exec-4] [a73e1c41-4cea-4423-aa70-92d0a746d4b4] INFO  c.w.w.g.controller.GroupController - REST API call: GET /api/groups - Retrieving all groups
2026-05-30 18:06:50.729 [http-nio-8080-exec-1] [da221a13-1dd3-480b-aafb-43fda13d3f80] DEBUG org.hibernate.SQL - 
    select
        u1_0.id,
        u1_0.email,
        u1_0.group_id,
        u1_0.name,
        u1_0.password 
    from
        users u1_0
2026-05-30 18:06:50.730 [http-nio-8080-exec-4] [a73e1c41-4cea-4423-aa70-92d0a746d4b4] INFO  c.w.w.g.s.impl.GroupServiceImpl - Fetching all groups
2026-05-30 18:06:50.731 [http-nio-8080-exec-1] [da221a13-1dd3-480b-aafb-43fda13d3f80] DEBUG org.hibernate.SQL - 
    select
        g1_0.id,
        g1_0.name 
    from
        groups g1_0 
    where
        g1_0.id=?
2026-05-30 18:06:50.732 [http-nio-8080-exec-1] [da221a13-1dd3-480b-aafb-43fda13d3f80] DEBUG org.hibernate.SQL - 
    select
        g1_0.id,
        g1_0.name 
    from
        groups g1_0 
    where
        g1_0.id=?
2026-05-30 18:06:50.734 [http-nio-8080-exec-1] [da221a13-1dd3-480b-aafb-43fda13d3f80] INFO  c.w.w.u.service.impl.UserServiceImpl - SERVICE: getAllUsers completed - Retrieved 2 users
2026-05-30 18:06:50.737 [http-nio-8080-exec-3] [06794d2f-445e-4678-a436-0041eaf50ae6] INFO  c.w.w.config.CorrelationIdFilter - Request started: GET /api/permissions from 0:0:0:0:0:0:0:1
2026-05-30 18:06:50.738 [http-nio-8080-exec-1] [da221a13-1dd3-480b-aafb-43fda13d3f80] INFO  c.w.w.config.CorrelationIdFilter - Request completed: GET /api/users - Status: 200 - Duration: 16ms
2026-05-30 18:06:50.739 [http-nio-8080-exec-1] [146aeb74-4df8-4cc3-8adb-7018ab5ca99d] INFO  c.w.w.config.CorrelationIdFilter - Request started: GET /api/currencies from 0:0:0:0:0:0:0:1
2026-05-30 18:06:50.741 [http-nio-8080-exec-4] [a73e1c41-4cea-4423-aa70-92d0a746d4b4] DEBUG org.hibernate.SQL - 
    select
        g1_0.id,
        g1_0.name 
    from
        groups g1_0
2026-05-30 18:06:50.745 [http-nio-8080-exec-1] [146aeb74-4df8-4cc3-8adb-7018ab5ca99d] DEBUG org.hibernate.SQL - 
    select
        c1_0.id,
        c1_0.currency_code,
        c1_0.currency_name 
    from
        currencies c1_0
2026-05-30 18:06:50.751 [http-nio-8080-exec-1] [146aeb74-4df8-4cc3-8adb-7018ab5ca99d] INFO  c.w.w.config.CorrelationIdFilter - Request completed: GET /api/currencies - Status: 200 - Duration: 12ms
2026-05-30 18:06:50.754 [http-nio-8080-exec-8] [37d8227a-95fb-4b50-988e-cc565b0729ea] DEBUG org.hibernate.SQL - 
    select
        a1_0.id,
        a1_0.account_type_id,
        a1_0.balance,
        a1_0.currency_id,
        a1_0.user_id 
    from
        accounts a1_0
2026-05-30 18:06:50.754 [http-nio-8080-exec-4] [a73e1c41-4cea-4423-aa70-92d0a746d4b4] DEBUG org.hibernate.SQL - 
    select
        p1_0.group_id,
        p1_1.id,
        p1_1.name 
    from
        group_permissions p1_0 
    join
        permissions p1_1 
            on p1_1.id=p1_0.permission_id 
    where
        p1_0.group_id=?
2026-05-30 18:06:50.741 [http-nio-8080-exec-3] [06794d2f-445e-4678-a436-0041eaf50ae6] INFO  c.w.w.p.c.PermissionController - REST API call: GET /api/permissions - Retrieving all permissions
2026-05-30 18:06:50.754 [http-nio-8080-exec-3] [06794d2f-445e-4678-a436-0041eaf50ae6] INFO  c.w.w.p.s.impl.PermissionServiceImpl - SERVICE: Starting getAllPermissions - Fetching all permissions from database
2026-05-30 18:06:50.756 [http-nio-8080-exec-8] [37d8227a-95fb-4b50-988e-cc565b0729ea] DEBUG org.hibernate.SQL - 
    select
        at1_0.id,
        at1_0.type_name 
    from
        account_types at1_0 
    where
        at1_0.id=?
2026-05-30 18:06:50.757 [http-nio-8080-exec-8] [37d8227a-95fb-4b50-988e-cc565b0729ea] DEBUG org.hibernate.SQL - 
    select
        c1_0.id,
        c1_0.currency_code,
        c1_0.currency_name 
    from
        currencies c1_0 
    where
        c1_0.id=?
2026-05-30 18:06:50.759 [http-nio-8080-exec-4] [a73e1c41-4cea-4423-aa70-92d0a746d4b4] DEBUG org.hibernate.SQL - 
    select
        p1_0.group_id,
        p1_1.id,
        p1_1.name 
    from
        group_permissions p1_0 
    join
        permissions p1_1 
            on p1_1.id=p1_0.permission_id 
    where
        p1_0.group_id=?
2026-05-30 18:06:50.761 [http-nio-8080-exec-4] [a73e1c41-4cea-4423-aa70-92d0a746d4b4] DEBUG org.hibernate.SQL - 
    select
        p1_0.group_id,
        p1_1.id,
        p1_1.name 
    from
        group_permissions p1_0 
    join
        permissions p1_1 
            on p1_1.id=p1_0.permission_id 
    where
        p1_0.group_id=?
2026-05-30 18:06:50.761 [http-nio-8080-exec-8] [37d8227a-95fb-4b50-988e-cc565b0729ea] INFO  c.w.w.config.CorrelationIdFilter - Request completed: GET /api/accounts - Status: 200 - Duration: 39ms
2026-05-30 18:06:50.765 [http-nio-8080-exec-4] [a73e1c41-4cea-4423-aa70-92d0a746d4b4] INFO  c.w.w.config.CorrelationIdFilter - Request completed: GET /api/groups - Status: 200 - Duration: 42ms
2026-05-30 18:06:50.765 [http-nio-8080-exec-3] [06794d2f-445e-4678-a436-0041eaf50ae6] DEBUG org.hibernate.SQL - 
    select
        p1_0.id,
        p1_0.name 
    from
        permissions p1_0
2026-05-30 18:06:50.774 [http-nio-8080-exec-3] [06794d2f-445e-4678-a436-0041eaf50ae6] INFO  c.w.w.p.s.impl.PermissionServiceImpl - SERVICE: getAllPermissions completed - Retrieved 5 permissions
2026-05-30 18:06:50.778 [http-nio-8080-exec-3] [06794d2f-445e-4678-a436-0041eaf50ae6] INFO  c.w.w.config.CorrelationIdFilter - Request completed: GET /api/permissions - Status: 200 - Duration: 41ms
2026-05-30 18:06:50.780 [http-nio-8080-exec-6] [27d46e0a-460e-442b-a3c1-256a2c1cb4f0] INFO  c.w.w.config.CorrelationIdFilter - Request started: GET /api/users from 0:0:0:0:0:0:0:1
2026-05-30 18:06:50.780 [http-nio-8080-exec-10] [3067ae9b-0d89-41cb-8424-e1b9059e1252] INFO  c.w.w.config.CorrelationIdFilter - Request started: GET /api/currencies from 0:0:0:0:0:0:0:1
2026-05-30 18:06:50.791 [http-nio-8080-exec-6] [27d46e0a-460e-442b-a3c1-256a2c1cb4f0] INFO  c.w.w.user.controller.UserController - REST API call: GET /api/users - Retrieving all users
2026-05-30 18:06:50.792 [http-nio-8080-exec-6] [27d46e0a-460e-442b-a3c1-256a2c1cb4f0] INFO  c.w.w.u.service.impl.UserServiceImpl - SERVICE: Starting getAllUsers - Fetching all users from database
2026-05-30 18:06:50.795 [http-nio-8080-exec-10] [3067ae9b-0d89-41cb-8424-e1b9059e1252] DEBUG org.hibernate.SQL - 
    select
        c1_0.id,
        c1_0.currency_code,
        c1_0.currency_name 
    from
        currencies c1_0
2026-05-30 18:06:50.799 [http-nio-8080-exec-6] [27d46e0a-460e-442b-a3c1-256a2c1cb4f0] DEBUG org.hibernate.SQL - 
    select
        u1_0.id,
        u1_0.email,
        u1_0.group_id,
        u1_0.name,
        u1_0.password 
    from
        users u1_0
2026-05-30 18:06:50.808 [http-nio-8080-exec-10] [3067ae9b-0d89-41cb-8424-e1b9059e1252] INFO  c.w.w.config.CorrelationIdFilter - Request completed: GET /api/currencies - Status: 200 - Duration: 27ms
2026-05-30 18:06:50.811 [http-nio-8080-exec-6] [27d46e0a-460e-442b-a3c1-256a2c1cb4f0] DEBUG org.hibernate.SQL - 
    select
        g1_0.id,
        g1_0.name 
    from
        groups g1_0 
    where
        g1_0.id=?
2026-05-30 18:06:50.814 [http-nio-8080-exec-6] [27d46e0a-460e-442b-a3c1-256a2c1cb4f0] DEBUG org.hibernate.SQL - 
    select
        g1_0.id,
        g1_0.name 
    from
        groups g1_0 
    where
        g1_0.id=?
2026-05-30 18:06:50.816 [http-nio-8080-exec-6] [27d46e0a-460e-442b-a3c1-256a2c1cb4f0] INFO  c.w.w.u.service.impl.UserServiceImpl - SERVICE: getAllUsers completed - Retrieved 2 users
2026-05-30 18:06:50.821 [http-nio-8080-exec-6] [27d46e0a-460e-442b-a3c1-256a2c1cb4f0] INFO  c.w.w.config.CorrelationIdFilter - Request completed: GET /api/users - Status: 200 - Duration: 39ms
2026-05-30 18:06:50.821 [http-nio-8080-exec-2] [5ce34c1c-bcda-45bb-ba4b-860de740525c] INFO  c.w.w.config.CorrelationIdFilter - Request started: GET /api/accounts from 0:0:0:0:0:0:0:1
2026-05-30 18:06:50.827 [http-nio-8080-exec-9] [2e8857be-a7b7-45d6-b4a4-8b977b6c9f36] INFO  c.w.w.config.CorrelationIdFilter - Request started: GET /api/groups from 0:0:0:0:0:0:0:1
2026-05-30 18:06:50.831 [http-nio-8080-exec-7] [3d88a2f2-3503-46af-aa53-cef65dfc0e22] INFO  c.w.w.config.CorrelationIdFilter - Request started: GET /api/permissions from 0:0:0:0:0:0:0:1
2026-05-30 18:06:50.833 [http-nio-8080-exec-2] [5ce34c1c-bcda-45bb-ba4b-860de740525c] DEBUG org.hibernate.SQL - 
    select
        a1_0.id,
        a1_0.account_type_id,
        a1_0.balance,
        a1_0.currency_id,
        a1_0.user_id 
    from
        accounts a1_0
2026-05-30 18:06:50.836 [http-nio-8080-exec-2] [5ce34c1c-bcda-45bb-ba4b-860de740525c] DEBUG org.hibernate.SQL - 
    select
        at1_0.id,
        at1_0.type_name 
    from
        account_types at1_0 
    where
        at1_0.id=?
2026-05-30 18:06:50.839 [http-nio-8080-exec-2] [5ce34c1c-bcda-45bb-ba4b-860de740525c] DEBUG org.hibernate.SQL - 
    select
        c1_0.id,
        c1_0.currency_code,
        c1_0.currency_name 
    from
        currencies c1_0 
    where
        c1_0.id=?
2026-05-30 18:06:50.843 [http-nio-8080-exec-2] [5ce34c1c-bcda-45bb-ba4b-860de740525c] INFO  c.w.w.config.CorrelationIdFilter - Request completed: GET /api/accounts - Status: 200 - Duration: 20ms
2026-05-30 18:06:50.844 [http-nio-8080-exec-7] [3d88a2f2-3503-46af-aa53-cef65dfc0e22] INFO  c.w.w.p.c.PermissionController - REST API call: GET /api/permissions - Retrieving all permissions
2026-05-30 18:06:50.845 [http-nio-8080-exec-7] [3d88a2f2-3503-46af-aa53-cef65dfc0e22] INFO  c.w.w.p.s.impl.PermissionServiceImpl - SERVICE: Starting getAllPermissions - Fetching all permissions from database
2026-05-30 18:06:50.847 [http-nio-8080-exec-7] [3d88a2f2-3503-46af-aa53-cef65dfc0e22] DEBUG org.hibernate.SQL - 
    select
        p1_0.id,
        p1_0.name 
    from
        permissions p1_0
2026-05-30 18:06:50.849 [http-nio-8080-exec-7] [3d88a2f2-3503-46af-aa53-cef65dfc0e22] INFO  c.w.w.p.s.impl.PermissionServiceImpl - SERVICE: getAllPermissions completed - Retrieved 5 permissions
2026-05-30 18:06:50.853 [http-nio-8080-exec-7] [3d88a2f2-3503-46af-aa53-cef65dfc0e22] INFO  c.w.w.config.CorrelationIdFilter - Request completed: GET /api/permissions - Status: 200 - Duration: 22ms
2026-05-30 18:06:50.858 [http-nio-8080-exec-9] [2e8857be-a7b7-45d6-b4a4-8b977b6c9f36] INFO  c.w.w.g.controller.GroupController - REST API call: GET /api/groups - Retrieving all groups
2026-05-30 18:06:50.859 [http-nio-8080-exec-9] [2e8857be-a7b7-45d6-b4a4-8b977b6c9f36] INFO  c.w.w.g.s.impl.GroupServiceImpl - Fetching all groups
2026-05-30 18:06:50.861 [http-nio-8080-exec-9] [2e8857be-a7b7-45d6-b4a4-8b977b6c9f36] DEBUG org.hibernate.SQL - 
    select
        g1_0.id,
        g1_0.name 
    from
        groups g1_0
2026-05-30 18:06:50.863 [http-nio-8080-exec-9] [2e8857be-a7b7-45d6-b4a4-8b977b6c9f36] DEBUG org.hibernate.SQL - 
    select
        p1_0.group_id,
        p1_1.id,
        p1_1.name 
    from
        group_permissions p1_0 
    join
        permissions p1_1 
            on p1_1.id=p1_0.permission_id 
    where
        p1_0.group_id=?
2026-05-30 18:06:50.873 [http-nio-8080-exec-9] [2e8857be-a7b7-45d6-b4a4-8b977b6c9f36] DEBUG org.hibernate.SQL - 
    select
        p1_0.group_id,
        p1_1.id,
        p1_1.name 
    from
        group_permissions p1_0 
    join
        permissions p1_1 
            on p1_1.id=p1_0.permission_id 
    where
        p1_0.group_id=?
2026-05-30 18:06:50.875 [http-nio-8080-exec-9] [2e8857be-a7b7-45d6-b4a4-8b977b6c9f36] DEBUG org.hibernate.SQL - 
    select
        p1_0.group_id,
        p1_1.id,
        p1_1.name 
    from
        group_permissions p1_0 
    join
        permissions p1_1 
            on p1_1.id=p1_0.permission_id 
    where
        p1_0.group_id=?
2026-05-30 18:06:50.880 [http-nio-8080-exec-9] [2e8857be-a7b7-45d6-b4a4-8b977b6c9f36] INFO  c.w.w.config.CorrelationIdFilter - Request completed: GET /api/groups - Status: 200 - Duration: 53ms
2026-05-30 18:06:50.882 [http-nio-8080-exec-1] [17d9117e-9581-4c39-bbf3-fad5da75fb6f] INFO  c.w.w.config.CorrelationIdFilter - Request started: GET /api/currencies from 0:0:0:0:0:0:0:1
2026-05-30 18:06:50.892 [http-nio-8080-exec-1] [17d9117e-9581-4c39-bbf3-fad5da75fb6f] DEBUG org.hibernate.SQL - 
    select
        c1_0.id,
        c1_0.currency_code,
        c1_0.currency_name 
    from
        currencies c1_0
2026-05-30 18:06:50.897 [http-nio-8080-exec-1] [17d9117e-9581-4c39-bbf3-fad5da75fb6f] INFO  c.w.w.config.CorrelationIdFilter - Request completed: GET /api/currencies - Status: 200 - Duration: 15ms
2026-05-30 18:06:50.906 [http-nio-8080-exec-5] [a7f823e1-54eb-42d9-85f1-19a863bac528] INFO  c.w.w.config.CorrelationIdFilter - Request started: GET /api/users from 0:0:0:0:0:0:0:1
2026-05-30 18:06:50.906 [http-nio-8080-exec-8] [b87d1e89-29dd-45c8-9239-de1730c1338c] INFO  c.w.w.config.CorrelationIdFilter - Request started: GET /api/accounts from 0:0:0:0:0:0:0:1
2026-05-30 18:06:50.907 [http-nio-8080-exec-4] [3c54af98-67ee-4f44-8579-312161957cfc] INFO  c.w.w.config.CorrelationIdFilter - Request started: GET /api/permissions from 0:0:0:0:0:0:0:1
2026-05-30 18:06:50.910 [http-nio-8080-exec-4] [3c54af98-67ee-4f44-8579-312161957cfc] INFO  c.w.w.p.c.PermissionController - REST API call: GET /api/permissions - Retrieving all permissions
2026-05-30 18:06:50.911 [http-nio-8080-exec-4] [3c54af98-67ee-4f44-8579-312161957cfc] INFO  c.w.w.p.s.impl.PermissionServiceImpl - SERVICE: Starting getAllPermissions - Fetching all permissions from database
2026-05-30 18:06:50.912 [http-nio-8080-exec-4] [3c54af98-67ee-4f44-8579-312161957cfc] DEBUG org.hibernate.SQL - 
    select
        p1_0.id,
        p1_0.name 
    from
        permissions p1_0
2026-05-30 18:06:50.913 [http-nio-8080-exec-5] [a7f823e1-54eb-42d9-85f1-19a863bac528] INFO  c.w.w.user.controller.UserController - REST API call: GET /api/users - Retrieving all users
2026-05-30 18:06:50.913 [http-nio-8080-exec-5] [a7f823e1-54eb-42d9-85f1-19a863bac528] INFO  c.w.w.u.service.impl.UserServiceImpl - SERVICE: Starting getAllUsers - Fetching all users from database
2026-05-30 18:06:50.914 [http-nio-8080-exec-4] [3c54af98-67ee-4f44-8579-312161957cfc] INFO  c.w.w.p.s.impl.PermissionServiceImpl - SERVICE: getAllPermissions completed - Retrieved 5 permissions
2026-05-30 18:06:50.915 [http-nio-8080-exec-5] [a7f823e1-54eb-42d9-85f1-19a863bac528] DEBUG org.hibernate.SQL - 
    select
        u1_0.id,
        u1_0.email,
        u1_0.group_id,
        u1_0.name,
        u1_0.password 
    from
        users u1_0
2026-05-30 18:06:50.920 [http-nio-8080-exec-5] [a7f823e1-54eb-42d9-85f1-19a863bac528] DEBUG org.hibernate.SQL - 
    select
        g1_0.id,
        g1_0.name 
    from
        groups g1_0 
    where
        g1_0.id=?
2026-05-30 18:06:50.921 [http-nio-8080-exec-4] [3c54af98-67ee-4f44-8579-312161957cfc] INFO  c.w.w.config.CorrelationIdFilter - Request completed: GET /api/permissions - Status: 200 - Duration: 14ms
2026-05-30 18:06:50.923 [http-nio-8080-exec-5] [a7f823e1-54eb-42d9-85f1-19a863bac528] DEBUG org.hibernate.SQL - 
    select
        g1_0.id,
        g1_0.name 
    from
        groups g1_0 
    where
        g1_0.id=?
2026-05-30 18:06:50.925 [http-nio-8080-exec-5] [a7f823e1-54eb-42d9-85f1-19a863bac528] INFO  c.w.w.u.service.impl.UserServiceImpl - SERVICE: getAllUsers completed - Retrieved 2 users
2026-05-30 18:06:50.928 [http-nio-8080-exec-5] [a7f823e1-54eb-42d9-85f1-19a863bac528] INFO  c.w.w.config.CorrelationIdFilter - Request completed: GET /api/users - Status: 200 - Duration: 22ms
2026-05-30 18:06:50.931 [http-nio-8080-exec-8] [b87d1e89-29dd-45c8-9239-de1730c1338c] DEBUG org.hibernate.SQL - 
    select
        a1_0.id,
        a1_0.account_type_id,
        a1_0.balance,
        a1_0.currency_id,
        a1_0.user_id 
    from
        accounts a1_0
2026-05-30 18:06:50.933 [http-nio-8080-exec-8] [b87d1e89-29dd-45c8-9239-de1730c1338c] DEBUG org.hibernate.SQL - 
    select
        at1_0.id,
        at1_0.type_name 
    from
        account_types at1_0 
    where
        at1_0.id=?
2026-05-30 18:06:50.936 [http-nio-8080-exec-8] [b87d1e89-29dd-45c8-9239-de1730c1338c] DEBUG org.hibernate.SQL - 
    select
        c1_0.id,
        c1_0.currency_code,
        c1_0.currency_name 
    from
        currencies c1_0 
    where
        c1_0.id=?
2026-05-30 18:06:50.936 [http-nio-8080-exec-3] [9bcba6f0-409b-4e8f-9830-c0b4141838ef] INFO  c.w.w.config.CorrelationIdFilter - Request started: GET /api/groups from 0:0:0:0:0:0:0:1
2026-05-30 18:06:50.940 [http-nio-8080-exec-8] [b87d1e89-29dd-45c8-9239-de1730c1338c] INFO  c.w.w.config.CorrelationIdFilter - Request completed: GET /api/accounts - Status: 200 - Duration: 33ms
2026-05-30 18:06:50.943 [http-nio-8080-exec-3] [9bcba6f0-409b-4e8f-9830-c0b4141838ef] INFO  c.w.w.g.controller.GroupController - REST API call: GET /api/groups - Retrieving all groups
2026-05-30 18:06:50.944 [http-nio-8080-exec-3] [9bcba6f0-409b-4e8f-9830-c0b4141838ef] INFO  c.w.w.g.s.impl.GroupServiceImpl - Fetching all groups
2026-05-30 18:06:50.944 [http-nio-8080-exec-10] [e3e0428e-593b-4958-9c1a-f9ddf21995f8] INFO  c.w.w.config.CorrelationIdFilter - Request started: GET /api/currencies from 0:0:0:0:0:0:0:1
2026-05-30 18:06:50.949 [http-nio-8080-exec-3] [9bcba6f0-409b-4e8f-9830-c0b4141838ef] DEBUG org.hibernate.SQL - 
    select
        g1_0.id,
        g1_0.name 
    from
        groups g1_0
2026-05-30 18:06:50.953 [http-nio-8080-exec-3] [9bcba6f0-409b-4e8f-9830-c0b4141838ef] DEBUG org.hibernate.SQL - 
    select
        p1_0.group_id,
        p1_1.id,
        p1_1.name 
    from
        group_permissions p1_0 
    join
        permissions p1_1 
            on p1_1.id=p1_0.permission_id 
    where
        p1_0.group_id=?
2026-05-30 18:06:50.956 [http-nio-8080-exec-10] [e3e0428e-593b-4958-9c1a-f9ddf21995f8] DEBUG org.hibernate.SQL - 
    select
        c1_0.id,
        c1_0.currency_code,
        c1_0.currency_name 
    from
        currencies c1_0
2026-05-30 18:06:50.957 [http-nio-8080-exec-3] [9bcba6f0-409b-4e8f-9830-c0b4141838ef] DEBUG org.hibernate.SQL - 
    select
        p1_0.group_id,
        p1_1.id,
        p1_1.name 
    from
        group_permissions p1_0 
    join
        permissions p1_1 
            on p1_1.id=p1_0.permission_id 
    where
        p1_0.group_id=?
2026-05-30 18:06:50.958 [http-nio-8080-exec-3] [9bcba6f0-409b-4e8f-9830-c0b4141838ef] DEBUG org.hibernate.SQL - 
    select
        p1_0.group_id,
        p1_1.id,
        p1_1.name 
    from
        group_permissions p1_0 
    join
        permissions p1_1 
            on p1_1.id=p1_0.permission_id 
    where
        p1_0.group_id=?
2026-05-30 18:06:50.963 [http-nio-8080-exec-3] [9bcba6f0-409b-4e8f-9830-c0b4141838ef] INFO  c.w.w.config.CorrelationIdFilter - Request completed: GET /api/groups - Status: 200 - Duration: 26ms
2026-05-30 18:06:50.967 [http-nio-8080-exec-10] [e3e0428e-593b-4958-9c1a-f9ddf21995f8] INFO  c.w.w.config.CorrelationIdFilter - Request completed: GET /api/currencies - Status: 200 - Duration: 22ms
2026-05-30 18:06:50.973 [http-nio-8080-exec-6] [3f003ca1-f827-4498-82d0-1cf55f8d325f] INFO  c.w.w.config.CorrelationIdFilter - Request started: GET /api/permissions from 0:0:0:0:0:0:0:1
2026-05-30 18:06:50.975 [http-nio-8080-exec-2] [f3fd0bac-f49d-4489-aabf-b57b93343260] INFO  c.w.w.config.CorrelationIdFilter - Request started: GET /api/users from 0:0:0:0:0:0:0:1
2026-05-30 18:06:50.976 [http-nio-8080-exec-7] [8a4d3841-bc1f-4143-8c96-5d5e9d26dfcb] INFO  c.w.w.config.CorrelationIdFilter - Request started: GET /api/accounts from 0:0:0:0:0:0:0:1
2026-05-30 18:06:50.983 [http-nio-8080-exec-2] [f3fd0bac-f49d-4489-aabf-b57b93343260] INFO  c.w.w.user.controller.UserController - REST API call: GET /api/users - Retrieving all users
2026-05-30 18:06:50.983 [http-nio-8080-exec-2] [f3fd0bac-f49d-4489-aabf-b57b93343260] INFO  c.w.w.u.service.impl.UserServiceImpl - SERVICE: Starting getAllUsers - Fetching all users from database
2026-05-30 18:06:50.984 [http-nio-8080-exec-6] [3f003ca1-f827-4498-82d0-1cf55f8d325f] INFO  c.w.w.p.c.PermissionController - REST API call: GET /api/permissions - Retrieving all permissions
2026-05-30 18:06:50.986 [http-nio-8080-exec-6] [3f003ca1-f827-4498-82d0-1cf55f8d325f] INFO  c.w.w.p.s.impl.PermissionServiceImpl - SERVICE: Starting getAllPermissions - Fetching all permissions from database
2026-05-30 18:06:50.987 [http-nio-8080-exec-2] [f3fd0bac-f49d-4489-aabf-b57b93343260] DEBUG org.hibernate.SQL - 
    select
        u1_0.id,
        u1_0.email,
        u1_0.group_id,
        u1_0.name,
        u1_0.password 
    from
        users u1_0
2026-05-30 18:06:50.989 [http-nio-8080-exec-2] [f3fd0bac-f49d-4489-aabf-b57b93343260] DEBUG org.hibernate.SQL - 
    select
        g1_0.id,
        g1_0.name 
    from
        groups g1_0 
    where
        g1_0.id=?
2026-05-30 18:06:50.991 [http-nio-8080-exec-2] [f3fd0bac-f49d-4489-aabf-b57b93343260] DEBUG org.hibernate.SQL - 
    select
        g1_0.id,
        g1_0.name 
    from
        groups g1_0 
    where
        g1_0.id=?
2026-05-30 18:06:50.992 [http-nio-8080-exec-7] [8a4d3841-bc1f-4143-8c96-5d5e9d26dfcb] DEBUG org.hibernate.SQL - 
    select
        a1_0.id,
        a1_0.account_type_id,
        a1_0.balance,
        a1_0.currency_id,
        a1_0.user_id 
    from
        accounts a1_0
2026-05-30 18:06:50.992 [http-nio-8080-exec-2] [f3fd0bac-f49d-4489-aabf-b57b93343260] INFO  c.w.w.u.service.impl.UserServiceImpl - SERVICE: getAllUsers completed - Retrieved 2 users
2026-05-30 18:06:50.994 [http-nio-8080-exec-2] [f3fd0bac-f49d-4489-aabf-b57b93343260] INFO  c.w.w.config.CorrelationIdFilter - Request completed: GET /api/users - Status: 200 - Duration: 19ms
2026-05-30 18:06:50.995 [http-nio-8080-exec-6] [3f003ca1-f827-4498-82d0-1cf55f8d325f] DEBUG org.hibernate.SQL - 
    select
        p1_0.id,
        p1_0.name 
    from
        permissions p1_0
2026-05-30 18:06:51.005 [http-nio-8080-exec-6] [3f003ca1-f827-4498-82d0-1cf55f8d325f] INFO  c.w.w.p.s.impl.PermissionServiceImpl - SERVICE: getAllPermissions completed - Retrieved 5 permissions
2026-05-30 18:06:51.007 [http-nio-8080-exec-7] [8a4d3841-bc1f-4143-8c96-5d5e9d26dfcb] DEBUG org.hibernate.SQL - 
    select
        at1_0.id,
        at1_0.type_name 
    from
        account_types at1_0 
    where
        at1_0.id=?
2026-05-30 18:06:51.008 [http-nio-8080-exec-6] [3f003ca1-f827-4498-82d0-1cf55f8d325f] INFO  c.w.w.config.CorrelationIdFilter - Request completed: GET /api/permissions - Status: 200 - Duration: 35ms
2026-05-30 18:06:51.009 [http-nio-8080-exec-7] [8a4d3841-bc1f-4143-8c96-5d5e9d26dfcb] DEBUG org.hibernate.SQL - 
    select
        c1_0.id,
        c1_0.currency_code,
        c1_0.currency_name 
    from
        currencies c1_0 
    where
        c1_0.id=?
2026-05-30 18:06:51.013 [http-nio-8080-exec-7] [8a4d3841-bc1f-4143-8c96-5d5e9d26dfcb] INFO  c.w.w.config.CorrelationIdFilter - Request completed: GET /api/accounts - Status: 200 - Duration: 37ms
2026-05-30 18:06:51.016 [http-nio-8080-exec-9] [f59a9649-7897-434b-9477-2716652defcd] INFO  c.w.w.config.CorrelationIdFilter - Request started: GET /api/groups from 0:0:0:0:0:0:0:1
2026-05-30 18:06:51.024 [http-nio-8080-exec-9] [f59a9649-7897-434b-9477-2716652defcd] INFO  c.w.w.g.controller.GroupController - REST API call: GET /api/groups - Retrieving all groups
2026-05-30 18:06:51.025 [http-nio-8080-exec-9] [f59a9649-7897-434b-9477-2716652defcd] INFO  c.w.w.g.s.impl.GroupServiceImpl - Fetching all groups
2026-05-30 18:06:51.028 [http-nio-8080-exec-9] [f59a9649-7897-434b-9477-2716652defcd] DEBUG org.hibernate.SQL - 
    select
        g1_0.id,
        g1_0.name 
    from
        groups g1_0
2026-05-30 18:06:51.031 [http-nio-8080-exec-9] [f59a9649-7897-434b-9477-2716652defcd] DEBUG org.hibernate.SQL - 
    select
        p1_0.group_id,
        p1_1.id,
        p1_1.name 
    from
        group_permissions p1_0 
    join
        permissions p1_1 
            on p1_1.id=p1_0.permission_id 
    where
        p1_0.group_id=?
2026-05-30 18:06:51.033 [http-nio-8080-exec-9] [f59a9649-7897-434b-9477-2716652defcd] DEBUG org.hibernate.SQL - 
    select
        p1_0.group_id,
        p1_1.id,
        p1_1.name 
    from
        group_permissions p1_0 
    join
        permissions p1_1 
            on p1_1.id=p1_0.permission_id 
    where
        p1_0.group_id=?
2026-05-30 18:06:51.037 [http-nio-8080-exec-9] [f59a9649-7897-434b-9477-2716652defcd] DEBUG org.hibernate.SQL - 
    select
        p1_0.group_id,
        p1_1.id,
        p1_1.name 
    from
        group_permissions p1_0 
    join
        permissions p1_1 
            on p1_1.id=p1_0.permission_id 
    where
        p1_0.group_id=?
2026-05-30 18:06:51.042 [http-nio-8080-exec-9] [f59a9649-7897-434b-9477-2716652defcd] INFO  c.w.w.config.CorrelationIdFilter - Request completed: GET /api/groups - Status: 200 - Duration: 25ms
2026-05-30 18:06:54.695 [http-nio-8080-exec-1] [b38f3fc5-d909-4c8a-8c61-9076a91d42e6] INFO  c.w.w.config.CorrelationIdFilter - Request started: GET /api/users from 0:0:0:0:0:0:0:1
2026-05-30 18:06:54.699 [http-nio-8080-exec-1] [b38f3fc5-d909-4c8a-8c61-9076a91d42e6] INFO  c.w.w.user.controller.UserController - REST API call: GET /api/users - Retrieving all users
2026-05-30 18:06:54.700 [http-nio-8080-exec-1] [b38f3fc5-d909-4c8a-8c61-9076a91d42e6] INFO  c.w.w.u.service.impl.UserServiceImpl - SERVICE: Starting getAllUsers - Fetching all users from database
2026-05-30 18:06:54.701 [http-nio-8080-exec-1] [b38f3fc5-d909-4c8a-8c61-9076a91d42e6] DEBUG org.hibernate.SQL - 
    select
        u1_0.id,
        u1_0.email,
        u1_0.group_id,
        u1_0.name,
        u1_0.password 
    from
        users u1_0
2026-05-30 18:06:54.703 [http-nio-8080-exec-1] [b38f3fc5-d909-4c8a-8c61-9076a91d42e6] DEBUG org.hibernate.SQL - 
    select
        g1_0.id,
        g1_0.name 
    from
        groups g1_0 
    where
        g1_0.id=?
2026-05-30 18:06:54.705 [http-nio-8080-exec-1] [b38f3fc5-d909-4c8a-8c61-9076a91d42e6] DEBUG org.hibernate.SQL - 
    select
        g1_0.id,
        g1_0.name 
    from
        groups g1_0 
    where
        g1_0.id=?
2026-05-30 18:06:54.706 [http-nio-8080-exec-1] [b38f3fc5-d909-4c8a-8c61-9076a91d42e6] INFO  c.w.w.u.service.impl.UserServiceImpl - SERVICE: getAllUsers completed - Retrieved 2 users
2026-05-30 18:06:54.709 [http-nio-8080-exec-1] [b38f3fc5-d909-4c8a-8c61-9076a91d42e6] INFO  c.w.w.config.CorrelationIdFilter - Request completed: GET /api/users - Status: 200 - Duration: 14ms
2026-05-30 18:06:54.717 [http-nio-8080-exec-4] [5a4a9cbd-d615-44bb-a2d5-fbcfc2bd961b] INFO  c.w.w.config.CorrelationIdFilter - Request started: GET /api/users from 0:0:0:0:0:0:0:1
2026-05-30 18:06:54.725 [http-nio-8080-exec-4] [5a4a9cbd-d615-44bb-a2d5-fbcfc2bd961b] INFO  c.w.w.user.controller.UserController - REST API call: GET /api/users - Retrieving all users
2026-05-30 18:06:54.726 [http-nio-8080-exec-4] [5a4a9cbd-d615-44bb-a2d5-fbcfc2bd961b] INFO  c.w.w.u.service.impl.UserServiceImpl - SERVICE: Starting getAllUsers - Fetching all users from database
2026-05-30 18:06:54.728 [http-nio-8080-exec-4] [5a4a9cbd-d615-44bb-a2d5-fbcfc2bd961b] DEBUG org.hibernate.SQL - 
    select
        u1_0.id,
        u1_0.email,
        u1_0.group_id,
        u1_0.name,
        u1_0.password 
    from
        users u1_0
2026-05-30 18:06:54.732 [http-nio-8080-exec-4] [5a4a9cbd-d615-44bb-a2d5-fbcfc2bd961b] DEBUG org.hibernate.SQL - 
    select
        g1_0.id,
        g1_0.name 
    from
        groups g1_0 
    where
        g1_0.id=?
2026-05-30 18:06:54.733 [http-nio-8080-exec-4] [5a4a9cbd-d615-44bb-a2d5-fbcfc2bd961b] DEBUG org.hibernate.SQL - 
    select
        g1_0.id,
        g1_0.name 
    from
        groups g1_0 
    where
        g1_0.id=?
2026-05-30 18:06:54.736 [http-nio-8080-exec-4] [5a4a9cbd-d615-44bb-a2d5-fbcfc2bd961b] INFO  c.w.w.u.service.impl.UserServiceImpl - SERVICE: getAllUsers completed - Retrieved 2 users
2026-05-30 18:06:54.739 [http-nio-8080-exec-4] [5a4a9cbd-d615-44bb-a2d5-fbcfc2bd961b] INFO  c.w.w.config.CorrelationIdFilter - Request completed: GET /api/users - Status: 200 - Duration: 22ms
2026-05-30 18:06:54.743 [http-nio-8080-exec-5] [676ff90c-9204-4074-b4e4-2f52d296438c] INFO  c.w.w.config.CorrelationIdFilter - Request started: GET /api/users from 0:0:0:0:0:0:0:1
2026-05-30 18:06:54.751 [http-nio-8080-exec-5] [676ff90c-9204-4074-b4e4-2f52d296438c] INFO  c.w.w.user.controller.UserController - REST API call: GET /api/users - Retrieving all users
2026-05-30 18:06:54.752 [http-nio-8080-exec-5] [676ff90c-9204-4074-b4e4-2f52d296438c] INFO  c.w.w.u.service.impl.UserServiceImpl - SERVICE: Starting getAllUsers - Fetching all users from database
2026-05-30 18:06:54.754 [http-nio-8080-exec-5] [676ff90c-9204-4074-b4e4-2f52d296438c] DEBUG org.hibernate.SQL - 
    select
        u1_0.id,
        u1_0.email,
        u1_0.group_id,
        u1_0.name,
        u1_0.password 
    from
        users u1_0
2026-05-30 18:06:54.756 [http-nio-8080-exec-5] [676ff90c-9204-4074-b4e4-2f52d296438c] DEBUG org.hibernate.SQL - 
    select
        g1_0.id,
        g1_0.name 
    from
        groups g1_0 
    where
        g1_0.id=?
2026-05-30 18:06:54.757 [http-nio-8080-exec-5] [676ff90c-9204-4074-b4e4-2f52d296438c] DEBUG org.hibernate.SQL - 
    select
        g1_0.id,
        g1_0.name 
    from
        groups g1_0 
    where
        g1_0.id=?
2026-05-30 18:06:54.759 [http-nio-8080-exec-5] [676ff90c-9204-4074-b4e4-2f52d296438c] INFO  c.w.w.u.service.impl.UserServiceImpl - SERVICE: getAllUsers completed - Retrieved 2 users
2026-05-30 18:06:54.765 [http-nio-8080-exec-5] [676ff90c-9204-4074-b4e4-2f52d296438c] INFO  c.w.w.config.CorrelationIdFilter - Request completed: GET /api/users - Status: 200 - Duration: 22ms
2026-05-30 18:06:54.769 [http-nio-8080-exec-8] [4ef0f6fd-b85b-4174-9f18-58edac8d8ca7] INFO  c.w.w.config.CorrelationIdFilter - Request started: GET /api/users from 0:0:0:0:0:0:0:1
2026-05-30 18:06:54.777 [http-nio-8080-exec-8] [4ef0f6fd-b85b-4174-9f18-58edac8d8ca7] INFO  c.w.w.user.controller.UserController - REST API call: GET /api/users - Retrieving all users
2026-05-30 18:06:54.778 [http-nio-8080-exec-8] [4ef0f6fd-b85b-4174-9f18-58edac8d8ca7] INFO  c.w.w.u.service.impl.UserServiceImpl - SERVICE: Starting getAllUsers - Fetching all users from database
2026-05-30 18:06:54.784 [http-nio-8080-exec-8] [4ef0f6fd-b85b-4174-9f18-58edac8d8ca7] DEBUG org.hibernate.SQL - 
    select
        u1_0.id,
        u1_0.email,
        u1_0.group_id,
        u1_0.name,
        u1_0.password 
    from
        users u1_0
2026-05-30 18:06:54.787 [http-nio-8080-exec-8] [4ef0f6fd-b85b-4174-9f18-58edac8d8ca7] DEBUG org.hibernate.SQL - 
    select
        g1_0.id,
        g1_0.name 
    from
        groups g1_0 
    where
        g1_0.id=?
2026-05-30 18:06:54.789 [http-nio-8080-exec-8] [4ef0f6fd-b85b-4174-9f18-58edac8d8ca7] DEBUG org.hibernate.SQL - 
    select
        g1_0.id,
        g1_0.name 
    from
        groups g1_0 
    where
        g1_0.id=?
2026-05-30 18:06:54.791 [http-nio-8080-exec-8] [4ef0f6fd-b85b-4174-9f18-58edac8d8ca7] INFO  c.w.w.u.service.impl.UserServiceImpl - SERVICE: getAllUsers completed - Retrieved 2 users
2026-05-30 18:06:54.793 [http-nio-8080-exec-8] [4ef0f6fd-b85b-4174-9f18-58edac8d8ca7] INFO  c.w.w.config.CorrelationIdFilter - Request completed: GET /api/users - Status: 200 - Duration: 23ms
2026-05-30 18:12:36.496 [http-nio-8080-exec-1] [ccf9a657-3ac5-4e00-b398-0da88cb82163] INFO  c.w.w.config.CorrelationIdFilter - Request started: OPTIONS /api/auth/login from 0:0:0:0:0:0:0:1
2026-05-30 18:12:36.503 [http-nio-8080-exec-1] [ccf9a657-3ac5-4e00-b398-0da88cb82163] INFO  c.w.w.config.CorrelationIdFilter - Request completed: OPTIONS /api/auth/login - Status: 200 - Duration: 6ms
2026-05-30 18:12:36.507 [http-nio-8080-exec-4] [bfe88a84-0960-43be-ae59-c9878028b798] INFO  c.w.w.config.CorrelationIdFilter - Request started: POST /api/auth/login from 0:0:0:0:0:0:0:1
2026-05-30 18:12:36.515 [http-nio-8080-exec-4] [bfe88a84-0960-43be-ae59-c9878028b798] INFO  c.w.w.a.service.impl.AuthServiceImpl - User login attempt: email=tyagi@gmail.com
2026-05-30 18:12:36.517 [http-nio-8080-exec-4] [bfe88a84-0960-43be-ae59-c9878028b798] DEBUG org.hibernate.SQL - 
    select
        u1_0.id,
        u1_0.email,
        u1_0.group_id,
        u1_0.name,
        u1_0.password 
    from
        users u1_0 
    where
        u1_0.email=?
2026-05-30 18:12:36.638 [http-nio-8080-exec-4] [bfe88a84-0960-43be-ae59-c9878028b798] DEBUG org.hibernate.SQL - 
    select
        g1_0.id,
        g1_0.name 
    from
        groups g1_0 
    where
        g1_0.id=?
2026-05-30 18:12:36.643 [http-nio-8080-exec-4] [bfe88a84-0960-43be-ae59-c9878028b798] DEBUG org.hibernate.SQL - 
    select
        p1_0.group_id,
        p1_1.id,
        p1_1.name 
    from
        group_permissions p1_0 
    join
        permissions p1_1 
            on p1_1.id=p1_0.permission_id 
    where
        p1_0.group_id=?
2026-05-30 18:12:36.646 [http-nio-8080-exec-4] [bfe88a84-0960-43be-ae59-c9878028b798] INFO  c.w.w.a.service.impl.AuthServiceImpl - User login successful: email=tyagi@gmail.com, userId=1
2026-05-30 18:12:36.649 [http-nio-8080-exec-4] [bfe88a84-0960-43be-ae59-c9878028b798] INFO  c.w.w.config.CorrelationIdFilter - Request completed: POST /api/auth/login - Status: 200 - Duration: 142ms
2026-05-30 18:12:37.314 [http-nio-8080-exec-5] [2cb69df7-8d95-4b43-aedc-1a72a495b1fc] INFO  c.w.w.config.CorrelationIdFilter - Request started: OPTIONS /api/users from 0:0:0:0:0:0:0:1
2026-05-30 18:12:37.317 [http-nio-8080-exec-5] [2cb69df7-8d95-4b43-aedc-1a72a495b1fc] INFO  c.w.w.config.CorrelationIdFilter - Request completed: OPTIONS /api/users - Status: 200 - Duration: 1ms
2026-05-30 18:12:37.325 [http-nio-8080-exec-8] [e39d7b9a-1cf1-441c-8bbe-74e34a9d80d8] INFO  c.w.w.config.CorrelationIdFilter - Request started: OPTIONS /api/accounts from 0:0:0:0:0:0:0:1
2026-05-30 18:12:37.328 [http-nio-8080-exec-2] [0504eaf5-31ad-49bb-aa1d-fe186ec2d4a8] INFO  c.w.w.config.CorrelationIdFilter - Request started: OPTIONS /api/groups from 0:0:0:0:0:0:0:1
2026-05-30 18:12:37.328 [http-nio-8080-exec-8] [e39d7b9a-1cf1-441c-8bbe-74e34a9d80d8] INFO  c.w.w.config.CorrelationIdFilter - Request completed: OPTIONS /api/accounts - Status: 200 - Duration: 2ms
2026-05-30 18:12:37.329 [http-nio-8080-exec-8] [833f3e10-5d70-440d-be66-57f7587bb2f8] INFO  c.w.w.config.CorrelationIdFilter - Request started: OPTIONS /api/permissions from 0:0:0:0:0:0:0:1
2026-05-30 18:12:37.331 [http-nio-8080-exec-8] [833f3e10-5d70-440d-be66-57f7587bb2f8] INFO  c.w.w.config.CorrelationIdFilter - Request completed: OPTIONS /api/permissions - Status: 200 - Duration: 1ms
2026-05-30 18:12:37.332 [http-nio-8080-exec-8] [3491846d-1cc4-467d-a144-e47f21778348] INFO  c.w.w.config.CorrelationIdFilter - Request started: OPTIONS /api/currencies from 0:0:0:0:0:0:0:1
2026-05-30 18:12:37.335 [http-nio-8080-exec-8] [3491846d-1cc4-467d-a144-e47f21778348] INFO  c.w.w.config.CorrelationIdFilter - Request completed: OPTIONS /api/currencies - Status: 200 - Duration: 2ms
2026-05-30 18:12:37.336 [http-nio-8080-exec-8] [a6259818-9bce-4291-b755-d7e35fc32cc7] INFO  c.w.w.config.CorrelationIdFilter - Request started: OPTIONS /api/accounts from 0:0:0:0:0:0:0:1
2026-05-30 18:12:37.341 [http-nio-8080-exec-8] [a6259818-9bce-4291-b755-d7e35fc32cc7] INFO  c.w.w.config.CorrelationIdFilter - Request completed: OPTIONS /api/accounts - Status: 200 - Duration: 5ms
2026-05-30 18:12:37.341 [http-nio-8080-exec-6] [7001bb0c-f5a2-4b9b-88e3-5629765a2b51] INFO  c.w.w.config.CorrelationIdFilter - Request started: OPTIONS /api/groups from 0:0:0:0:0:0:0:1
2026-05-30 18:12:37.342 [http-nio-8080-exec-8] [f1d02476-dbc4-4136-a148-22d4c855077d] INFO  c.w.w.config.CorrelationIdFilter - Request started: OPTIONS /api/permissions from 0:0:0:0:0:0:0:1
2026-05-30 18:12:37.331 [http-nio-8080-exec-2] [0504eaf5-31ad-49bb-aa1d-fe186ec2d4a8] INFO  c.w.w.config.CorrelationIdFilter - Request completed: OPTIONS /api/groups - Status: 200 - Duration: 3ms
2026-05-30 18:12:37.345 [http-nio-8080-exec-6] [7001bb0c-f5a2-4b9b-88e3-5629765a2b51] INFO  c.w.w.config.CorrelationIdFilter - Request completed: OPTIONS /api/groups - Status: 200 - Duration: 4ms
2026-05-30 18:12:37.345 [http-nio-8080-exec-8] [f1d02476-dbc4-4136-a148-22d4c855077d] INFO  c.w.w.config.CorrelationIdFilter - Request completed: OPTIONS /api/permissions - Status: 200 - Duration: 3ms
2026-05-30 18:12:37.345 [http-nio-8080-exec-2] [d55d8eeb-86a4-485d-b6fe-ea160f280ec9] INFO  c.w.w.config.CorrelationIdFilter - Request started: OPTIONS /api/currencies from 0:0:0:0:0:0:0:1
2026-05-30 18:12:37.345 [http-nio-8080-exec-8] [f5a240c6-5f78-4236-a094-cb5f6567fa48] INFO  c.w.w.config.CorrelationIdFilter - Request started: OPTIONS /api/groups from 0:0:0:0:0:0:0:1
2026-05-30 18:12:37.347 [http-nio-8080-exec-8] [f5a240c6-5f78-4236-a094-cb5f6567fa48] INFO  c.w.w.config.CorrelationIdFilter - Request completed: OPTIONS /api/groups - Status: 200 - Duration: 2ms
2026-05-30 18:12:37.347 [http-nio-8080-exec-2] [d55d8eeb-86a4-485d-b6fe-ea160f280ec9] INFO  c.w.w.config.CorrelationIdFilter - Request completed: OPTIONS /api/currencies - Status: 200 - Duration: 2ms
2026-05-30 18:12:37.348 [http-nio-8080-exec-8] [c387e841-044b-444c-b032-d11d3d4b1a19] INFO  c.w.w.config.CorrelationIdFilter - Request started: OPTIONS /api/permissions from 0:0:0:0:0:0:0:1
2026-05-30 18:12:37.349 [http-nio-8080-exec-2] [097d864f-2da9-4067-ab8d-67042c5ed6af] INFO  c.w.w.config.CorrelationIdFilter - Request started: OPTIONS /api/currencies from 0:0:0:0:0:0:0:1
2026-05-30 18:12:37.349 [http-nio-8080-exec-8] [c387e841-044b-444c-b032-d11d3d4b1a19] INFO  c.w.w.config.CorrelationIdFilter - Request completed: OPTIONS /api/permissions - Status: 200 - Duration: 1ms
2026-05-30 18:12:37.350 [http-nio-8080-exec-8] [ccb77b30-febb-4a0a-ac83-ca01c4d91c96] INFO  c.w.w.config.CorrelationIdFilter - Request started: OPTIONS /api/groups from 0:0:0:0:0:0:0:1
2026-05-30 18:12:37.353 [http-nio-8080-exec-2] [097d864f-2da9-4067-ab8d-67042c5ed6af] INFO  c.w.w.config.CorrelationIdFilter - Request completed: OPTIONS /api/currencies - Status: 200 - Duration: 4ms
2026-05-30 18:12:37.357 [http-nio-8080-exec-8] [ccb77b30-febb-4a0a-ac83-ca01c4d91c96] INFO  c.w.w.config.CorrelationIdFilter - Request completed: OPTIONS /api/groups - Status: 200 - Duration: 6ms
2026-05-30 18:12:37.357 [http-nio-8080-exec-6] [7e565e86-d3f5-492c-b81f-3d6ea0afd92d] INFO  c.w.w.config.CorrelationIdFilter - Request started: OPTIONS /api/accounts from 0:0:0:0:0:0:0:1
2026-05-30 18:12:37.360 [http-nio-8080-exec-6] [7e565e86-d3f5-492c-b81f-3d6ea0afd92d] INFO  c.w.w.config.CorrelationIdFilter - Request completed: OPTIONS /api/accounts - Status: 200 - Duration: 2ms
2026-05-30 18:12:37.363 [http-nio-8080-exec-2] [9570a4dc-2b89-4d41-9a5d-2cc31379e67e] INFO  c.w.w.config.CorrelationIdFilter - Request started: GET /api/users from 0:0:0:0:0:0:0:1
2026-05-30 18:12:37.366 [http-nio-8080-exec-10] [bade27e0-4320-4392-8945-edeb94fee743] INFO  c.w.w.config.CorrelationIdFilter - Request started: GET /api/accounts from 0:0:0:0:0:0:0:1
2026-05-30 18:12:37.368 [http-nio-8080-exec-8] [bb376468-4f00-4ebe-a17d-7892e094ffce] INFO  c.w.w.config.CorrelationIdFilter - Request started: GET /api/permissions from 0:0:0:0:0:0:0:1
2026-05-30 18:12:37.374 [http-nio-8080-exec-2] [9570a4dc-2b89-4d41-9a5d-2cc31379e67e] INFO  c.w.w.user.controller.UserController - REST API call: GET /api/users - Retrieving all users
2026-05-30 18:12:37.376 [http-nio-8080-exec-2] [9570a4dc-2b89-4d41-9a5d-2cc31379e67e] INFO  c.w.w.u.service.impl.UserServiceImpl - SERVICE: Starting getAllUsers - Fetching all users from database
2026-05-30 18:12:37.378 [http-nio-8080-exec-2] [9570a4dc-2b89-4d41-9a5d-2cc31379e67e] DEBUG org.hibernate.SQL - 
    select
        u1_0.id,
        u1_0.email,
        u1_0.group_id,
        u1_0.name,
        u1_0.password 
    from
        users u1_0
2026-05-30 18:12:37.380 [http-nio-8080-exec-2] [9570a4dc-2b89-4d41-9a5d-2cc31379e67e] DEBUG org.hibernate.SQL - 
    select
        g1_0.id,
        g1_0.name 
    from
        groups g1_0 
    where
        g1_0.id=?
2026-05-30 18:12:37.382 [http-nio-8080-exec-2] [9570a4dc-2b89-4d41-9a5d-2cc31379e67e] DEBUG org.hibernate.SQL - 
    select
        g1_0.id,
        g1_0.name 
    from
        groups g1_0 
    where
        g1_0.id=?
2026-05-30 18:12:37.383 [http-nio-8080-exec-2] [9570a4dc-2b89-4d41-9a5d-2cc31379e67e] INFO  c.w.w.u.service.impl.UserServiceImpl - SERVICE: getAllUsers completed - Retrieved 2 users
2026-05-30 18:12:37.386 [http-nio-8080-exec-2] [9570a4dc-2b89-4d41-9a5d-2cc31379e67e] INFO  c.w.w.config.CorrelationIdFilter - Request completed: GET /api/users - Status: 200 - Duration: 23ms
2026-05-30 18:12:37.397 [http-nio-8080-exec-8] [bb376468-4f00-4ebe-a17d-7892e094ffce] INFO  c.w.w.p.c.PermissionController - REST API call: GET /api/permissions - Retrieving all permissions
2026-05-30 18:12:37.400 [http-nio-8080-exec-8] [bb376468-4f00-4ebe-a17d-7892e094ffce] INFO  c.w.w.p.s.impl.PermissionServiceImpl - SERVICE: Starting getAllPermissions - Fetching all permissions from database
2026-05-30 18:12:37.413 [http-nio-8080-exec-10] [bade27e0-4320-4392-8945-edeb94fee743] DEBUG org.hibernate.SQL - 
    select
        a1_0.id,
        a1_0.account_type_id,
        a1_0.balance,
        a1_0.currency_id,
        a1_0.user_id 
    from
        accounts a1_0
2026-05-30 18:12:37.417 [http-nio-8080-exec-10] [bade27e0-4320-4392-8945-edeb94fee743] DEBUG org.hibernate.SQL - 
    select
        at1_0.id,
        at1_0.type_name 
    from
        account_types at1_0 
    where
        at1_0.id=?
2026-05-30 18:12:37.418 [http-nio-8080-exec-6] [625eeb18-76ec-447a-bb34-3143c6367e3e] INFO  c.w.w.config.CorrelationIdFilter - Request started: GET /api/currencies from 0:0:0:0:0:0:0:1
2026-05-30 18:12:37.418 [http-nio-8080-exec-10] [bade27e0-4320-4392-8945-edeb94fee743] DEBUG org.hibernate.SQL - 
    select
        c1_0.id,
        c1_0.currency_code,
        c1_0.currency_name 
    from
        currencies c1_0 
    where
        c1_0.id=?
2026-05-30 18:12:37.425 [http-nio-8080-exec-10] [bade27e0-4320-4392-8945-edeb94fee743] INFO  c.w.w.config.CorrelationIdFilter - Request completed: GET /api/accounts - Status: 200 - Duration: 58ms
2026-05-30 18:12:37.426 [http-nio-8080-exec-3] [4f572f15-f26f-4e8a-920e-f3062529c9f1] INFO  c.w.w.config.CorrelationIdFilter - Request started: GET /api/groups from 0:0:0:0:0:0:0:1
2026-05-30 18:12:37.434 [http-nio-8080-exec-3] [4f572f15-f26f-4e8a-920e-f3062529c9f1] INFO  c.w.w.g.controller.GroupController - REST API call: GET /api/groups - Retrieving all groups
2026-05-30 18:12:37.435 [http-nio-8080-exec-3] [4f572f15-f26f-4e8a-920e-f3062529c9f1] INFO  c.w.w.g.s.impl.GroupServiceImpl - Fetching all groups
2026-05-30 18:12:37.470 [http-nio-8080-exec-8] [bb376468-4f00-4ebe-a17d-7892e094ffce] DEBUG org.hibernate.SQL - 
    select
        p1_0.id,
        p1_0.name 
    from
        permissions p1_0
2026-05-30 18:12:37.470 [http-nio-8080-exec-6] [625eeb18-76ec-447a-bb34-3143c6367e3e] DEBUG org.hibernate.SQL - 
    select
        c1_0.id,
        c1_0.currency_code,
        c1_0.currency_name 
    from
        currencies c1_0
2026-05-30 18:12:37.480 [http-nio-8080-exec-8] [bb376468-4f00-4ebe-a17d-7892e094ffce] INFO  c.w.w.p.s.impl.PermissionServiceImpl - SERVICE: getAllPermissions completed - Retrieved 5 permissions
2026-05-30 18:12:37.483 [http-nio-8080-exec-8] [bb376468-4f00-4ebe-a17d-7892e094ffce] INFO  c.w.w.config.CorrelationIdFilter - Request completed: GET /api/permissions - Status: 200 - Duration: 114ms
2026-05-30 18:12:37.485 [http-nio-8080-exec-8] [42987be9-6173-4314-95bc-b3edce15d941] INFO  c.w.w.config.CorrelationIdFilter - Request started: GET /api/users from 0:0:0:0:0:0:0:1
2026-05-30 18:12:37.486 [http-nio-8080-exec-6] [625eeb18-76ec-447a-bb34-3143c6367e3e] INFO  c.w.w.config.CorrelationIdFilter - Request completed: GET /api/currencies - Status: 200 - Duration: 68ms
2026-05-30 18:12:37.486 [http-nio-8080-exec-6] [39a9f5ae-3291-4326-adb6-bdeff83c6e01] INFO  c.w.w.config.CorrelationIdFilter - Request started: GET /api/accounts from 0:0:0:0:0:0:0:1
2026-05-30 18:12:37.499 [http-nio-8080-exec-6] [39a9f5ae-3291-4326-adb6-bdeff83c6e01] DEBUG org.hibernate.SQL - 
    select
        a1_0.id,
        a1_0.account_type_id,
        a1_0.balance,
        a1_0.currency_id,
        a1_0.user_id 
    from
        accounts a1_0
2026-05-30 18:12:37.502 [http-nio-8080-exec-6] [39a9f5ae-3291-4326-adb6-bdeff83c6e01] DEBUG org.hibernate.SQL - 
    select
        at1_0.id,
        at1_0.type_name 
    from
        account_types at1_0 
    where
        at1_0.id=?
2026-05-30 18:12:37.511 [http-nio-8080-exec-6] [39a9f5ae-3291-4326-adb6-bdeff83c6e01] DEBUG org.hibernate.SQL - 
    select
        c1_0.id,
        c1_0.currency_code,
        c1_0.currency_name 
    from
        currencies c1_0 
    where
        c1_0.id=?
2026-05-30 18:12:37.513 [http-nio-8080-exec-8] [42987be9-6173-4314-95bc-b3edce15d941] INFO  c.w.w.user.controller.UserController - REST API call: GET /api/users - Retrieving all users
2026-05-30 18:12:37.514 [http-nio-8080-exec-8] [42987be9-6173-4314-95bc-b3edce15d941] INFO  c.w.w.u.service.impl.UserServiceImpl - SERVICE: Starting getAllUsers - Fetching all users from database
2026-05-30 18:12:37.516 [http-nio-8080-exec-6] [39a9f5ae-3291-4326-adb6-bdeff83c6e01] INFO  c.w.w.config.CorrelationIdFilter - Request completed: GET /api/accounts - Status: 200 - Duration: 30ms
2026-05-30 18:12:37.516 [http-nio-8080-exec-8] [42987be9-6173-4314-95bc-b3edce15d941] DEBUG org.hibernate.SQL - 
    select
        u1_0.id,
        u1_0.email,
        u1_0.group_id,
        u1_0.name,
        u1_0.password 
    from
        users u1_0
2026-05-30 18:12:37.518 [http-nio-8080-exec-8] [42987be9-6173-4314-95bc-b3edce15d941] DEBUG org.hibernate.SQL - 
    select
        g1_0.id,
        g1_0.name 
    from
        groups g1_0 
    where
        g1_0.id=?
2026-05-30 18:12:37.522 [http-nio-8080-exec-8] [42987be9-6173-4314-95bc-b3edce15d941] DEBUG org.hibernate.SQL - 
    select
        g1_0.id,
        g1_0.name 
    from
        groups g1_0 
    where
        g1_0.id=?
2026-05-30 18:12:37.525 [http-nio-8080-exec-8] [42987be9-6173-4314-95bc-b3edce15d941] INFO  c.w.w.u.service.impl.UserServiceImpl - SERVICE: getAllUsers completed - Retrieved 2 users
2026-05-30 18:12:37.528 [http-nio-8080-exec-8] [42987be9-6173-4314-95bc-b3edce15d941] INFO  c.w.w.config.CorrelationIdFilter - Request completed: GET /api/users - Status: 200 - Duration: 43ms
2026-05-30 18:12:37.548 [http-nio-8080-exec-3] [4f572f15-f26f-4e8a-920e-f3062529c9f1] DEBUG org.hibernate.SQL - 
    select
        g1_0.id,
        g1_0.name 
    from
        groups g1_0
2026-05-30 18:12:37.550 [http-nio-8080-exec-3] [4f572f15-f26f-4e8a-920e-f3062529c9f1] DEBUG org.hibernate.SQL - 
    select
        p1_0.group_id,
        p1_1.id,
        p1_1.name 
    from
        group_permissions p1_0 
    join
        permissions p1_1 
            on p1_1.id=p1_0.permission_id 
    where
        p1_0.group_id=?
2026-05-30 18:12:37.552 [http-nio-8080-exec-3] [4f572f15-f26f-4e8a-920e-f3062529c9f1] DEBUG org.hibernate.SQL - 
    select
        p1_0.group_id,
        p1_1.id,
        p1_1.name 
    from
        group_permissions p1_0 
    join
        permissions p1_1 
            on p1_1.id=p1_0.permission_id 
    where
        p1_0.group_id=?
2026-05-30 18:12:37.553 [http-nio-8080-exec-3] [4f572f15-f26f-4e8a-920e-f3062529c9f1] DEBUG org.hibernate.SQL - 
    select
        p1_0.group_id,
        p1_1.id,
        p1_1.name 
    from
        group_permissions p1_0 
    join
        permissions p1_1 
            on p1_1.id=p1_0.permission_id 
    where
        p1_0.group_id=?
2026-05-30 18:12:37.566 [http-nio-8080-exec-3] [4f572f15-f26f-4e8a-920e-f3062529c9f1] INFO  c.w.w.config.CorrelationIdFilter - Request completed: GET /api/groups - Status: 200 - Duration: 139ms
2026-05-30 18:12:37.683 [http-nio-8080-exec-1] [ad496167-6f38-449a-8abc-2ac586919943] INFO  c.w.w.config.CorrelationIdFilter - Request started: GET /api/currencies from 0:0:0:0:0:0:0:1
2026-05-30 18:12:37.683 [http-nio-8080-exec-4] [e376d7e0-9081-4bc2-be01-5ffb5b6f9cba] INFO  c.w.w.config.CorrelationIdFilter - Request started: GET /api/permissions from 0:0:0:0:0:0:0:1
2026-05-30 18:12:37.693 [http-nio-8080-exec-4] [e376d7e0-9081-4bc2-be01-5ffb5b6f9cba] INFO  c.w.w.p.c.PermissionController - REST API call: GET /api/permissions - Retrieving all permissions
2026-05-30 18:12:37.693 [http-nio-8080-exec-4] [e376d7e0-9081-4bc2-be01-5ffb5b6f9cba] INFO  c.w.w.p.s.impl.PermissionServiceImpl - SERVICE: Starting getAllPermissions - Fetching all permissions from database
2026-05-30 18:12:37.696 [http-nio-8080-exec-1] [ad496167-6f38-449a-8abc-2ac586919943] DEBUG org.hibernate.SQL - 
    select
        c1_0.id,
        c1_0.currency_code,
        c1_0.currency_name 
    from
        currencies c1_0
2026-05-30 18:12:37.696 [http-nio-8080-exec-4] [e376d7e0-9081-4bc2-be01-5ffb5b6f9cba] DEBUG org.hibernate.SQL - 
    select
        p1_0.id,
        p1_0.name 
    from
        permissions p1_0
2026-05-30 18:12:37.698 [http-nio-8080-exec-4] [e376d7e0-9081-4bc2-be01-5ffb5b6f9cba] INFO  c.w.w.p.s.impl.PermissionServiceImpl - SERVICE: getAllPermissions completed - Retrieved 5 permissions
2026-05-30 18:12:37.700 [http-nio-8080-exec-4] [e376d7e0-9081-4bc2-be01-5ffb5b6f9cba] INFO  c.w.w.config.CorrelationIdFilter - Request completed: GET /api/permissions - Status: 200 - Duration: 16ms
2026-05-30 18:12:37.700 [http-nio-8080-exec-1] [ad496167-6f38-449a-8abc-2ac586919943] INFO  c.w.w.config.CorrelationIdFilter - Request completed: GET /api/currencies - Status: 200 - Duration: 17ms
2026-05-30 18:12:37.707 [http-nio-8080-exec-5] [71ac2e0a-f214-4798-931a-d87aa3cdda38] INFO  c.w.w.config.CorrelationIdFilter - Request started: GET /api/accounts from 0:0:0:0:0:0:0:1
2026-05-30 18:12:37.710 [http-nio-8080-exec-2] [fcc83c43-3411-41f6-9d8e-a0d31a53baa9] INFO  c.w.w.config.CorrelationIdFilter - Request started: GET /api/users from 0:0:0:0:0:0:0:1
2026-05-30 18:12:37.714 [http-nio-8080-exec-2] [fcc83c43-3411-41f6-9d8e-a0d31a53baa9] INFO  c.w.w.user.controller.UserController - REST API call: GET /api/users - Retrieving all users
2026-05-30 18:12:37.715 [http-nio-8080-exec-2] [fcc83c43-3411-41f6-9d8e-a0d31a53baa9] INFO  c.w.w.u.service.impl.UserServiceImpl - SERVICE: Starting getAllUsers - Fetching all users from database
2026-05-30 18:12:37.716 [http-nio-8080-exec-2] [fcc83c43-3411-41f6-9d8e-a0d31a53baa9] DEBUG org.hibernate.SQL - 
    select
        u1_0.id,
        u1_0.email,
        u1_0.group_id,
        u1_0.name,
        u1_0.password 
    from
        users u1_0
2026-05-30 18:12:37.719 [http-nio-8080-exec-2] [fcc83c43-3411-41f6-9d8e-a0d31a53baa9] DEBUG org.hibernate.SQL - 
    select
        g1_0.id,
        g1_0.name 
    from
        groups g1_0 
    where
        g1_0.id=?
2026-05-30 18:12:37.721 [http-nio-8080-exec-5] [71ac2e0a-f214-4798-931a-d87aa3cdda38] DEBUG org.hibernate.SQL - 
    select
        a1_0.id,
        a1_0.account_type_id,
        a1_0.balance,
        a1_0.currency_id,
        a1_0.user_id 
    from
        accounts a1_0
2026-05-30 18:12:37.724 [http-nio-8080-exec-2] [fcc83c43-3411-41f6-9d8e-a0d31a53baa9] DEBUG org.hibernate.SQL - 
    select
        g1_0.id,
        g1_0.name 
    from
        groups g1_0 
    where
        g1_0.id=?
2026-05-30 18:12:37.724 [http-nio-8080-exec-10] [9018dc4e-633a-4e69-b24a-8551d6d6b3e7] INFO  c.w.w.config.CorrelationIdFilter - Request started: GET /api/groups from 0:0:0:0:0:0:0:1
2026-05-30 18:12:37.725 [http-nio-8080-exec-2] [fcc83c43-3411-41f6-9d8e-a0d31a53baa9] INFO  c.w.w.u.service.impl.UserServiceImpl - SERVICE: getAllUsers completed - Retrieved 2 users
2026-05-30 18:12:37.726 [http-nio-8080-exec-5] [71ac2e0a-f214-4798-931a-d87aa3cdda38] DEBUG org.hibernate.SQL - 
    select
        at1_0.id,
        at1_0.type_name 
    from
        account_types at1_0 
    where
        at1_0.id=?
2026-05-30 18:12:37.730 [http-nio-8080-exec-5] [71ac2e0a-f214-4798-931a-d87aa3cdda38] DEBUG org.hibernate.SQL - 
    select
        c1_0.id,
        c1_0.currency_code,
        c1_0.currency_name 
    from
        currencies c1_0 
    where
        c1_0.id=?
2026-05-30 18:12:37.731 [http-nio-8080-exec-2] [fcc83c43-3411-41f6-9d8e-a0d31a53baa9] INFO  c.w.w.config.CorrelationIdFilter - Request completed: GET /api/users - Status: 200 - Duration: 21ms
2026-05-30 18:12:37.733 [http-nio-8080-exec-10] [9018dc4e-633a-4e69-b24a-8551d6d6b3e7] INFO  c.w.w.g.controller.GroupController - REST API call: GET /api/groups - Retrieving all groups
2026-05-30 18:12:37.733 [http-nio-8080-exec-5] [71ac2e0a-f214-4798-931a-d87aa3cdda38] INFO  c.w.w.config.CorrelationIdFilter - Request completed: GET /api/accounts - Status: 200 - Duration: 26ms
2026-05-30 18:12:37.733 [http-nio-8080-exec-10] [9018dc4e-633a-4e69-b24a-8551d6d6b3e7] INFO  c.w.w.g.s.impl.GroupServiceImpl - Fetching all groups
2026-05-30 18:12:37.735 [http-nio-8080-exec-10] [9018dc4e-633a-4e69-b24a-8551d6d6b3e7] DEBUG org.hibernate.SQL - 
    select
        g1_0.id,
        g1_0.name 
    from
        groups g1_0
2026-05-30 18:12:37.742 [http-nio-8080-exec-10] [9018dc4e-633a-4e69-b24a-8551d6d6b3e7] DEBUG org.hibernate.SQL - 
    select
        p1_0.group_id,
        p1_1.id,
        p1_1.name 
    from
        group_permissions p1_0 
    join
        permissions p1_1 
            on p1_1.id=p1_0.permission_id 
    where
        p1_0.group_id=?
2026-05-30 18:12:37.744 [http-nio-8080-exec-10] [9018dc4e-633a-4e69-b24a-8551d6d6b3e7] DEBUG org.hibernate.SQL - 
    select
        p1_0.group_id,
        p1_1.id,
        p1_1.name 
    from
        group_permissions p1_0 
    join
        permissions p1_1 
            on p1_1.id=p1_0.permission_id 
    where
        p1_0.group_id=?
2026-05-30 18:12:37.746 [http-nio-8080-exec-10] [9018dc4e-633a-4e69-b24a-8551d6d6b3e7] DEBUG org.hibernate.SQL - 
    select
        p1_0.group_id,
        p1_1.id,
        p1_1.name 
    from
        group_permissions p1_0 
    join
        permissions p1_1 
            on p1_1.id=p1_0.permission_id 
    where
        p1_0.group_id=?
2026-05-30 18:12:37.750 [http-nio-8080-exec-10] [9018dc4e-633a-4e69-b24a-8551d6d6b3e7] INFO  c.w.w.config.CorrelationIdFilter - Request completed: GET /api/groups - Status: 200 - Duration: 26ms
2026-05-30 18:12:37.760 [http-nio-8080-exec-6] [083155ee-679d-4d95-85df-4524dbe58a96] INFO  c.w.w.config.CorrelationIdFilter - Request started: GET /api/permissions from 0:0:0:0:0:0:0:1
2026-05-30 18:12:37.765 [http-nio-8080-exec-8] [fbe64506-7b16-45fe-b79d-5c31a0fdb7dd] INFO  c.w.w.config.CorrelationIdFilter - Request started: GET /api/currencies from 0:0:0:0:0:0:0:1
2026-05-30 18:12:37.766 [http-nio-8080-exec-6] [083155ee-679d-4d95-85df-4524dbe58a96] INFO  c.w.w.p.c.PermissionController - REST API call: GET /api/permissions - Retrieving all permissions
2026-05-30 18:12:37.767 [http-nio-8080-exec-6] [083155ee-679d-4d95-85df-4524dbe58a96] INFO  c.w.w.p.s.impl.PermissionServiceImpl - SERVICE: Starting getAllPermissions - Fetching all permissions from database
2026-05-30 18:12:37.773 [http-nio-8080-exec-6] [083155ee-679d-4d95-85df-4524dbe58a96] DEBUG org.hibernate.SQL - 
    select
        p1_0.id,
        p1_0.name 
    from
        permissions p1_0
2026-05-30 18:12:37.777 [http-nio-8080-exec-6] [083155ee-679d-4d95-85df-4524dbe58a96] INFO  c.w.w.p.s.impl.PermissionServiceImpl - SERVICE: getAllPermissions completed - Retrieved 5 permissions
2026-05-30 18:12:37.779 [http-nio-8080-exec-6] [083155ee-679d-4d95-85df-4524dbe58a96] INFO  c.w.w.config.CorrelationIdFilter - Request completed: GET /api/permissions - Status: 200 - Duration: 19ms
2026-05-30 18:12:37.779 [http-nio-8080-exec-7] [88dbb4cb-6551-4491-9f3d-66ba323667bd] INFO  c.w.w.config.CorrelationIdFilter - Request started: GET /api/users from 0:0:0:0:0:0:0:1
2026-05-30 18:12:37.783 [http-nio-8080-exec-8] [fbe64506-7b16-45fe-b79d-5c31a0fdb7dd] DEBUG org.hibernate.SQL - 
    select
        c1_0.id,
        c1_0.currency_code,
        c1_0.currency_name 
    from
        currencies c1_0
2026-05-30 18:12:37.789 [http-nio-8080-exec-8] [fbe64506-7b16-45fe-b79d-5c31a0fdb7dd] INFO  c.w.w.config.CorrelationIdFilter - Request completed: GET /api/currencies - Status: 200 - Duration: 24ms
2026-05-30 18:12:37.799 [http-nio-8080-exec-9] [ef0904b7-4e9e-4fdd-a0e5-823abb2e7500] INFO  c.w.w.config.CorrelationIdFilter - Request started: GET /api/accounts from 0:0:0:0:0:0:0:1
2026-05-30 18:12:37.800 [http-nio-8080-exec-3] [0d4640f9-44d6-4ecf-a45c-2df99297fbdd] INFO  c.w.w.config.CorrelationIdFilter - Request started: GET /api/groups from 0:0:0:0:0:0:0:1
2026-05-30 18:12:37.802 [http-nio-8080-exec-7] [88dbb4cb-6551-4491-9f3d-66ba323667bd] INFO  c.w.w.user.controller.UserController - REST API call: GET /api/users - Retrieving all users
2026-05-30 18:12:37.803 [http-nio-8080-exec-7] [88dbb4cb-6551-4491-9f3d-66ba323667bd] INFO  c.w.w.u.service.impl.UserServiceImpl - SERVICE: Starting getAllUsers - Fetching all users from database
2026-05-30 18:12:37.809 [http-nio-8080-exec-3] [0d4640f9-44d6-4ecf-a45c-2df99297fbdd] INFO  c.w.w.g.controller.GroupController - REST API call: GET /api/groups - Retrieving all groups
2026-05-30 18:12:37.809 [http-nio-8080-exec-3] [0d4640f9-44d6-4ecf-a45c-2df99297fbdd] INFO  c.w.w.g.s.impl.GroupServiceImpl - Fetching all groups
2026-05-30 18:12:37.811 [http-nio-8080-exec-7] [88dbb4cb-6551-4491-9f3d-66ba323667bd] DEBUG org.hibernate.SQL - 
    select
        u1_0.id,
        u1_0.email,
        u1_0.group_id,
        u1_0.name,
        u1_0.password 
    from
        users u1_0
2026-05-30 18:12:37.811 [http-nio-8080-exec-3] [0d4640f9-44d6-4ecf-a45c-2df99297fbdd] DEBUG org.hibernate.SQL - 
    select
        g1_0.id,
        g1_0.name 
    from
        groups g1_0
2026-05-30 18:12:37.813 [http-nio-8080-exec-3] [0d4640f9-44d6-4ecf-a45c-2df99297fbdd] DEBUG org.hibernate.SQL - 
    select
        p1_0.group_id,
        p1_1.id,
        p1_1.name 
    from
        group_permissions p1_0 
    join
        permissions p1_1 
            on p1_1.id=p1_0.permission_id 
    where
        p1_0.group_id=?
2026-05-30 18:12:37.813 [http-nio-8080-exec-7] [88dbb4cb-6551-4491-9f3d-66ba323667bd] DEBUG org.hibernate.SQL - 
    select
        g1_0.id,
        g1_0.name 
    from
        groups g1_0 
    where
        g1_0.id=?
2026-05-30 18:12:37.814 [http-nio-8080-exec-7] [88dbb4cb-6551-4491-9f3d-66ba323667bd] DEBUG org.hibernate.SQL - 
    select
        g1_0.id,
        g1_0.name 
    from
        groups g1_0 
    where
        g1_0.id=?
2026-05-30 18:12:37.815 [http-nio-8080-exec-3] [0d4640f9-44d6-4ecf-a45c-2df99297fbdd] DEBUG org.hibernate.SQL - 
    select
        p1_0.group_id,
        p1_1.id,
        p1_1.name 
    from
        group_permissions p1_0 
    join
        permissions p1_1 
            on p1_1.id=p1_0.permission_id 
    where
        p1_0.group_id=?
2026-05-30 18:12:37.815 [http-nio-8080-exec-7] [88dbb4cb-6551-4491-9f3d-66ba323667bd] INFO  c.w.w.u.service.impl.UserServiceImpl - SERVICE: getAllUsers completed - Retrieved 2 users
2026-05-30 18:12:37.816 [http-nio-8080-exec-3] [0d4640f9-44d6-4ecf-a45c-2df99297fbdd] DEBUG org.hibernate.SQL - 
    select
        p1_0.group_id,
        p1_1.id,
        p1_1.name 
    from
        group_permissions p1_0 
    join
        permissions p1_1 
            on p1_1.id=p1_0.permission_id 
    where
        p1_0.group_id=?
2026-05-30 18:12:37.817 [http-nio-8080-exec-7] [88dbb4cb-6551-4491-9f3d-66ba323667bd] INFO  c.w.w.config.CorrelationIdFilter - Request completed: GET /api/users - Status: 200 - Duration: 36ms
2026-05-30 18:12:37.819 [http-nio-8080-exec-3] [0d4640f9-44d6-4ecf-a45c-2df99297fbdd] INFO  c.w.w.config.CorrelationIdFilter - Request completed: GET /api/groups - Status: 200 - Duration: 19ms
2026-05-30 18:12:37.825 [http-nio-8080-exec-9] [ef0904b7-4e9e-4fdd-a0e5-823abb2e7500] DEBUG org.hibernate.SQL - 
    select
        a1_0.id,
        a1_0.account_type_id,
        a1_0.balance,
        a1_0.currency_id,
        a1_0.user_id 
    from
        accounts a1_0
2026-05-30 18:12:37.831 [http-nio-8080-exec-4] [dfecc24f-57c1-4462-8b13-712c75afb01f] INFO  c.w.w.config.CorrelationIdFilter - Request started: GET /api/permissions from 0:0:0:0:0:0:0:1
2026-05-30 18:12:37.835 [http-nio-8080-exec-9] [ef0904b7-4e9e-4fdd-a0e5-823abb2e7500] DEBUG org.hibernate.SQL - 
    select
        at1_0.id,
        at1_0.type_name 
    from
        account_types at1_0 
    where
        at1_0.id=?
2026-05-30 18:12:37.836 [http-nio-8080-exec-9] [ef0904b7-4e9e-4fdd-a0e5-823abb2e7500] DEBUG org.hibernate.SQL - 
    select
        c1_0.id,
        c1_0.currency_code,
        c1_0.currency_name 
    from
        currencies c1_0 
    where
        c1_0.id=?
2026-05-30 18:12:37.842 [http-nio-8080-exec-4] [dfecc24f-57c1-4462-8b13-712c75afb01f] INFO  c.w.w.p.c.PermissionController - REST API call: GET /api/permissions - Retrieving all permissions
2026-05-30 18:12:37.842 [http-nio-8080-exec-9] [ef0904b7-4e9e-4fdd-a0e5-823abb2e7500] INFO  c.w.w.config.CorrelationIdFilter - Request completed: GET /api/accounts - Status: 200 - Duration: 43ms
2026-05-30 18:12:37.843 [http-nio-8080-exec-4] [dfecc24f-57c1-4462-8b13-712c75afb01f] INFO  c.w.w.p.s.impl.PermissionServiceImpl - SERVICE: Starting getAllPermissions - Fetching all permissions from database
2026-05-30 18:12:37.846 [http-nio-8080-exec-4] [dfecc24f-57c1-4462-8b13-712c75afb01f] DEBUG org.hibernate.SQL - 
    select
        p1_0.id,
        p1_0.name 
    from
        permissions p1_0
2026-05-30 18:12:37.848 [http-nio-8080-exec-4] [dfecc24f-57c1-4462-8b13-712c75afb01f] INFO  c.w.w.p.s.impl.PermissionServiceImpl - SERVICE: getAllPermissions completed - Retrieved 5 permissions
2026-05-30 18:12:37.849 [http-nio-8080-exec-1] [c5376da1-ddce-414d-a308-0f8c417fbeb4] INFO  c.w.w.config.CorrelationIdFilter - Request started: GET /api/currencies from 0:0:0:0:0:0:0:1
2026-05-30 18:12:37.850 [http-nio-8080-exec-4] [dfecc24f-57c1-4462-8b13-712c75afb01f] INFO  c.w.w.config.CorrelationIdFilter - Request completed: GET /api/permissions - Status: 200 - Duration: 19ms
2026-05-30 18:12:37.864 [http-nio-8080-exec-2] [d2a0678c-e8ef-4260-87fa-2c4aa25b1a0b] INFO  c.w.w.config.CorrelationIdFilter - Request started: GET /api/groups from 0:0:0:0:0:0:0:1
2026-05-30 18:12:37.865 [http-nio-8080-exec-1] [c5376da1-ddce-414d-a308-0f8c417fbeb4] DEBUG org.hibernate.SQL - 
    select
        c1_0.id,
        c1_0.currency_code,
        c1_0.currency_name 
    from
        currencies c1_0
2026-05-30 18:12:37.869 [http-nio-8080-exec-1] [c5376da1-ddce-414d-a308-0f8c417fbeb4] INFO  c.w.w.config.CorrelationIdFilter - Request completed: GET /api/currencies - Status: 200 - Duration: 20ms
2026-05-30 18:12:37.882 [http-nio-8080-exec-2] [d2a0678c-e8ef-4260-87fa-2c4aa25b1a0b] INFO  c.w.w.g.controller.GroupController - REST API call: GET /api/groups - Retrieving all groups
2026-05-30 18:12:37.883 [http-nio-8080-exec-2] [d2a0678c-e8ef-4260-87fa-2c4aa25b1a0b] INFO  c.w.w.g.s.impl.GroupServiceImpl - Fetching all groups
2026-05-30 18:12:37.885 [http-nio-8080-exec-2] [d2a0678c-e8ef-4260-87fa-2c4aa25b1a0b] DEBUG org.hibernate.SQL - 
    select
        g1_0.id,
        g1_0.name 
    from
        groups g1_0
2026-05-30 18:12:37.889 [http-nio-8080-exec-2] [d2a0678c-e8ef-4260-87fa-2c4aa25b1a0b] DEBUG org.hibernate.SQL - 
    select
        p1_0.group_id,
        p1_1.id,
        p1_1.name 
    from
        group_permissions p1_0 
    join
        permissions p1_1 
            on p1_1.id=p1_0.permission_id 
    where
        p1_0.group_id=?
2026-05-30 18:12:37.893 [http-nio-8080-exec-2] [d2a0678c-e8ef-4260-87fa-2c4aa25b1a0b] DEBUG org.hibernate.SQL - 
    select
        p1_0.group_id,
        p1_1.id,
        p1_1.name 
    from
        group_permissions p1_0 
    join
        permissions p1_1 
            on p1_1.id=p1_0.permission_id 
    where
        p1_0.group_id=?
2026-05-30 18:12:37.894 [http-nio-8080-exec-2] [d2a0678c-e8ef-4260-87fa-2c4aa25b1a0b] DEBUG org.hibernate.SQL - 
    select
        p1_0.group_id,
        p1_1.id,
        p1_1.name 
    from
        group_permissions p1_0 
    join
        permissions p1_1 
            on p1_1.id=p1_0.permission_id 
    where
        p1_0.group_id=?
2026-05-30 18:12:37.898 [http-nio-8080-exec-2] [d2a0678c-e8ef-4260-87fa-2c4aa25b1a0b] INFO  c.w.w.config.CorrelationIdFilter - Request completed: GET /api/groups - Status: 200 - Duration: 34ms
2026-05-30 18:12:45.724 [http-nio-8080-exec-5] [f1a87ca7-a7ce-4b79-adda-caa3a2868cb1] INFO  c.w.w.config.CorrelationIdFilter - Request started: OPTIONS /api/users from 0:0:0:0:0:0:0:1
2026-05-30 18:12:45.726 [http-nio-8080-exec-10] [6bb6d107-3b98-44c2-9d50-db592e8d29d2] INFO  c.w.w.config.CorrelationIdFilter - Request started: OPTIONS /api/users from 0:0:0:0:0:0:0:1
2026-05-30 18:12:45.727 [http-nio-8080-exec-5] [f1a87ca7-a7ce-4b79-adda-caa3a2868cb1] INFO  c.w.w.config.CorrelationIdFilter - Request completed: OPTIONS /api/users - Status: 200 - Duration: 2ms
2026-05-30 18:12:45.731 [http-nio-8080-exec-10] [6bb6d107-3b98-44c2-9d50-db592e8d29d2] INFO  c.w.w.config.CorrelationIdFilter - Request completed: OPTIONS /api/users - Status: 200 - Duration: 4ms
2026-05-30 18:12:45.731 [http-nio-8080-exec-6] [22c18e6e-8ce0-44ca-8c97-c98a370265f4] INFO  c.w.w.config.CorrelationIdFilter - Request started: OPTIONS /api/users from 0:0:0:0:0:0:0:1
2026-05-30 18:12:45.733 [http-nio-8080-exec-10] [b1cb9e7c-ea76-4e47-abf8-8bb7fb68f54b] INFO  c.w.w.config.CorrelationIdFilter - Request started: OPTIONS /api/users from 0:0:0:0:0:0:0:1
2026-05-30 18:12:45.734 [http-nio-8080-exec-6] [22c18e6e-8ce0-44ca-8c97-c98a370265f4] INFO  c.w.w.config.CorrelationIdFilter - Request completed: OPTIONS /api/users - Status: 200 - Duration: 3ms
2026-05-30 18:12:45.737 [http-nio-8080-exec-10] [b1cb9e7c-ea76-4e47-abf8-8bb7fb68f54b] INFO  c.w.w.config.CorrelationIdFilter - Request completed: OPTIONS /api/users - Status: 200 - Duration: 4ms
2026-05-30 18:12:45.742 [http-nio-8080-exec-7] [da7fffcd-7670-4ad6-b4f7-2b5aa784284e] INFO  c.w.w.config.CorrelationIdFilter - Request started: GET /api/users from 0:0:0:0:0:0:0:1
2026-05-30 18:12:45.746 [http-nio-8080-exec-7] [da7fffcd-7670-4ad6-b4f7-2b5aa784284e] INFO  c.w.w.user.controller.UserController - REST API call: GET /api/users - Retrieving all users
2026-05-30 18:12:45.747 [http-nio-8080-exec-7] [da7fffcd-7670-4ad6-b4f7-2b5aa784284e] INFO  c.w.w.u.service.impl.UserServiceImpl - SERVICE: Starting getAllUsers - Fetching all users from database
2026-05-30 18:12:45.748 [http-nio-8080-exec-7] [da7fffcd-7670-4ad6-b4f7-2b5aa784284e] DEBUG org.hibernate.SQL - 
    select
        u1_0.id,
        u1_0.email,
        u1_0.group_id,
        u1_0.name,
        u1_0.password 
    from
        users u1_0
2026-05-30 18:12:45.750 [http-nio-8080-exec-7] [da7fffcd-7670-4ad6-b4f7-2b5aa784284e] DEBUG org.hibernate.SQL - 
    select
        g1_0.id,
        g1_0.name 
    from
        groups g1_0 
    where
        g1_0.id=?
2026-05-30 18:12:45.751 [http-nio-8080-exec-7] [da7fffcd-7670-4ad6-b4f7-2b5aa784284e] DEBUG org.hibernate.SQL - 
    select
        g1_0.id,
        g1_0.name 
    from
        groups g1_0 
    where
        g1_0.id=?
2026-05-30 18:12:45.752 [http-nio-8080-exec-7] [da7fffcd-7670-4ad6-b4f7-2b5aa784284e] INFO  c.w.w.u.service.impl.UserServiceImpl - SERVICE: getAllUsers completed - Retrieved 2 users
2026-05-30 18:12:45.755 [http-nio-8080-exec-7] [da7fffcd-7670-4ad6-b4f7-2b5aa784284e] INFO  c.w.w.config.CorrelationIdFilter - Request completed: GET /api/users - Status: 200 - Duration: 12ms
2026-05-30 18:12:45.757 [http-nio-8080-exec-3] [65d6dd27-3d78-4fae-993c-64a66c6a8978] INFO  c.w.w.config.CorrelationIdFilter - Request started: GET /api/users from 0:0:0:0:0:0:0:1
2026-05-30 18:12:45.766 [http-nio-8080-exec-3] [65d6dd27-3d78-4fae-993c-64a66c6a8978] INFO  c.w.w.user.controller.UserController - REST API call: GET /api/users - Retrieving all users
2026-05-30 18:12:45.767 [http-nio-8080-exec-3] [65d6dd27-3d78-4fae-993c-64a66c6a8978] INFO  c.w.w.u.service.impl.UserServiceImpl - SERVICE: Starting getAllUsers - Fetching all users from database
2026-05-30 18:12:45.772 [http-nio-8080-exec-3] [65d6dd27-3d78-4fae-993c-64a66c6a8978] DEBUG org.hibernate.SQL - 
    select
        u1_0.id,
        u1_0.email,
        u1_0.group_id,
        u1_0.name,
        u1_0.password 
    from
        users u1_0
2026-05-30 18:12:45.773 [http-nio-8080-exec-3] [65d6dd27-3d78-4fae-993c-64a66c6a8978] DEBUG org.hibernate.SQL - 
    select
        g1_0.id,
        g1_0.name 
    from
        groups g1_0 
    where
        g1_0.id=?
2026-05-30 18:12:45.775 [http-nio-8080-exec-3] [65d6dd27-3d78-4fae-993c-64a66c6a8978] DEBUG org.hibernate.SQL - 
    select
        g1_0.id,
        g1_0.name 
    from
        groups g1_0 
    where
        g1_0.id=?
2026-05-30 18:12:45.776 [http-nio-8080-exec-3] [65d6dd27-3d78-4fae-993c-64a66c6a8978] INFO  c.w.w.u.service.impl.UserServiceImpl - SERVICE: getAllUsers completed - Retrieved 2 users
2026-05-30 18:12:45.778 [http-nio-8080-exec-3] [65d6dd27-3d78-4fae-993c-64a66c6a8978] INFO  c.w.w.config.CorrelationIdFilter - Request completed: GET /api/users - Status: 200 - Duration: 21ms
2026-05-30 18:12:45.792 [http-nio-8080-exec-9] [94fe3c30-8ebb-402a-a4b9-3b51e6f465d7] INFO  c.w.w.config.CorrelationIdFilter - Request started: GET /api/users from 0:0:0:0:0:0:0:1
2026-05-30 18:12:45.798 [http-nio-8080-exec-9] [94fe3c30-8ebb-402a-a4b9-3b51e6f465d7] INFO  c.w.w.user.controller.UserController - REST API call: GET /api/users - Retrieving all users
2026-05-30 18:12:45.798 [http-nio-8080-exec-9] [94fe3c30-8ebb-402a-a4b9-3b51e6f465d7] INFO  c.w.w.u.service.impl.UserServiceImpl - SERVICE: Starting getAllUsers - Fetching all users from database
2026-05-30 18:12:45.800 [http-nio-8080-exec-9] [94fe3c30-8ebb-402a-a4b9-3b51e6f465d7] DEBUG org.hibernate.SQL - 
    select
        u1_0.id,
        u1_0.email,
        u1_0.group_id,
        u1_0.name,
        u1_0.password 
    from
        users u1_0
2026-05-30 18:12:45.801 [http-nio-8080-exec-9] [94fe3c30-8ebb-402a-a4b9-3b51e6f465d7] DEBUG org.hibernate.SQL - 
    select
        g1_0.id,
        g1_0.name 
    from
        groups g1_0 
    where
        g1_0.id=?
2026-05-30 18:12:45.804 [http-nio-8080-exec-9] [94fe3c30-8ebb-402a-a4b9-3b51e6f465d7] DEBUG org.hibernate.SQL - 
    select
        g1_0.id,
        g1_0.name 
    from
        groups g1_0 
    where
        g1_0.id=?
2026-05-30 18:12:45.804 [http-nio-8080-exec-9] [94fe3c30-8ebb-402a-a4b9-3b51e6f465d7] INFO  c.w.w.u.service.impl.UserServiceImpl - SERVICE: getAllUsers completed - Retrieved 2 users
2026-05-30 18:12:45.807 [http-nio-8080-exec-9] [94fe3c30-8ebb-402a-a4b9-3b51e6f465d7] INFO  c.w.w.config.CorrelationIdFilter - Request completed: GET /api/users - Status: 200 - Duration: 15ms
2026-05-30 18:12:45.814 [http-nio-8080-exec-4] [19ba5627-63e1-4f0d-b590-5cae7c9fb5e8] INFO  c.w.w.config.CorrelationIdFilter - Request started: GET /api/users from 0:0:0:0:0:0:0:1
2026-05-30 18:12:45.818 [http-nio-8080-exec-4] [19ba5627-63e1-4f0d-b590-5cae7c9fb5e8] INFO  c.w.w.user.controller.UserController - REST API call: GET /api/users - Retrieving all users
2026-05-30 18:12:45.818 [http-nio-8080-exec-4] [19ba5627-63e1-4f0d-b590-5cae7c9fb5e8] INFO  c.w.w.u.service.impl.UserServiceImpl - SERVICE: Starting getAllUsers - Fetching all users from database
2026-05-30 18:12:45.820 [http-nio-8080-exec-4] [19ba5627-63e1-4f0d-b590-5cae7c9fb5e8] DEBUG org.hibernate.SQL - 
    select
        u1_0.id,
        u1_0.email,
        u1_0.group_id,
        u1_0.name,
        u1_0.password 
    from
        users u1_0
2026-05-30 18:12:45.821 [http-nio-8080-exec-4] [19ba5627-63e1-4f0d-b590-5cae7c9fb5e8] DEBUG org.hibernate.SQL - 
    select
        g1_0.id,
        g1_0.name 
    from
        groups g1_0 
    where
        g1_0.id=?
2026-05-30 18:12:45.822 [http-nio-8080-exec-4] [19ba5627-63e1-4f0d-b590-5cae7c9fb5e8] DEBUG org.hibernate.SQL - 
    select
        g1_0.id,
        g1_0.name 
    from
        groups g1_0 
    where
        g1_0.id=?
2026-05-30 18:12:45.824 [http-nio-8080-exec-4] [19ba5627-63e1-4f0d-b590-5cae7c9fb5e8] INFO  c.w.w.u.service.impl.UserServiceImpl - SERVICE: getAllUsers completed - Retrieved 2 users
2026-05-30 18:12:45.826 [http-nio-8080-exec-4] [19ba5627-63e1-4f0d-b590-5cae7c9fb5e8] INFO  c.w.w.config.CorrelationIdFilter - Request completed: GET /api/users - Status: 200 - Duration: 12ms
2026-05-30 18:12:51.728 [http-nio-8080-exec-1] [0e5c82ec-b9dd-4caa-ad6e-c4c54ff95ac8] INFO  c.w.w.config.CorrelationIdFilter - Request started: OPTIONS /api/groups from 0:0:0:0:0:0:0:1
2026-05-30 18:12:51.729 [http-nio-8080-exec-1] [0e5c82ec-b9dd-4caa-ad6e-c4c54ff95ac8] INFO  c.w.w.config.CorrelationIdFilter - Request completed: OPTIONS /api/groups - Status: 200 - Duration: 1ms
2026-05-30 18:12:51.732 [http-nio-8080-exec-2] [bfaa995a-45a2-447d-93cb-6548ea0dc55a] INFO  c.w.w.config.CorrelationIdFilter - Request started: GET /api/groups from 0:0:0:0:0:0:0:1
2026-05-30 18:12:51.735 [http-nio-8080-exec-2] [bfaa995a-45a2-447d-93cb-6548ea0dc55a] INFO  c.w.w.g.controller.GroupController - REST API call: GET /api/groups - Retrieving all groups
2026-05-30 18:12:51.735 [http-nio-8080-exec-2] [bfaa995a-45a2-447d-93cb-6548ea0dc55a] INFO  c.w.w.g.s.impl.GroupServiceImpl - Fetching all groups
2026-05-30 18:12:51.737 [http-nio-8080-exec-2] [bfaa995a-45a2-447d-93cb-6548ea0dc55a] DEBUG org.hibernate.SQL - 
    select
        g1_0.id,
        g1_0.name 
    from
        groups g1_0
2026-05-30 18:12:51.740 [http-nio-8080-exec-2] [bfaa995a-45a2-447d-93cb-6548ea0dc55a] DEBUG org.hibernate.SQL - 
    select
        p1_0.group_id,
        p1_1.id,
        p1_1.name 
    from
        group_permissions p1_0 
    join
        permissions p1_1 
            on p1_1.id=p1_0.permission_id 
    where
        p1_0.group_id=?
2026-05-30 18:12:51.742 [http-nio-8080-exec-2] [bfaa995a-45a2-447d-93cb-6548ea0dc55a] DEBUG org.hibernate.SQL - 
    select
        p1_0.group_id,
        p1_1.id,
        p1_1.name 
    from
        group_permissions p1_0 
    join
        permissions p1_1 
            on p1_1.id=p1_0.permission_id 
    where
        p1_0.group_id=?
2026-05-30 18:12:51.744 [http-nio-8080-exec-2] [bfaa995a-45a2-447d-93cb-6548ea0dc55a] DEBUG org.hibernate.SQL - 
    select
        p1_0.group_id,
        p1_1.id,
        p1_1.name 
    from
        group_permissions p1_0 
    join
        permissions p1_1 
            on p1_1.id=p1_0.permission_id 
    where
        p1_0.group_id=?
2026-05-30 18:12:51.747 [http-nio-8080-exec-2] [bfaa995a-45a2-447d-93cb-6548ea0dc55a] INFO  c.w.w.config.CorrelationIdFilter - Request completed: GET /api/groups - Status: 200 - Duration: 15ms
2026-05-30 18:13:05.409 [http-nio-8080-exec-6] [8c7e080d-9c04-4498-8f52-96e6f278c21d] INFO  c.w.w.config.CorrelationIdFilter - Request started: OPTIONS /api/groups from 0:0:0:0:0:0:0:1
2026-05-30 18:13:05.410 [http-nio-8080-exec-6] [8c7e080d-9c04-4498-8f52-96e6f278c21d] INFO  c.w.w.config.CorrelationIdFilter - Request completed: OPTIONS /api/groups - Status: 200 - Duration: 1ms
2026-05-30 18:13:05.413 [http-nio-8080-exec-10] [018ecbf8-a970-441b-ba62-8c2615771260] INFO  c.w.w.config.CorrelationIdFilter - Request started: GET /api/groups from 0:0:0:0:0:0:0:1
2026-05-30 18:13:05.416 [http-nio-8080-exec-10] [018ecbf8-a970-441b-ba62-8c2615771260] INFO  c.w.w.g.controller.GroupController - REST API call: GET /api/groups - Retrieving all groups
2026-05-30 18:13:05.417 [http-nio-8080-exec-10] [018ecbf8-a970-441b-ba62-8c2615771260] INFO  c.w.w.g.s.impl.GroupServiceImpl - Fetching all groups
2026-05-30 18:13:05.418 [http-nio-8080-exec-10] [018ecbf8-a970-441b-ba62-8c2615771260] DEBUG org.hibernate.SQL - 
    select
        g1_0.id,
        g1_0.name 
    from
        groups g1_0
2026-05-30 18:13:05.421 [http-nio-8080-exec-10] [018ecbf8-a970-441b-ba62-8c2615771260] DEBUG org.hibernate.SQL - 
    select
        p1_0.group_id,
        p1_1.id,
        p1_1.name 
    from
        group_permissions p1_0 
    join
        permissions p1_1 
            on p1_1.id=p1_0.permission_id 
    where
        p1_0.group_id=?
2026-05-30 18:13:05.426 [http-nio-8080-exec-10] [018ecbf8-a970-441b-ba62-8c2615771260] DEBUG org.hibernate.SQL - 
    select
        p1_0.group_id,
        p1_1.id,
        p1_1.name 
    from
        group_permissions p1_0 
    join
        permissions p1_1 
            on p1_1.id=p1_0.permission_id 
    where
        p1_0.group_id=?
2026-05-30 18:13:05.429 [http-nio-8080-exec-10] [018ecbf8-a970-441b-ba62-8c2615771260] DEBUG org.hibernate.SQL - 
    select
        p1_0.group_id,
        p1_1.id,
        p1_1.name 
    from
        group_permissions p1_0 
    join
        permissions p1_1 
            on p1_1.id=p1_0.permission_id 
    where
        p1_0.group_id=?
2026-05-30 18:13:05.432 [http-nio-8080-exec-10] [018ecbf8-a970-441b-ba62-8c2615771260] INFO  c.w.w.config.CorrelationIdFilter - Request completed: GET /api/groups - Status: 200 - Duration: 19ms
2026-05-30 18:13:15.677 [http-nio-8080-exec-8] [edc00b3d-6a84-425e-8d0e-e02aa58be517] INFO  c.w.w.config.CorrelationIdFilter - Request started: OPTIONS /api/users/3 from 0:0:0:0:0:0:0:1
2026-05-30 18:13:15.683 [http-nio-8080-exec-8] [edc00b3d-6a84-425e-8d0e-e02aa58be517] INFO  c.w.w.config.CorrelationIdFilter - Request completed: OPTIONS /api/users/3 - Status: 200 - Duration: 6ms
2026-05-30 18:13:15.690 [http-nio-8080-exec-5] [06559801-4436-423f-8a49-c0b9f7d67689] INFO  c.w.w.config.CorrelationIdFilter - Request started: PUT /api/users/3 from 0:0:0:0:0:0:0:1
2026-05-30 18:13:15.698 [http-nio-8080-exec-5] [06559801-4436-423f-8a49-c0b9f7d67689] INFO  c.w.w.user.controller.UserController - REST API call: PUT /api/users/3 - Updating user
2026-05-30 18:13:15.698 [http-nio-8080-exec-5] [06559801-4436-423f-8a49-c0b9f7d67689] INFO  c.w.w.u.service.impl.UserServiceImpl - SERVICE: Starting updateUser - Updating user with ID: 3
2026-05-30 18:13:15.698 [http-nio-8080-exec-5] [06559801-4436-423f-8a49-c0b9f7d67689] DEBUG org.hibernate.SQL - 
    select
        u1_0.id,
        u1_0.email,
        u1_0.group_id,
        u1_0.name,
        u1_0.password 
    from
        users u1_0 
    where
        u1_0.id=?
2026-05-30 18:13:15.718 [http-nio-8080-exec-5] [06559801-4436-423f-8a49-c0b9f7d67689] INFO  c.w.w.u.service.impl.UserServiceImpl - SERVICE: Updated user name and email
2026-05-30 18:13:15.718 [http-nio-8080-exec-5] [06559801-4436-423f-8a49-c0b9f7d67689] INFO  c.w.w.u.service.impl.UserServiceImpl - SERVICE: Updating user password
2026-05-30 18:13:15.877 [http-nio-8080-exec-5] [06559801-4436-423f-8a49-c0b9f7d67689] INFO  c.w.w.u.service.impl.UserServiceImpl - SERVICE: Updating user group to ID: 24
2026-05-30 18:13:15.877 [http-nio-8080-exec-5] [06559801-4436-423f-8a49-c0b9f7d67689] DEBUG org.hibernate.SQL - 
    select
        g1_0.id,
        g1_0.name 
    from
        groups g1_0 
    where
        g1_0.id=?
2026-05-30 18:13:15.881 [http-nio-8080-exec-5] [06559801-4436-423f-8a49-c0b9f7d67689] INFO  c.w.w.u.service.impl.UserServiceImpl - SERVICE: updateUser completed - Successfully updated user with ID: 3
2026-05-30 18:13:15.892 [http-nio-8080-exec-5] [06559801-4436-423f-8a49-c0b9f7d67689] DEBUG org.hibernate.SQL - 
    update
        users 
    set
        email=?,
        group_id=?,
        name=?,
        password=? 
    where
        id=?
2026-05-30 18:13:15.907 [http-nio-8080-exec-5] [06559801-4436-423f-8a49-c0b9f7d67689] INFO  c.w.w.config.CorrelationIdFilter - Request completed: PUT /api/users/3 - Status: 200 - Duration: 216ms
2026-05-30 18:13:15.924 [http-nio-8080-exec-7] [4b4ff3dc-aef0-40f4-a135-04399e207a60] INFO  c.w.w.config.CorrelationIdFilter - Request started: OPTIONS /api/users from 0:0:0:0:0:0:0:1
2026-05-30 18:13:15.927 [http-nio-8080-exec-7] [4b4ff3dc-aef0-40f4-a135-04399e207a60] INFO  c.w.w.config.CorrelationIdFilter - Request completed: OPTIONS /api/users - Status: 200 - Duration: 2ms
2026-05-30 18:13:15.932 [http-nio-8080-exec-3] [2ee9944d-b858-4744-9cc3-9984ab2c7789] INFO  c.w.w.config.CorrelationIdFilter - Request started: GET /api/users from 0:0:0:0:0:0:0:1
2026-05-30 18:13:15.956 [http-nio-8080-exec-3] [2ee9944d-b858-4744-9cc3-9984ab2c7789] INFO  c.w.w.user.controller.UserController - REST API call: GET /api/users - Retrieving all users
2026-05-30 18:13:15.957 [http-nio-8080-exec-3] [2ee9944d-b858-4744-9cc3-9984ab2c7789] INFO  c.w.w.u.service.impl.UserServiceImpl - SERVICE: Starting getAllUsers - Fetching all users from database
2026-05-30 18:13:15.964 [http-nio-8080-exec-3] [2ee9944d-b858-4744-9cc3-9984ab2c7789] DEBUG org.hibernate.SQL - 
    select
        u1_0.id,
        u1_0.email,
        u1_0.group_id,
        u1_0.name,
        u1_0.password 
    from
        users u1_0
2026-05-30 18:13:15.971 [http-nio-8080-exec-3] [2ee9944d-b858-4744-9cc3-9984ab2c7789] DEBUG org.hibernate.SQL - 
    select
        g1_0.id,
        g1_0.name 
    from
        groups g1_0 
    where
        g1_0.id=?
2026-05-30 18:13:15.978 [http-nio-8080-exec-3] [2ee9944d-b858-4744-9cc3-9984ab2c7789] DEBUG org.hibernate.SQL - 
    select
        g1_0.id,
        g1_0.name 
    from
        groups g1_0 
    where
        g1_0.id=?
2026-05-30 18:13:15.983 [http-nio-8080-exec-3] [2ee9944d-b858-4744-9cc3-9984ab2c7789] INFO  c.w.w.u.service.impl.UserServiceImpl - SERVICE: getAllUsers completed - Retrieved 2 users
2026-05-30 18:13:15.986 [http-nio-8080-exec-3] [2ee9944d-b858-4744-9cc3-9984ab2c7789] INFO  c.w.w.config.CorrelationIdFilter - Request completed: GET /api/users - Status: 200 - Duration: 54ms
2026-05-30 18:13:24.443 [http-nio-8080-exec-9] [522fb9d0-9a17-4cd0-84ac-9005f846c65d] INFO  c.w.w.config.CorrelationIdFilter - Request started: OPTIONS /api/currencies from 0:0:0:0:0:0:0:1
2026-05-30 18:13:24.444 [http-nio-8080-exec-4] [11637dda-859d-4a3d-877b-91545cd092c5] INFO  c.w.w.config.CorrelationIdFilter - Request started: OPTIONS /api/currencies from 0:0:0:0:0:0:0:1
2026-05-30 18:13:24.445 [http-nio-8080-exec-1] [d98e4c84-5534-4829-b7ed-1df9f62ffb4f] INFO  c.w.w.config.CorrelationIdFilter - Request started: OPTIONS /api/currencies from 0:0:0:0:0:0:0:1
2026-05-30 18:13:24.445 [http-nio-8080-exec-4] [11637dda-859d-4a3d-877b-91545cd092c5] INFO  c.w.w.config.CorrelationIdFilter - Request completed: OPTIONS /api/currencies - Status: 200 - Duration: 1ms
2026-05-30 18:13:24.446 [http-nio-8080-exec-2] [f69ebd48-3ecd-4d4c-ba04-30b9587c6aa8] INFO  c.w.w.config.CorrelationIdFilter - Request started: OPTIONS /api/currencies from 0:0:0:0:0:0:0:1
2026-05-30 18:13:24.447 [http-nio-8080-exec-1] [d98e4c84-5534-4829-b7ed-1df9f62ffb4f] INFO  c.w.w.config.CorrelationIdFilter - Request completed: OPTIONS /api/currencies - Status: 200 - Duration: 2ms
2026-05-30 18:13:24.448 [http-nio-8080-exec-2] [f69ebd48-3ecd-4d4c-ba04-30b9587c6aa8] INFO  c.w.w.config.CorrelationIdFilter - Request completed: OPTIONS /api/currencies - Status: 200 - Duration: 2ms
2026-05-30 18:13:24.445 [http-nio-8080-exec-9] [522fb9d0-9a17-4cd0-84ac-9005f846c65d] INFO  c.w.w.config.CorrelationIdFilter - Request completed: OPTIONS /api/currencies - Status: 200 - Duration: 1ms
2026-05-30 18:13:24.451 [http-nio-8080-exec-6] [e1cf3a57-df69-4d81-af93-c688264ae8a0] INFO  c.w.w.config.CorrelationIdFilter - Request started: GET /api/currencies from 0:0:0:0:0:0:0:1
2026-05-30 18:13:24.458 [http-nio-8080-exec-6] [e1cf3a57-df69-4d81-af93-c688264ae8a0] DEBUG org.hibernate.SQL - 
    select
        c1_0.id,
        c1_0.currency_code,
        c1_0.currency_name 
    from
        currencies c1_0
2026-05-30 18:13:24.461 [http-nio-8080-exec-6] [e1cf3a57-df69-4d81-af93-c688264ae8a0] INFO  c.w.w.config.CorrelationIdFilter - Request completed: GET /api/currencies - Status: 200 - Duration: 10ms
2026-05-30 18:13:24.463 [http-nio-8080-exec-10] [9ac80849-84ec-43ac-bd56-05212d70b970] INFO  c.w.w.config.CorrelationIdFilter - Request started: GET /api/currencies from 0:0:0:0:0:0:0:1
2026-05-30 18:13:24.473 [http-nio-8080-exec-10] [9ac80849-84ec-43ac-bd56-05212d70b970] DEBUG org.hibernate.SQL - 
    select
        c1_0.id,
        c1_0.currency_code,
        c1_0.currency_name 
    from
        currencies c1_0
2026-05-30 18:13:24.478 [http-nio-8080-exec-10] [9ac80849-84ec-43ac-bd56-05212d70b970] INFO  c.w.w.config.CorrelationIdFilter - Request completed: GET /api/currencies - Status: 200 - Duration: 15ms
2026-05-30 18:13:24.507 [http-nio-8080-exec-8] [62f20a83-8192-45db-836f-ba0dc9a905e7] INFO  c.w.w.config.CorrelationIdFilter - Request started: GET /api/currencies from 0:0:0:0:0:0:0:1
2026-05-30 18:13:24.516 [http-nio-8080-exec-8] [62f20a83-8192-45db-836f-ba0dc9a905e7] DEBUG org.hibernate.SQL - 
    select
        c1_0.id,
        c1_0.currency_code,
        c1_0.currency_name 
    from
        currencies c1_0
2026-05-30 18:13:24.523 [http-nio-8080-exec-8] [62f20a83-8192-45db-836f-ba0dc9a905e7] INFO  c.w.w.config.CorrelationIdFilter - Request completed: GET /api/currencies - Status: 200 - Duration: 16ms
2026-05-30 18:13:24.525 [http-nio-8080-exec-5] [c5d59246-d34f-40e2-8614-6fcb8138a828] INFO  c.w.w.config.CorrelationIdFilter - Request started: GET /api/currencies from 0:0:0:0:0:0:0:1
2026-05-30 18:13:24.530 [http-nio-8080-exec-5] [c5d59246-d34f-40e2-8614-6fcb8138a828] DEBUG org.hibernate.SQL - 
    select
        c1_0.id,
        c1_0.currency_code,
        c1_0.currency_name 
    from
        currencies c1_0
2026-05-30 18:13:24.534 [http-nio-8080-exec-5] [c5d59246-d34f-40e2-8614-6fcb8138a828] INFO  c.w.w.config.CorrelationIdFilter - Request completed: GET /api/currencies - Status: 200 - Duration: 9ms
2026-05-30 18:13:26.353 [http-nio-8080-exec-7] [02cc4904-e64e-4a69-9305-b8fafc3a9bb7] INFO  c.w.w.config.CorrelationIdFilter - Request started: OPTIONS /api/accounts from 0:0:0:0:0:0:0:1
2026-05-30 18:13:26.353 [http-nio-8080-exec-3] [2ad05cbe-81db-4c08-9b49-0d572ea54edd] INFO  c.w.w.config.CorrelationIdFilter - Request started: OPTIONS /api/users from 0:0:0:0:0:0:0:1
2026-05-30 18:13:26.356 [http-nio-8080-exec-7] [02cc4904-e64e-4a69-9305-b8fafc3a9bb7] INFO  c.w.w.config.CorrelationIdFilter - Request completed: OPTIONS /api/accounts - Status: 200 - Duration: 2ms
2026-05-30 18:13:26.356 [http-nio-8080-exec-3] [2ad05cbe-81db-4c08-9b49-0d572ea54edd] INFO  c.w.w.config.CorrelationIdFilter - Request completed: OPTIONS /api/users - Status: 200 - Duration: 2ms
2026-05-30 18:13:26.357 [http-nio-8080-exec-7] [7f359731-bcca-4754-a543-afde36b31e50] INFO  c.w.w.config.CorrelationIdFilter - Request started: OPTIONS /api/account-types from 0:0:0:0:0:0:0:1
2026-05-30 18:13:26.357 [http-nio-8080-exec-3] [2247d2db-2a50-4361-9f72-42134e4fd3f2] INFO  c.w.w.config.CorrelationIdFilter - Request started: OPTIONS /api/accounts from 0:0:0:0:0:0:0:1
2026-05-30 18:13:26.358 [http-nio-8080-exec-3] [2247d2db-2a50-4361-9f72-42134e4fd3f2] INFO  c.w.w.config.CorrelationIdFilter - Request completed: OPTIONS /api/accounts - Status: 200 - Duration: 1ms
2026-05-30 18:13:26.359 [http-nio-8080-exec-7] [7f359731-bcca-4754-a543-afde36b31e50] INFO  c.w.w.config.CorrelationIdFilter - Request completed: OPTIONS /api/account-types - Status: 200 - Duration: 2ms
2026-05-30 18:13:26.360 [http-nio-8080-exec-7] [33bb0192-b0b2-4409-bdb8-525f5201cd88] INFO  c.w.w.config.CorrelationIdFilter - Request started: OPTIONS /api/accounts from 0:0:0:0:0:0:0:1
2026-05-30 18:13:26.362 [http-nio-8080-exec-7] [33bb0192-b0b2-4409-bdb8-525f5201cd88] INFO  c.w.w.config.CorrelationIdFilter - Request completed: OPTIONS /api/accounts - Status: 200 - Duration: 2ms
2026-05-30 18:13:26.359 [http-nio-8080-exec-4] [3278c1f8-5a2a-4caf-b4c7-30fbde2c1ee7] INFO  c.w.w.config.CorrelationIdFilter - Request started: OPTIONS /api/users from 0:0:0:0:0:0:0:1
2026-05-30 18:13:26.359 [http-nio-8080-exec-3] [9f06f736-f074-4f16-a74d-2f38db8e5d71] INFO  c.w.w.config.CorrelationIdFilter - Request started: OPTIONS /api/account-types from 0:0:0:0:0:0:0:1
2026-05-30 18:13:26.367 [http-nio-8080-exec-4] [3278c1f8-5a2a-4caf-b4c7-30fbde2c1ee7] INFO  c.w.w.config.CorrelationIdFilter - Request completed: OPTIONS /api/users - Status: 200 - Duration: 4ms
2026-05-30 18:13:26.367 [http-nio-8080-exec-3] [9f06f736-f074-4f16-a74d-2f38db8e5d71] INFO  c.w.w.config.CorrelationIdFilter - Request completed: OPTIONS /api/account-types - Status: 200 - Duration: 2ms
2026-05-30 18:13:26.370 [http-nio-8080-exec-10] [d4fda94e-6daf-4492-874e-c9c3991e843f] INFO  c.w.w.config.CorrelationIdFilter - Request started: GET /api/currencies from 0:0:0:0:0:0:0:1
2026-05-30 18:13:26.376 [http-nio-8080-exec-10] [d4fda94e-6daf-4492-874e-c9c3991e843f] DEBUG org.hibernate.SQL - 
    select
        c1_0.id,
        c1_0.currency_code,
        c1_0.currency_name 
    from
        currencies c1_0
2026-05-30 18:13:26.376 [http-nio-8080-exec-8] [56dc7b0a-04f8-45e9-b3a6-2888433b5e4e] INFO  c.w.w.config.CorrelationIdFilter - Request started: GET /api/accounts from 0:0:0:0:0:0:0:1
2026-05-30 18:13:26.379 [http-nio-8080-exec-10] [d4fda94e-6daf-4492-874e-c9c3991e843f] INFO  c.w.w.config.CorrelationIdFilter - Request completed: GET /api/currencies - Status: 200 - Duration: 8ms
2026-05-30 18:13:26.379 [http-nio-8080-exec-10] [3d98a046-be5d-43c6-a2bd-a6f13ed6d9a5] INFO  c.w.w.config.CorrelationIdFilter - Request started: GET /api/users from 0:0:0:0:0:0:0:1
2026-05-30 18:13:26.379 [http-nio-8080-exec-5] [6360d353-4f5e-4b79-a73b-2e86ba201654] INFO  c.w.w.config.CorrelationIdFilter - Request started: GET /api/account-types from 0:0:0:0:0:0:0:1
2026-05-30 18:13:26.382 [http-nio-8080-exec-10] [3d98a046-be5d-43c6-a2bd-a6f13ed6d9a5] INFO  c.w.w.user.controller.UserController - REST API call: GET /api/users - Retrieving all users
2026-05-30 18:13:26.383 [http-nio-8080-exec-10] [3d98a046-be5d-43c6-a2bd-a6f13ed6d9a5] INFO  c.w.w.u.service.impl.UserServiceImpl - SERVICE: Starting getAllUsers - Fetching all users from database
2026-05-30 18:13:26.384 [http-nio-8080-exec-10] [3d98a046-be5d-43c6-a2bd-a6f13ed6d9a5] DEBUG org.hibernate.SQL - 
    select
        u1_0.id,
        u1_0.email,
        u1_0.group_id,
        u1_0.name,
        u1_0.password 
    from
        users u1_0
2026-05-30 18:13:26.386 [http-nio-8080-exec-10] [3d98a046-be5d-43c6-a2bd-a6f13ed6d9a5] DEBUG org.hibernate.SQL - 
    select
        g1_0.id,
        g1_0.name 
    from
        groups g1_0 
    where
        g1_0.id=?
2026-05-30 18:13:26.386 [http-nio-8080-exec-10] [3d98a046-be5d-43c6-a2bd-a6f13ed6d9a5] DEBUG org.hibernate.SQL - 
    select
        g1_0.id,
        g1_0.name 
    from
        groups g1_0 
    where
        g1_0.id=?
2026-05-30 18:13:26.387 [http-nio-8080-exec-8] [56dc7b0a-04f8-45e9-b3a6-2888433b5e4e] DEBUG org.hibernate.SQL - 
    select
        a1_0.id,
        a1_0.account_type_id,
        a1_0.balance,
        a1_0.currency_id,
        a1_0.user_id 
    from
        accounts a1_0
2026-05-30 18:13:26.387 [http-nio-8080-exec-10] [3d98a046-be5d-43c6-a2bd-a6f13ed6d9a5] INFO  c.w.w.u.service.impl.UserServiceImpl - SERVICE: getAllUsers completed - Retrieved 2 users
2026-05-30 18:13:26.388 [http-nio-8080-exec-8] [56dc7b0a-04f8-45e9-b3a6-2888433b5e4e] DEBUG org.hibernate.SQL - 
    select
        at1_0.id,
        at1_0.type_name 
    from
        account_types at1_0 
    where
        at1_0.id=?
2026-05-30 18:13:26.389 [http-nio-8080-exec-10] [3d98a046-be5d-43c6-a2bd-a6f13ed6d9a5] INFO  c.w.w.config.CorrelationIdFilter - Request completed: GET /api/users - Status: 200 - Duration: 9ms
2026-05-30 18:13:26.390 [http-nio-8080-exec-8] [56dc7b0a-04f8-45e9-b3a6-2888433b5e4e] DEBUG org.hibernate.SQL - 
    select
        c1_0.id,
        c1_0.currency_code,
        c1_0.currency_name 
    from
        currencies c1_0 
    where
        c1_0.id=?
2026-05-30 18:13:26.393 [http-nio-8080-exec-8] [56dc7b0a-04f8-45e9-b3a6-2888433b5e4e] INFO  c.w.w.config.CorrelationIdFilter - Request completed: GET /api/accounts - Status: 200 - Duration: 17ms
2026-05-30 18:13:26.422 [http-nio-8080-exec-5] [6360d353-4f5e-4b79-a73b-2e86ba201654] DEBUG org.hibernate.SQL - 
    select
        at1_0.id,
        at1_0.type_name 
    from
        account_types at1_0
2026-05-30 18:13:26.427 [http-nio-8080-exec-2] [18e864f2-4ef5-4ec7-b5e9-005117f9df63] INFO  c.w.w.config.CorrelationIdFilter - Request started: GET /api/currencies from 0:0:0:0:0:0:0:1
2026-05-30 18:13:26.429 [http-nio-8080-exec-5] [6360d353-4f5e-4b79-a73b-2e86ba201654] INFO  c.w.w.config.CorrelationIdFilter - Request completed: GET /api/account-types - Status: 200 - Duration: 49ms
2026-05-30 18:13:26.433 [http-nio-8080-exec-2] [18e864f2-4ef5-4ec7-b5e9-005117f9df63] DEBUG org.hibernate.SQL - 
    select
        c1_0.id,
        c1_0.currency_code,
        c1_0.currency_name 
    from
        currencies c1_0
2026-05-30 18:13:26.442 [http-nio-8080-exec-2] [18e864f2-4ef5-4ec7-b5e9-005117f9df63] INFO  c.w.w.config.CorrelationIdFilter - Request completed: GET /api/currencies - Status: 200 - Duration: 15ms
2026-05-30 18:13:26.450 [http-nio-8080-exec-1] [dd954bd0-48a8-40aa-b3e9-307dd86549b4] INFO  c.w.w.config.CorrelationIdFilter - Request started: GET /api/users from 0:0:0:0:0:0:0:1
2026-05-30 18:13:26.462 [http-nio-8080-exec-1] [dd954bd0-48a8-40aa-b3e9-307dd86549b4] INFO  c.w.w.user.controller.UserController - REST API call: GET /api/users - Retrieving all users
2026-05-30 18:13:26.463 [http-nio-8080-exec-1] [dd954bd0-48a8-40aa-b3e9-307dd86549b4] INFO  c.w.w.u.service.impl.UserServiceImpl - SERVICE: Starting getAllUsers - Fetching all users from database
2026-05-30 18:13:26.464 [http-nio-8080-exec-1] [dd954bd0-48a8-40aa-b3e9-307dd86549b4] DEBUG org.hibernate.SQL - 
    select
        u1_0.id,
        u1_0.email,
        u1_0.group_id,
        u1_0.name,
        u1_0.password 
    from
        users u1_0
2026-05-30 18:13:26.464 [http-nio-8080-exec-4] [c7b4480b-52f4-4e2b-b3fd-f701f3d1332e] INFO  c.w.w.config.CorrelationIdFilter - Request started: GET /api/accounts from 0:0:0:0:0:0:0:1
2026-05-30 18:13:26.465 [http-nio-8080-exec-1] [dd954bd0-48a8-40aa-b3e9-307dd86549b4] DEBUG org.hibernate.SQL - 
    select
        g1_0.id,
        g1_0.name 
    from
        groups g1_0 
    where
        g1_0.id=?
2026-05-30 18:13:26.466 [http-nio-8080-exec-1] [dd954bd0-48a8-40aa-b3e9-307dd86549b4] DEBUG org.hibernate.SQL - 
    select
        g1_0.id,
        g1_0.name 
    from
        groups g1_0 
    where
        g1_0.id=?
2026-05-30 18:13:26.468 [http-nio-8080-exec-1] [dd954bd0-48a8-40aa-b3e9-307dd86549b4] INFO  c.w.w.u.service.impl.UserServiceImpl - SERVICE: getAllUsers completed - Retrieved 2 users
2026-05-30 18:13:26.473 [http-nio-8080-exec-1] [dd954bd0-48a8-40aa-b3e9-307dd86549b4] INFO  c.w.w.config.CorrelationIdFilter - Request completed: GET /api/users - Status: 200 - Duration: 19ms
2026-05-30 18:13:26.478 [http-nio-8080-exec-4] [c7b4480b-52f4-4e2b-b3fd-f701f3d1332e] DEBUG org.hibernate.SQL - 
    select
        a1_0.id,
        a1_0.account_type_id,
        a1_0.balance,
        a1_0.currency_id,
        a1_0.user_id 
    from
        accounts a1_0
2026-05-30 18:13:26.480 [http-nio-8080-exec-4] [c7b4480b-52f4-4e2b-b3fd-f701f3d1332e] DEBUG org.hibernate.SQL - 
    select
        at1_0.id,
        at1_0.type_name 
    from
        account_types at1_0 
    where
        at1_0.id=?
2026-05-30 18:13:26.481 [http-nio-8080-exec-4] [c7b4480b-52f4-4e2b-b3fd-f701f3d1332e] DEBUG org.hibernate.SQL - 
    select
        c1_0.id,
        c1_0.currency_code,
        c1_0.currency_name 
    from
        currencies c1_0 
    where
        c1_0.id=?
2026-05-30 18:13:26.485 [http-nio-8080-exec-4] [c7b4480b-52f4-4e2b-b3fd-f701f3d1332e] INFO  c.w.w.config.CorrelationIdFilter - Request completed: GET /api/accounts - Status: 200 - Duration: 20ms
2026-05-30 18:13:26.487 [http-nio-8080-exec-3] [ccf1123b-cb58-4f8c-82a7-e8cc36720e5f] INFO  c.w.w.config.CorrelationIdFilter - Request started: GET /api/account-types from 0:0:0:0:0:0:0:1
2026-05-30 18:13:26.488 [http-nio-8080-exec-9] [49ef5cdd-719b-4dde-a360-2186a5b6d480] INFO  c.w.w.config.CorrelationIdFilter - Request started: GET /api/currencies from 0:0:0:0:0:0:0:1
2026-05-30 18:13:26.491 [http-nio-8080-exec-6] [65f07675-2874-4b48-be6f-463e5a008837] INFO  c.w.w.config.CorrelationIdFilter - Request started: GET /api/users from 0:0:0:0:0:0:0:1
2026-05-30 18:13:26.492 [http-nio-8080-exec-3] [ccf1123b-cb58-4f8c-82a7-e8cc36720e5f] DEBUG org.hibernate.SQL - 
    select
        at1_0.id,
        at1_0.type_name 
    from
        account_types at1_0
2026-05-30 18:13:26.495 [http-nio-8080-exec-3] [ccf1123b-cb58-4f8c-82a7-e8cc36720e5f] INFO  c.w.w.config.CorrelationIdFilter - Request completed: GET /api/account-types - Status: 200 - Duration: 8ms
2026-05-30 18:13:26.495 [http-nio-8080-exec-9] [49ef5cdd-719b-4dde-a360-2186a5b6d480] DEBUG org.hibernate.SQL - 
    select
        c1_0.id,
        c1_0.currency_code,
        c1_0.currency_name 
    from
        currencies c1_0
2026-05-30 18:13:26.496 [http-nio-8080-exec-6] [65f07675-2874-4b48-be6f-463e5a008837] INFO  c.w.w.user.controller.UserController - REST API call: GET /api/users - Retrieving all users
2026-05-30 18:13:26.496 [http-nio-8080-exec-6] [65f07675-2874-4b48-be6f-463e5a008837] INFO  c.w.w.u.service.impl.UserServiceImpl - SERVICE: Starting getAllUsers - Fetching all users from database
2026-05-30 18:13:26.497 [http-nio-8080-exec-10] [89ab74c4-8522-4fdd-bc33-5e9be7059e3e] INFO  c.w.w.config.CorrelationIdFilter - Request started: GET /api/accounts from 0:0:0:0:0:0:0:1
2026-05-30 18:13:26.498 [http-nio-8080-exec-9] [49ef5cdd-719b-4dde-a360-2186a5b6d480] INFO  c.w.w.config.CorrelationIdFilter - Request completed: GET /api/currencies - Status: 200 - Duration: 10ms
2026-05-30 18:13:26.503 [http-nio-8080-exec-6] [65f07675-2874-4b48-be6f-463e5a008837] DEBUG org.hibernate.SQL - 
    select
        u1_0.id,
        u1_0.email,
        u1_0.group_id,
        u1_0.name,
        u1_0.password 
    from
        users u1_0
2026-05-30 18:13:26.505 [http-nio-8080-exec-6] [65f07675-2874-4b48-be6f-463e5a008837] DEBUG org.hibernate.SQL - 
    select
        g1_0.id,
        g1_0.name 
    from
        groups g1_0 
    where
        g1_0.id=?
2026-05-30 18:13:26.506 [http-nio-8080-exec-6] [65f07675-2874-4b48-be6f-463e5a008837] DEBUG org.hibernate.SQL - 
    select
        g1_0.id,
        g1_0.name 
    from
        groups g1_0 
    where
        g1_0.id=?
2026-05-30 18:13:26.507 [http-nio-8080-exec-6] [65f07675-2874-4b48-be6f-463e5a008837] INFO  c.w.w.u.service.impl.UserServiceImpl - SERVICE: getAllUsers completed - Retrieved 2 users
2026-05-30 18:13:26.508 [http-nio-8080-exec-10] [89ab74c4-8522-4fdd-bc33-5e9be7059e3e] DEBUG org.hibernate.SQL - 
    select
        a1_0.id,
        a1_0.account_type_id,
        a1_0.balance,
        a1_0.currency_id,
        a1_0.user_id 
    from
        accounts a1_0
2026-05-30 18:13:26.509 [http-nio-8080-exec-6] [65f07675-2874-4b48-be6f-463e5a008837] INFO  c.w.w.config.CorrelationIdFilter - Request completed: GET /api/users - Status: 200 - Duration: 18ms
2026-05-30 18:13:26.511 [http-nio-8080-exec-10] [89ab74c4-8522-4fdd-bc33-5e9be7059e3e] DEBUG org.hibernate.SQL - 
    select
        at1_0.id,
        at1_0.type_name 
    from
        account_types at1_0 
    where
        at1_0.id=?
2026-05-30 18:13:26.513 [http-nio-8080-exec-10] [89ab74c4-8522-4fdd-bc33-5e9be7059e3e] DEBUG org.hibernate.SQL - 
    select
        c1_0.id,
        c1_0.currency_code,
        c1_0.currency_name 
    from
        currencies c1_0 
    where
        c1_0.id=?
2026-05-30 18:13:26.517 [http-nio-8080-exec-10] [89ab74c4-8522-4fdd-bc33-5e9be7059e3e] INFO  c.w.w.config.CorrelationIdFilter - Request completed: GET /api/accounts - Status: 200 - Duration: 20ms
2026-05-30 18:13:26.527 [http-nio-8080-exec-8] [10fcfc2e-619a-4061-8c81-69c17db8b16b] INFO  c.w.w.config.CorrelationIdFilter - Request started: GET /api/account-types from 0:0:0:0:0:0:0:1
2026-05-30 18:13:26.537 [http-nio-8080-exec-8] [10fcfc2e-619a-4061-8c81-69c17db8b16b] DEBUG org.hibernate.SQL - 
    select
        at1_0.id,
        at1_0.type_name 
    from
        account_types at1_0
2026-05-30 18:13:26.541 [http-nio-8080-exec-8] [10fcfc2e-619a-4061-8c81-69c17db8b16b] INFO  c.w.w.config.CorrelationIdFilter - Request completed: GET /api/account-types - Status: 200 - Duration: 14ms
2026-05-30 18:13:26.544 [http-nio-8080-exec-7] [edc3525c-c21a-4f63-aace-f5e057878634] INFO  c.w.w.config.CorrelationIdFilter - Request started: GET /api/currencies from 0:0:0:0:0:0:0:1
2026-05-30 18:13:26.553 [http-nio-8080-exec-7] [edc3525c-c21a-4f63-aace-f5e057878634] DEBUG org.hibernate.SQL - 
    select
        c1_0.id,
        c1_0.currency_code,
        c1_0.currency_name 
    from
        currencies c1_0
2026-05-30 18:13:26.557 [http-nio-8080-exec-7] [edc3525c-c21a-4f63-aace-f5e057878634] INFO  c.w.w.config.CorrelationIdFilter - Request completed: GET /api/currencies - Status: 200 - Duration: 13ms
2026-05-30 18:13:26.559 [http-nio-8080-exec-5] [10645a0a-d02c-44cb-9b90-a60f304465e4] INFO  c.w.w.config.CorrelationIdFilter - Request started: GET /api/users from 0:0:0:0:0:0:0:1
2026-05-30 18:13:26.560 [http-nio-8080-exec-2] [0ef45f1f-98fc-4079-ad21-516e80d87b96] INFO  c.w.w.config.CorrelationIdFilter - Request started: GET /api/accounts from 0:0:0:0:0:0:0:1
2026-05-30 18:13:26.562 [http-nio-8080-exec-5] [10645a0a-d02c-44cb-9b90-a60f304465e4] INFO  c.w.w.user.controller.UserController - REST API call: GET /api/users - Retrieving all users
2026-05-30 18:13:26.563 [http-nio-8080-exec-5] [10645a0a-d02c-44cb-9b90-a60f304465e4] INFO  c.w.w.u.service.impl.UserServiceImpl - SERVICE: Starting getAllUsers - Fetching all users from database
2026-05-30 18:13:26.565 [http-nio-8080-exec-5] [10645a0a-d02c-44cb-9b90-a60f304465e4] DEBUG org.hibernate.SQL - 
    select
        u1_0.id,
        u1_0.email,
        u1_0.group_id,
        u1_0.name,
        u1_0.password 
    from
        users u1_0
2026-05-30 18:13:26.570 [http-nio-8080-exec-5] [10645a0a-d02c-44cb-9b90-a60f304465e4] DEBUG org.hibernate.SQL - 
    select
        g1_0.id,
        g1_0.name 
    from
        groups g1_0 
    where
        g1_0.id=?
2026-05-30 18:13:26.572 [http-nio-8080-exec-5] [10645a0a-d02c-44cb-9b90-a60f304465e4] DEBUG org.hibernate.SQL - 
    select
        g1_0.id,
        g1_0.name 
    from
        groups g1_0 
    where
        g1_0.id=?
2026-05-30 18:13:26.575 [http-nio-8080-exec-5] [10645a0a-d02c-44cb-9b90-a60f304465e4] INFO  c.w.w.u.service.impl.UserServiceImpl - SERVICE: getAllUsers completed - Retrieved 2 users
2026-05-30 18:13:26.577 [http-nio-8080-exec-5] [10645a0a-d02c-44cb-9b90-a60f304465e4] INFO  c.w.w.config.CorrelationIdFilter - Request completed: GET /api/users - Status: 200 - Duration: 18ms
2026-05-30 18:13:26.581 [http-nio-8080-exec-2] [0ef45f1f-98fc-4079-ad21-516e80d87b96] DEBUG org.hibernate.SQL - 
    select
        a1_0.id,
        a1_0.account_type_id,
        a1_0.balance,
        a1_0.currency_id,
        a1_0.user_id 
    from
        accounts a1_0
2026-05-30 18:13:26.591 [http-nio-8080-exec-2] [0ef45f1f-98fc-4079-ad21-516e80d87b96] DEBUG org.hibernate.SQL - 
    select
        at1_0.id,
        at1_0.type_name 
    from
        account_types at1_0 
    where
        at1_0.id=?
2026-05-30 18:13:26.595 [http-nio-8080-exec-2] [0ef45f1f-98fc-4079-ad21-516e80d87b96] DEBUG org.hibernate.SQL - 
    select
        c1_0.id,
        c1_0.currency_code,
        c1_0.currency_name 
    from
        currencies c1_0 
    where
        c1_0.id=?
2026-05-30 18:13:26.610 [http-nio-8080-exec-1] [cf85490c-eefc-4510-a58e-c2bd37916758] INFO  c.w.w.config.CorrelationIdFilter - Request started: GET /api/account-types from 0:0:0:0:0:0:0:1
2026-05-30 18:13:26.610 [http-nio-8080-exec-2] [0ef45f1f-98fc-4079-ad21-516e80d87b96] INFO  c.w.w.config.CorrelationIdFilter - Request completed: GET /api/accounts - Status: 200 - Duration: 49ms
2026-05-30 18:13:26.615 [http-nio-8080-exec-1] [cf85490c-eefc-4510-a58e-c2bd37916758] DEBUG org.hibernate.SQL - 
    select
        at1_0.id,
        at1_0.type_name 
    from
        account_types at1_0
2026-05-30 18:13:26.625 [http-nio-8080-exec-1] [cf85490c-eefc-4510-a58e-c2bd37916758] INFO  c.w.w.config.CorrelationIdFilter - Request completed: GET /api/account-types - Status: 200 - Duration: 15ms
2026-05-30 18:13:27.872 [http-nio-8080-exec-4] [8ace9df2-534c-4cc2-8ace-62fb5758f6f6] INFO  c.w.w.config.CorrelationIdFilter - Request started: OPTIONS /api/permissions from 0:0:0:0:0:0:0:1
2026-05-30 18:13:27.874 [http-nio-8080-exec-4] [8ace9df2-534c-4cc2-8ace-62fb5758f6f6] INFO  c.w.w.config.CorrelationIdFilter - Request completed: OPTIONS /api/permissions - Status: 200 - Duration: 2ms
2026-05-30 18:13:27.875 [http-nio-8080-exec-4] [efd94b8e-05a2-4b65-8b33-7c83d9081041] INFO  c.w.w.config.CorrelationIdFilter - Request started: OPTIONS /api/permissions from 0:0:0:0:0:0:0:1
2026-05-30 18:13:27.876 [http-nio-8080-exec-3] [35c574e2-064b-4b96-97bb-3bc93badfdca] INFO  c.w.w.config.CorrelationIdFilter - Request started: OPTIONS /api/permissions from 0:0:0:0:0:0:0:1
2026-05-30 18:13:27.876 [http-nio-8080-exec-9] [75474635-1d11-4a64-9c29-9b67cce22ca7] INFO  c.w.w.config.CorrelationIdFilter - Request started: OPTIONS /api/permissions from 0:0:0:0:0:0:0:1
2026-05-30 18:13:27.879 [http-nio-8080-exec-9] [75474635-1d11-4a64-9c29-9b67cce22ca7] INFO  c.w.w.config.CorrelationIdFilter - Request completed: OPTIONS /api/permissions - Status: 200 - Duration: 1ms
2026-05-30 18:13:27.876 [http-nio-8080-exec-4] [efd94b8e-05a2-4b65-8b33-7c83d9081041] INFO  c.w.w.config.CorrelationIdFilter - Request completed: OPTIONS /api/permissions - Status: 200 - Duration: 1ms
2026-05-30 18:13:27.877 [http-nio-8080-exec-3] [35c574e2-064b-4b96-97bb-3bc93badfdca] INFO  c.w.w.config.CorrelationIdFilter - Request completed: OPTIONS /api/permissions - Status: 200 - Duration: 1ms
2026-05-30 18:13:27.892 [http-nio-8080-exec-10] [e63b03ab-630c-4473-bf29-0016328fb067] INFO  c.w.w.config.CorrelationIdFilter - Request started: GET /api/permissions from 0:0:0:0:0:0:0:1
2026-05-30 18:13:27.902 [http-nio-8080-exec-10] [e63b03ab-630c-4473-bf29-0016328fb067] INFO  c.w.w.p.c.PermissionController - REST API call: GET /api/permissions - Retrieving all permissions
2026-05-30 18:13:27.903 [http-nio-8080-exec-10] [e63b03ab-630c-4473-bf29-0016328fb067] INFO  c.w.w.p.s.impl.PermissionServiceImpl - SERVICE: Starting getAllPermissions - Fetching all permissions from database
2026-05-30 18:13:27.905 [http-nio-8080-exec-10] [e63b03ab-630c-4473-bf29-0016328fb067] DEBUG org.hibernate.SQL - 
    select
        p1_0.id,
        p1_0.name 
    from
        permissions p1_0
2026-05-30 18:13:27.907 [http-nio-8080-exec-10] [e63b03ab-630c-4473-bf29-0016328fb067] INFO  c.w.w.p.s.impl.PermissionServiceImpl - SERVICE: getAllPermissions completed - Retrieved 5 permissions
2026-05-30 18:13:27.909 [http-nio-8080-exec-10] [e63b03ab-630c-4473-bf29-0016328fb067] INFO  c.w.w.config.CorrelationIdFilter - Request completed: GET /api/permissions - Status: 200 - Duration: 16ms
2026-05-30 18:13:27.912 [http-nio-8080-exec-8] [0425f8da-6b41-4c41-8393-ea5aedd18997] INFO  c.w.w.config.CorrelationIdFilter - Request started: GET /api/permissions from 0:0:0:0:0:0:0:1
2026-05-30 18:13:27.924 [http-nio-8080-exec-8] [0425f8da-6b41-4c41-8393-ea5aedd18997] INFO  c.w.w.p.c.PermissionController - REST API call: GET /api/permissions - Retrieving all permissions
2026-05-30 18:13:27.925 [http-nio-8080-exec-8] [0425f8da-6b41-4c41-8393-ea5aedd18997] INFO  c.w.w.p.s.impl.PermissionServiceImpl - SERVICE: Starting getAllPermissions - Fetching all permissions from database
2026-05-30 18:13:27.926 [http-nio-8080-exec-8] [0425f8da-6b41-4c41-8393-ea5aedd18997] DEBUG org.hibernate.SQL - 
    select
        p1_0.id,
        p1_0.name 
    from
        permissions p1_0
2026-05-30 18:13:27.928 [http-nio-8080-exec-8] [0425f8da-6b41-4c41-8393-ea5aedd18997] INFO  c.w.w.p.s.impl.PermissionServiceImpl - SERVICE: getAllPermissions completed - Retrieved 5 permissions
2026-05-30 18:13:27.930 [http-nio-8080-exec-8] [0425f8da-6b41-4c41-8393-ea5aedd18997] INFO  c.w.w.config.CorrelationIdFilter - Request completed: GET /api/permissions - Status: 200 - Duration: 18ms
2026-05-30 18:13:27.934 [http-nio-8080-exec-7] [4b2d7bcb-df13-4d89-a327-25a47caf6d46] INFO  c.w.w.config.CorrelationIdFilter - Request started: GET /api/permissions from 0:0:0:0:0:0:0:1
2026-05-30 18:13:27.938 [http-nio-8080-exec-7] [4b2d7bcb-df13-4d89-a327-25a47caf6d46] INFO  c.w.w.p.c.PermissionController - REST API call: GET /api/permissions - Retrieving all permissions
2026-05-30 18:13:27.938 [http-nio-8080-exec-7] [4b2d7bcb-df13-4d89-a327-25a47caf6d46] INFO  c.w.w.p.s.impl.PermissionServiceImpl - SERVICE: Starting getAllPermissions - Fetching all permissions from database
2026-05-30 18:13:27.939 [http-nio-8080-exec-7] [4b2d7bcb-df13-4d89-a327-25a47caf6d46] DEBUG org.hibernate.SQL - 
    select
        p1_0.id,
        p1_0.name 
    from
        permissions p1_0
2026-05-30 18:13:27.941 [http-nio-8080-exec-7] [4b2d7bcb-df13-4d89-a327-25a47caf6d46] INFO  c.w.w.p.s.impl.PermissionServiceImpl - SERVICE: getAllPermissions completed - Retrieved 5 permissions
2026-05-30 18:13:27.942 [http-nio-8080-exec-7] [4b2d7bcb-df13-4d89-a327-25a47caf6d46] INFO  c.w.w.config.CorrelationIdFilter - Request completed: GET /api/permissions - Status: 200 - Duration: 8ms
2026-05-30 18:13:27.943 [http-nio-8080-exec-5] [dc54be5c-88b9-4b2f-8acd-a7f604606f6e] INFO  c.w.w.config.CorrelationIdFilter - Request started: GET /api/permissions from 0:0:0:0:0:0:0:1
2026-05-30 18:13:27.945 [http-nio-8080-exec-5] [dc54be5c-88b9-4b2f-8acd-a7f604606f6e] INFO  c.w.w.p.c.PermissionController - REST API call: GET /api/permissions - Retrieving all permissions
2026-05-30 18:13:27.946 [http-nio-8080-exec-5] [dc54be5c-88b9-4b2f-8acd-a7f604606f6e] INFO  c.w.w.p.s.impl.PermissionServiceImpl - SERVICE: Starting getAllPermissions - Fetching all permissions from database
2026-05-30 18:13:27.949 [http-nio-8080-exec-5] [dc54be5c-88b9-4b2f-8acd-a7f604606f6e] DEBUG org.hibernate.SQL - 
    select
        p1_0.id,
        p1_0.name 
    from
        permissions p1_0
2026-05-30 18:13:27.951 [http-nio-8080-exec-5] [dc54be5c-88b9-4b2f-8acd-a7f604606f6e] INFO  c.w.w.p.s.impl.PermissionServiceImpl - SERVICE: getAllPermissions completed - Retrieved 5 permissions
2026-05-30 18:13:27.953 [http-nio-8080-exec-5] [dc54be5c-88b9-4b2f-8acd-a7f604606f6e] INFO  c.w.w.config.CorrelationIdFilter - Request completed: GET /api/permissions - Status: 200 - Duration: 9ms
2026-05-30 18:13:34.938 [http-nio-8080-exec-2] [324ccb4e-f405-4f63-b4e2-a0d83de51748] INFO  c.w.w.config.CorrelationIdFilter - Request started: OPTIONS /api/account-types from 0:0:0:0:0:0:0:1
2026-05-30 18:13:34.939 [http-nio-8080-exec-2] [324ccb4e-f405-4f63-b4e2-a0d83de51748] INFO  c.w.w.config.CorrelationIdFilter - Request completed: OPTIONS /api/account-types - Status: 200 - Duration: 1ms
2026-05-30 18:13:34.939 [http-nio-8080-exec-1] [5ac9279f-3a0e-4d4f-af63-2bad68cc5e9e] INFO  c.w.w.config.CorrelationIdFilter - Request started: OPTIONS /api/account-types from 0:0:0:0:0:0:0:1
2026-05-30 18:13:34.940 [http-nio-8080-exec-9] [f499b3bf-f586-4c28-ac36-cd13a87197b2] INFO  c.w.w.config.CorrelationIdFilter - Request started: OPTIONS /api/account-types from 0:0:0:0:0:0:0:1
2026-05-30 18:13:34.940 [http-nio-8080-exec-2] [693a5499-8dc0-446a-a7e9-d48474da4df1] INFO  c.w.w.config.CorrelationIdFilter - Request started: OPTIONS /api/account-types from 0:0:0:0:0:0:0:1
2026-05-30 18:13:34.942 [http-nio-8080-exec-2] [693a5499-8dc0-446a-a7e9-d48474da4df1] INFO  c.w.w.config.CorrelationIdFilter - Request completed: OPTIONS /api/account-types - Status: 200 - Duration: 2ms
2026-05-30 18:13:34.943 [http-nio-8080-exec-9] [f499b3bf-f586-4c28-ac36-cd13a87197b2] INFO  c.w.w.config.CorrelationIdFilter - Request completed: OPTIONS /api/account-types - Status: 200 - Duration: 3ms
2026-05-30 18:13:34.945 [http-nio-8080-exec-1] [5ac9279f-3a0e-4d4f-af63-2bad68cc5e9e] INFO  c.w.w.config.CorrelationIdFilter - Request completed: OPTIONS /api/account-types - Status: 200 - Duration: 6ms
2026-05-30 18:13:34.945 [http-nio-8080-exec-6] [b3528873-e480-4e6b-ac73-3f23b646b798] INFO  c.w.w.config.CorrelationIdFilter - Request started: GET /api/account-types from 0:0:0:0:0:0:0:1
2026-05-30 18:13:34.950 [http-nio-8080-exec-6] [b3528873-e480-4e6b-ac73-3f23b646b798] DEBUG org.hibernate.SQL - 
    select
        at1_0.id,
        at1_0.type_name 
    from
        account_types at1_0
2026-05-30 18:13:34.953 [http-nio-8080-exec-6] [b3528873-e480-4e6b-ac73-3f23b646b798] INFO  c.w.w.config.CorrelationIdFilter - Request completed: GET /api/account-types - Status: 200 - Duration: 8ms
2026-05-30 18:13:34.982 [http-nio-8080-exec-3] [93cb07a6-34d6-4b2b-8f77-9973d5952ed4] INFO  c.w.w.config.CorrelationIdFilter - Request started: GET /api/account-types from 0:0:0:0:0:0:0:1
2026-05-30 18:13:34.990 [http-nio-8080-exec-3] [93cb07a6-34d6-4b2b-8f77-9973d5952ed4] DEBUG org.hibernate.SQL - 
    select
        at1_0.id,
        at1_0.type_name 
    from
        account_types at1_0
2026-05-30 18:13:34.995 [http-nio-8080-exec-3] [93cb07a6-34d6-4b2b-8f77-9973d5952ed4] INFO  c.w.w.config.CorrelationIdFilter - Request completed: GET /api/account-types - Status: 200 - Duration: 12ms
2026-05-30 18:13:34.999 [http-nio-8080-exec-10] [371d4455-5f66-486e-be74-f555cb30e9b6] INFO  c.w.w.config.CorrelationIdFilter - Request started: GET /api/account-types from 0:0:0:0:0:0:0:1
2026-05-30 18:13:35.004 [http-nio-8080-exec-10] [371d4455-5f66-486e-be74-f555cb30e9b6] DEBUG org.hibernate.SQL - 
    select
        at1_0.id,
        at1_0.type_name 
    from
        account_types at1_0
2026-05-30 18:13:35.009 [http-nio-8080-exec-10] [371d4455-5f66-486e-be74-f555cb30e9b6] INFO  c.w.w.config.CorrelationIdFilter - Request completed: GET /api/account-types - Status: 200 - Duration: 9ms
2026-05-30 18:13:35.053 [http-nio-8080-exec-8] [b0999ea7-07ae-4be1-a7ee-b70151603c6e] INFO  c.w.w.config.CorrelationIdFilter - Request started: GET /api/account-types from 0:0:0:0:0:0:0:1
2026-05-30 18:13:35.061 [http-nio-8080-exec-8] [b0999ea7-07ae-4be1-a7ee-b70151603c6e] DEBUG org.hibernate.SQL - 
    select
        at1_0.id,
        at1_0.type_name 
    from
        account_types at1_0
2026-05-30 18:13:35.065 [http-nio-8080-exec-8] [b0999ea7-07ae-4be1-a7ee-b70151603c6e] INFO  c.w.w.config.CorrelationIdFilter - Request completed: GET /api/account-types - Status: 200 - Duration: 12ms
2026-05-30 18:13:36.320 [http-nio-8080-exec-7] [fed08013-888a-4650-9400-10c4510bdafb] INFO  c.w.w.config.CorrelationIdFilter - Request started: OPTIONS /api/currencies from 0:0:0:0:0:0:0:1
2026-05-30 18:13:36.325 [http-nio-8080-exec-7] [fed08013-888a-4650-9400-10c4510bdafb] INFO  c.w.w.config.CorrelationIdFilter - Request completed: OPTIONS /api/currencies - Status: 200 - Duration: 4ms
2026-05-30 18:13:36.328 [http-nio-8080-exec-7] [e6464f6a-b9cb-4525-afdd-f8311ca1a522] INFO  c.w.w.config.CorrelationIdFilter - Request started: OPTIONS /api/currencies from 0:0:0:0:0:0:0:1
2026-05-30 18:13:36.328 [http-nio-8080-exec-7] [e6464f6a-b9cb-4525-afdd-f8311ca1a522] INFO  c.w.w.config.CorrelationIdFilter - Request completed: OPTIONS /api/currencies - Status: 200 - Duration: 0ms
2026-05-30 18:13:36.333 [http-nio-8080-exec-9] [82e8a052-4507-4100-9b23-4acf67cf1356] INFO  c.w.w.config.CorrelationIdFilter - Request started: GET /api/currencies from 0:0:0:0:0:0:0:1
2026-05-30 18:13:36.343 [http-nio-8080-exec-9] [82e8a052-4507-4100-9b23-4acf67cf1356] DEBUG org.hibernate.SQL - 
    select
        c1_0.id,
        c1_0.currency_code,
        c1_0.currency_name 
    from
        currencies c1_0
2026-05-30 18:13:36.347 [http-nio-8080-exec-9] [82e8a052-4507-4100-9b23-4acf67cf1356] INFO  c.w.w.config.CorrelationIdFilter - Request completed: GET /api/currencies - Status: 200 - Duration: 14ms
2026-05-30 18:13:36.348 [http-nio-8080-exec-2] [85b85e8c-fd22-49ae-a96c-bb7468d4ec86] INFO  c.w.w.config.CorrelationIdFilter - Request started: GET /api/currencies from 0:0:0:0:0:0:0:1
2026-05-30 18:13:36.353 [http-nio-8080-exec-2] [85b85e8c-fd22-49ae-a96c-bb7468d4ec86] DEBUG org.hibernate.SQL - 
    select
        c1_0.id,
        c1_0.currency_code,
        c1_0.currency_name 
    from
        currencies c1_0
2026-05-30 18:13:36.357 [http-nio-8080-exec-2] [85b85e8c-fd22-49ae-a96c-bb7468d4ec86] INFO  c.w.w.config.CorrelationIdFilter - Request completed: GET /api/currencies - Status: 200 - Duration: 9ms
2026-05-30 18:13:36.364 [http-nio-8080-exec-4] [089190d3-b4c3-4424-aa73-d9b10baa86a7] INFO  c.w.w.config.CorrelationIdFilter - Request started: GET /api/currencies from 0:0:0:0:0:0:0:1
2026-05-30 18:13:36.368 [http-nio-8080-exec-4] [089190d3-b4c3-4424-aa73-d9b10baa86a7] DEBUG org.hibernate.SQL - 
    select
        c1_0.id,
        c1_0.currency_code,
        c1_0.currency_name 
    from
        currencies c1_0
2026-05-30 18:13:36.375 [http-nio-8080-exec-4] [089190d3-b4c3-4424-aa73-d9b10baa86a7] INFO  c.w.w.config.CorrelationIdFilter - Request completed: GET /api/currencies - Status: 200 - Duration: 11ms
2026-05-30 18:13:36.377 [http-nio-8080-exec-1] [e55f1fd2-03a0-42fc-9102-387eb229678b] INFO  c.w.w.config.CorrelationIdFilter - Request started: GET /api/currencies from 0:0:0:0:0:0:0:1
2026-05-30 18:13:36.389 [http-nio-8080-exec-1] [e55f1fd2-03a0-42fc-9102-387eb229678b] DEBUG org.hibernate.SQL - 
    select
        c1_0.id,
        c1_0.currency_code,
        c1_0.currency_name 
    from
        currencies c1_0
2026-05-30 18:13:36.395 [http-nio-8080-exec-1] [e55f1fd2-03a0-42fc-9102-387eb229678b] INFO  c.w.w.config.CorrelationIdFilter - Request completed: GET /api/currencies - Status: 200 - Duration: 18ms
2026-05-30 18:13:40.266 [http-nio-8080-exec-6] [44a90c6a-b310-4213-b7f3-4490f53876d9] INFO  c.w.w.config.CorrelationIdFilter - Request started: OPTIONS /api/accounts from 0:0:0:0:0:0:0:1
2026-05-30 18:13:40.270 [http-nio-8080-exec-3] [7d44c183-8629-4740-9038-6d0f4cda819b] INFO  c.w.w.config.CorrelationIdFilter - Request started: OPTIONS /api/users from 0:0:0:0:0:0:0:1
2026-05-30 18:13:40.272 [http-nio-8080-exec-3] [7d44c183-8629-4740-9038-6d0f4cda819b] INFO  c.w.w.config.CorrelationIdFilter - Request completed: OPTIONS /api/users - Status: 200 - Duration: 1ms
2026-05-30 18:13:40.273 [http-nio-8080-exec-3] [6a9539d0-52b8-4e18-b8e8-b08d8571d198] INFO  c.w.w.config.CorrelationIdFilter - Request started: OPTIONS /api/account-types from 0:0:0:0:0:0:0:1
2026-05-30 18:13:40.272 [http-nio-8080-exec-6] [44a90c6a-b310-4213-b7f3-4490f53876d9] INFO  c.w.w.config.CorrelationIdFilter - Request completed: OPTIONS /api/accounts - Status: 200 - Duration: 6ms
2026-05-30 18:13:40.275 [http-nio-8080-exec-10] [4d6f7be5-4c9d-404a-a85b-9a82dc3b19d9] INFO  c.w.w.config.CorrelationIdFilter - Request started: OPTIONS /api/accounts from 0:0:0:0:0:0:0:1
2026-05-30 18:13:40.276 [http-nio-8080-exec-8] [74a4b69c-7f7e-4ada-950d-ae6e71d7456a] INFO  c.w.w.config.CorrelationIdFilter - Request started: OPTIONS /api/account-types from 0:0:0:0:0:0:0:1
2026-05-30 18:13:40.275 [http-nio-8080-exec-3] [6a9539d0-52b8-4e18-b8e8-b08d8571d198] INFO  c.w.w.config.CorrelationIdFilter - Request completed: OPTIONS /api/account-types - Status: 200 - Duration: 1ms
2026-05-30 18:13:40.277 [http-nio-8080-exec-10] [4d6f7be5-4c9d-404a-a85b-9a82dc3b19d9] INFO  c.w.w.config.CorrelationIdFilter - Request completed: OPTIONS /api/accounts - Status: 200 - Duration: 2ms
2026-05-30 18:13:40.277 [http-nio-8080-exec-3] [78943a8d-facf-4abb-b65e-e9ffd72f4b59] INFO  c.w.w.config.CorrelationIdFilter - Request started: OPTIONS /api/accounts from 0:0:0:0:0:0:0:1
2026-05-30 18:13:40.279 [http-nio-8080-exec-3] [78943a8d-facf-4abb-b65e-e9ffd72f4b59] INFO  c.w.w.config.CorrelationIdFilter - Request completed: OPTIONS /api/accounts - Status: 200 - Duration: 2ms
2026-05-30 18:13:40.279 [http-nio-8080-exec-10] [8cccd8db-0998-4a55-a991-38f6071da009] INFO  c.w.w.config.CorrelationIdFilter - Request started: OPTIONS /api/users from 0:0:0:0:0:0:0:1
2026-05-30 18:13:40.280 [http-nio-8080-exec-3] [91c4b923-ee8a-4de6-a633-0df0e9df0efd] INFO  c.w.w.config.CorrelationIdFilter - Request started: OPTIONS /api/account-types from 0:0:0:0:0:0:0:1
2026-05-30 18:13:40.281 [http-nio-8080-exec-10] [8cccd8db-0998-4a55-a991-38f6071da009] INFO  c.w.w.config.CorrelationIdFilter - Request completed: OPTIONS /api/users - Status: 200 - Duration: 2ms
2026-05-30 18:13:40.281 [http-nio-8080-exec-5] [8f3f4bcb-a6e2-4b19-9245-25bba551be1c] INFO  c.w.w.config.CorrelationIdFilter - Request started: OPTIONS /api/accounts from 0:0:0:0:0:0:0:1
2026-05-30 18:13:40.282 [http-nio-8080-exec-10] [bd7ccc20-8fde-4a2c-8842-cee27bdef7fe] INFO  c.w.w.config.CorrelationIdFilter - Request started: OPTIONS /api/users from 0:0:0:0:0:0:0:1
2026-05-30 18:13:40.283 [http-nio-8080-exec-5] [8f3f4bcb-a6e2-4b19-9245-25bba551be1c] INFO  c.w.w.config.CorrelationIdFilter - Request completed: OPTIONS /api/accounts - Status: 200 - Duration: 2ms
2026-05-30 18:13:40.283 [http-nio-8080-exec-10] [bd7ccc20-8fde-4a2c-8842-cee27bdef7fe] INFO  c.w.w.config.CorrelationIdFilter - Request completed: OPTIONS /api/users - Status: 200 - Duration: 1ms
2026-05-30 18:13:40.284 [http-nio-8080-exec-5] [5b5ae740-dd54-43aa-ad96-c5806db56961] INFO  c.w.w.config.CorrelationIdFilter - Request started: OPTIONS /api/account-types from 0:0:0:0:0:0:0:1
2026-05-30 18:13:40.275 [http-nio-8080-exec-6] [1a64103a-1129-408b-a127-b20f238507ca] INFO  c.w.w.config.CorrelationIdFilter - Request started: OPTIONS /api/users from 0:0:0:0:0:0:0:1
2026-05-30 18:13:40.286 [http-nio-8080-exec-5] [5b5ae740-dd54-43aa-ad96-c5806db56961] INFO  c.w.w.config.CorrelationIdFilter - Request completed: OPTIONS /api/account-types - Status: 200 - Duration: 2ms
2026-05-30 18:13:40.287 [http-nio-8080-exec-6] [1a64103a-1129-408b-a127-b20f238507ca] INFO  c.w.w.config.CorrelationIdFilter - Request completed: OPTIONS /api/users - Status: 200 - Duration: 1ms
2026-05-30 18:13:40.277 [http-nio-8080-exec-8] [74a4b69c-7f7e-4ada-950d-ae6e71d7456a] INFO  c.w.w.config.CorrelationIdFilter - Request completed: OPTIONS /api/account-types - Status: 200 - Duration: 1ms
2026-05-30 18:13:40.281 [http-nio-8080-exec-3] [91c4b923-ee8a-4de6-a633-0df0e9df0efd] INFO  c.w.w.config.CorrelationIdFilter - Request completed: OPTIONS /api/account-types - Status: 200 - Duration: 1ms
2026-05-30 18:13:40.294 [http-nio-8080-exec-10] [2ad3be82-8acb-4984-9151-c631aa4a920a] INFO  c.w.w.config.CorrelationIdFilter - Request started: GET /api/currencies from 0:0:0:0:0:0:0:1
2026-05-30 18:13:40.294 [http-nio-8080-exec-5] [b14ecec1-ddad-40f5-9c6a-e0ac5fea5603] INFO  c.w.w.config.CorrelationIdFilter - Request started: GET /api/users from 0:0:0:0:0:0:0:1
2026-05-30 18:13:40.324 [http-nio-8080-exec-10] [2ad3be82-8acb-4984-9151-c631aa4a920a] DEBUG org.hibernate.SQL - 
    select
        c1_0.id,
        c1_0.currency_code,
        c1_0.currency_name 
    from
        currencies c1_0
2026-05-30 18:13:40.327 [http-nio-8080-exec-10] [2ad3be82-8acb-4984-9151-c631aa4a920a] INFO  c.w.w.config.CorrelationIdFilter - Request completed: GET /api/currencies - Status: 200 - Duration: 33ms
2026-05-30 18:13:40.339 [http-nio-8080-exec-5] [b14ecec1-ddad-40f5-9c6a-e0ac5fea5603] INFO  c.w.w.user.controller.UserController - REST API call: GET /api/users - Retrieving all users
2026-05-30 18:13:40.339 [http-nio-8080-exec-5] [b14ecec1-ddad-40f5-9c6a-e0ac5fea5603] INFO  c.w.w.u.service.impl.UserServiceImpl - SERVICE: Starting getAllUsers - Fetching all users from database
2026-05-30 18:13:40.339 [http-nio-8080-exec-5] [b14ecec1-ddad-40f5-9c6a-e0ac5fea5603] DEBUG org.hibernate.SQL - 
    select
        u1_0.id,
        u1_0.email,
        u1_0.group_id,
        u1_0.name,
        u1_0.password 
    from
        users u1_0
2026-05-30 18:13:40.339 [http-nio-8080-exec-5] [b14ecec1-ddad-40f5-9c6a-e0ac5fea5603] DEBUG org.hibernate.SQL - 
    select
        g1_0.id,
        g1_0.name 
    from
        groups g1_0 
    where
        g1_0.id=?
2026-05-30 18:13:40.339 [http-nio-8080-exec-5] [b14ecec1-ddad-40f5-9c6a-e0ac5fea5603] DEBUG org.hibernate.SQL - 
    select
        g1_0.id,
        g1_0.name 
    from
        groups g1_0 
    where
        g1_0.id=?
2026-05-30 18:13:40.339 [http-nio-8080-exec-5] [b14ecec1-ddad-40f5-9c6a-e0ac5fea5603] INFO  c.w.w.u.service.impl.UserServiceImpl - SERVICE: getAllUsers completed - Retrieved 2 users
2026-05-30 18:13:40.339 [http-nio-8080-exec-5] [b14ecec1-ddad-40f5-9c6a-e0ac5fea5603] INFO  c.w.w.config.CorrelationIdFilter - Request completed: GET /api/users - Status: 200 - Duration: 45ms
2026-05-30 18:13:40.352 [http-nio-8080-exec-7] [58cecec8-2f1f-4f8b-90cd-3a0d1c1c30b8] INFO  c.w.w.config.CorrelationIdFilter - Request started: GET /api/accounts from 0:0:0:0:0:0:0:1
2026-05-30 18:13:40.360 [http-nio-8080-exec-9] [76f1995d-732e-401c-8145-b9964fa076f7] INFO  c.w.w.config.CorrelationIdFilter - Request started: GET /api/account-types from 0:0:0:0:0:0:0:1
2026-05-30 18:13:40.364 [http-nio-8080-exec-7] [58cecec8-2f1f-4f8b-90cd-3a0d1c1c30b8] DEBUG org.hibernate.SQL - 
    select
        a1_0.id,
        a1_0.account_type_id,
        a1_0.balance,
        a1_0.currency_id,
        a1_0.user_id 
    from
        accounts a1_0
2026-05-30 18:13:40.366 [http-nio-8080-exec-7] [58cecec8-2f1f-4f8b-90cd-3a0d1c1c30b8] DEBUG org.hibernate.SQL - 
    select
        at1_0.id,
        at1_0.type_name 
    from
        account_types at1_0 
    where
        at1_0.id=?
2026-05-30 18:13:40.367 [http-nio-8080-exec-7] [58cecec8-2f1f-4f8b-90cd-3a0d1c1c30b8] DEBUG org.hibernate.SQL - 
    select
        c1_0.id,
        c1_0.currency_code,
        c1_0.currency_name 
    from
        currencies c1_0 
    where
        c1_0.id=?
2026-05-30 18:13:40.375 [http-nio-8080-exec-7] [58cecec8-2f1f-4f8b-90cd-3a0d1c1c30b8] INFO  c.w.w.config.CorrelationIdFilter - Request completed: GET /api/accounts - Status: 200 - Duration: 23ms
2026-05-30 18:13:40.376 [http-nio-8080-exec-7] [cdf20a39-4fda-47bf-8a7c-18bd809b8a84] INFO  c.w.w.config.CorrelationIdFilter - Request started: GET /api/currencies from 0:0:0:0:0:0:0:1
2026-05-30 18:13:40.378 [http-nio-8080-exec-6] [641b4d9d-f060-45c0-9649-bd5d892c3fcc] INFO  c.w.w.config.CorrelationIdFilter - Request started: GET /api/users from 0:0:0:0:0:0:0:1
2026-05-30 18:13:40.381 [http-nio-8080-exec-7] [cdf20a39-4fda-47bf-8a7c-18bd809b8a84] DEBUG org.hibernate.SQL - 
    select
        c1_0.id,
        c1_0.currency_code,
        c1_0.currency_name 
    from
        currencies c1_0
2026-05-30 18:13:40.383 [http-nio-8080-exec-6] [641b4d9d-f060-45c0-9649-bd5d892c3fcc] INFO  c.w.w.user.controller.UserController - REST API call: GET /api/users - Retrieving all users
2026-05-30 18:13:40.389 [http-nio-8080-exec-7] [cdf20a39-4fda-47bf-8a7c-18bd809b8a84] INFO  c.w.w.config.CorrelationIdFilter - Request completed: GET /api/currencies - Status: 200 - Duration: 13ms
2026-05-30 18:13:40.392 [http-nio-8080-exec-9] [76f1995d-732e-401c-8145-b9964fa076f7] DEBUG org.hibernate.SQL - 
    select
        at1_0.id,
        at1_0.type_name 
    from
        account_types at1_0
2026-05-30 18:13:40.396 [http-nio-8080-exec-9] [76f1995d-732e-401c-8145-b9964fa076f7] INFO  c.w.w.config.CorrelationIdFilter - Request completed: GET /api/account-types - Status: 200 - Duration: 36ms
2026-05-30 18:13:40.398 [http-nio-8080-exec-6] [641b4d9d-f060-45c0-9649-bd5d892c3fcc] INFO  c.w.w.u.service.impl.UserServiceImpl - SERVICE: Starting getAllUsers - Fetching all users from database
2026-05-30 18:13:40.400 [http-nio-8080-exec-6] [641b4d9d-f060-45c0-9649-bd5d892c3fcc] DEBUG org.hibernate.SQL - 
    select
        u1_0.id,
        u1_0.email,
        u1_0.group_id,
        u1_0.name,
        u1_0.password 
    from
        users u1_0
2026-05-30 18:13:40.402 [http-nio-8080-exec-6] [641b4d9d-f060-45c0-9649-bd5d892c3fcc] DEBUG org.hibernate.SQL - 
    select
        g1_0.id,
        g1_0.name 
    from
        groups g1_0 
    where
        g1_0.id=?
2026-05-30 18:13:40.405 [http-nio-8080-exec-6] [641b4d9d-f060-45c0-9649-bd5d892c3fcc] DEBUG org.hibernate.SQL - 
    select
        g1_0.id,
        g1_0.name 
    from
        groups g1_0 
    where
        g1_0.id=?
2026-05-30 18:13:40.406 [http-nio-8080-exec-6] [641b4d9d-f060-45c0-9649-bd5d892c3fcc] INFO  c.w.w.u.service.impl.UserServiceImpl - SERVICE: getAllUsers completed - Retrieved 2 users
2026-05-30 18:13:40.409 [http-nio-8080-exec-6] [641b4d9d-f060-45c0-9649-bd5d892c3fcc] INFO  c.w.w.config.CorrelationIdFilter - Request completed: GET /api/users - Status: 200 - Duration: 31ms
2026-05-30 18:13:40.440 [http-nio-8080-exec-2] [442c06a4-37e4-48c7-877e-3714a71442fc] INFO  c.w.w.config.CorrelationIdFilter - Request started: GET /api/accounts from 0:0:0:0:0:0:0:1
2026-05-30 18:13:40.450 [http-nio-8080-exec-3] [39c8369e-241e-4410-8b2a-0242fb53ecd7] INFO  c.w.w.config.CorrelationIdFilter - Request started: GET /api/currencies from 0:0:0:0:0:0:0:1
2026-05-30 18:13:40.474 [http-nio-8080-exec-3] [39c8369e-241e-4410-8b2a-0242fb53ecd7] DEBUG org.hibernate.SQL - 
    select
        c1_0.id,
        c1_0.currency_code,
        c1_0.currency_name 
    from
        currencies c1_0
2026-05-30 18:13:40.478 [http-nio-8080-exec-3] [39c8369e-241e-4410-8b2a-0242fb53ecd7] INFO  c.w.w.config.CorrelationIdFilter - Request completed: GET /api/currencies - Status: 200 - Duration: 28ms
2026-05-30 18:13:40.483 [http-nio-8080-exec-2] [442c06a4-37e4-48c7-877e-3714a71442fc] DEBUG org.hibernate.SQL - 
    select
        a1_0.id,
        a1_0.account_type_id,
        a1_0.balance,
        a1_0.currency_id,
        a1_0.user_id 
    from
        accounts a1_0
2026-05-30 18:13:40.493 [http-nio-8080-exec-2] [442c06a4-37e4-48c7-877e-3714a71442fc] DEBUG org.hibernate.SQL - 
    select
        at1_0.id,
        at1_0.type_name 
    from
        account_types at1_0 
    where
        at1_0.id=?
2026-05-30 18:13:40.497 [http-nio-8080-exec-2] [442c06a4-37e4-48c7-877e-3714a71442fc] DEBUG org.hibernate.SQL - 
    select
        c1_0.id,
        c1_0.currency_code,
        c1_0.currency_name 
    from
        currencies c1_0 
    where
        c1_0.id=?
2026-05-30 18:13:40.509 [http-nio-8080-exec-2] [442c06a4-37e4-48c7-877e-3714a71442fc] INFO  c.w.w.config.CorrelationIdFilter - Request completed: GET /api/accounts - Status: 200 - Duration: 69ms
2026-05-30 18:13:40.517 [http-nio-8080-exec-4] [28bbf8e2-9da0-4929-9cd9-131fe7ea3753] INFO  c.w.w.config.CorrelationIdFilter - Request started: GET /api/account-types from 0:0:0:0:0:0:0:1
2026-05-30 18:13:40.531 [http-nio-8080-exec-1] [0e191af9-8a48-4fb7-98a3-36e02e64248e] INFO  c.w.w.config.CorrelationIdFilter - Request started: GET /api/users from 0:0:0:0:0:0:0:1
2026-05-30 18:13:40.545 [http-nio-8080-exec-4] [28bbf8e2-9da0-4929-9cd9-131fe7ea3753] DEBUG org.hibernate.SQL - 
    select
        at1_0.id,
        at1_0.type_name 
    from
        account_types at1_0
2026-05-30 18:13:40.546 [http-nio-8080-exec-1] [0e191af9-8a48-4fb7-98a3-36e02e64248e] INFO  c.w.w.user.controller.UserController - REST API call: GET /api/users - Retrieving all users
2026-05-30 18:13:40.547 [http-nio-8080-exec-1] [0e191af9-8a48-4fb7-98a3-36e02e64248e] INFO  c.w.w.u.service.impl.UserServiceImpl - SERVICE: Starting getAllUsers - Fetching all users from database
2026-05-30 18:13:40.547 [http-nio-8080-exec-4] [28bbf8e2-9da0-4929-9cd9-131fe7ea3753] INFO  c.w.w.config.CorrelationIdFilter - Request completed: GET /api/account-types - Status: 200 - Duration: 30ms
2026-05-30 18:13:40.549 [http-nio-8080-exec-1] [0e191af9-8a48-4fb7-98a3-36e02e64248e] DEBUG org.hibernate.SQL - 
    select
        u1_0.id,
        u1_0.email,
        u1_0.group_id,
        u1_0.name,
        u1_0.password 
    from
        users u1_0
2026-05-30 18:13:40.550 [http-nio-8080-exec-1] [0e191af9-8a48-4fb7-98a3-36e02e64248e] DEBUG org.hibernate.SQL - 
    select
        g1_0.id,
        g1_0.name 
    from
        groups g1_0 
    where
        g1_0.id=?
2026-05-30 18:13:40.563 [http-nio-8080-exec-1] [0e191af9-8a48-4fb7-98a3-36e02e64248e] DEBUG org.hibernate.SQL - 
    select
        g1_0.id,
        g1_0.name 
    from
        groups g1_0 
    where
        g1_0.id=?
2026-05-30 18:13:40.563 [http-nio-8080-exec-1] [0e191af9-8a48-4fb7-98a3-36e02e64248e] INFO  c.w.w.u.service.impl.UserServiceImpl - SERVICE: getAllUsers completed - Retrieved 2 users
2026-05-30 18:13:40.566 [http-nio-8080-exec-1] [0e191af9-8a48-4fb7-98a3-36e02e64248e] INFO  c.w.w.config.CorrelationIdFilter - Request completed: GET /api/users - Status: 200 - Duration: 35ms
2026-05-30 18:13:40.575 [http-nio-8080-exec-10] [2fad3984-8ee8-473f-b9fd-d1c4d9aa4398] INFO  c.w.w.config.CorrelationIdFilter - Request started: GET /api/currencies from 0:0:0:0:0:0:0:1
2026-05-30 18:13:40.581 [http-nio-8080-exec-5] [c76db8db-04c2-4972-a1a9-04731993290c] INFO  c.w.w.config.CorrelationIdFilter - Request started: GET /api/accounts from 0:0:0:0:0:0:0:1
2026-05-30 18:13:40.596 [http-nio-8080-exec-5] [c76db8db-04c2-4972-a1a9-04731993290c] DEBUG org.hibernate.SQL - 
    select
        a1_0.id,
        a1_0.account_type_id,
        a1_0.balance,
        a1_0.currency_id,
        a1_0.user_id 
    from
        accounts a1_0
2026-05-30 18:13:40.597 [http-nio-8080-exec-8] [b0d2fea1-fd33-4aa1-a613-96b9726a1642] INFO  c.w.w.config.CorrelationIdFilter - Request started: GET /api/account-types from 0:0:0:0:0:0:0:1
2026-05-30 18:13:40.599 [http-nio-8080-exec-5] [c76db8db-04c2-4972-a1a9-04731993290c] DEBUG org.hibernate.SQL - 
    select
        at1_0.id,
        at1_0.type_name 
    from
        account_types at1_0 
    where
        at1_0.id=?
2026-05-30 18:13:40.600 [http-nio-8080-exec-5] [c76db8db-04c2-4972-a1a9-04731993290c] DEBUG org.hibernate.SQL - 
    select
        c1_0.id,
        c1_0.currency_code,
        c1_0.currency_name 
    from
        currencies c1_0 
    where
        c1_0.id=?
2026-05-30 18:13:40.609 [http-nio-8080-exec-10] [2fad3984-8ee8-473f-b9fd-d1c4d9aa4398] DEBUG org.hibernate.SQL - 
    select
        c1_0.id,
        c1_0.currency_code,
        c1_0.currency_name 
    from
        currencies c1_0
2026-05-30 18:13:40.609 [http-nio-8080-exec-5] [c76db8db-04c2-4972-a1a9-04731993290c] INFO  c.w.w.config.CorrelationIdFilter - Request completed: GET /api/accounts - Status: 200 - Duration: 28ms
2026-05-30 18:13:40.613 [http-nio-8080-exec-7] [351df479-d2a7-4ad9-95ff-9406dc42a683] INFO  c.w.w.config.CorrelationIdFilter - Request started: GET /api/users from 0:0:0:0:0:0:0:1
2026-05-30 18:13:40.613 [http-nio-8080-exec-8] [b0d2fea1-fd33-4aa1-a613-96b9726a1642] DEBUG org.hibernate.SQL - 
    select
        at1_0.id,
        at1_0.type_name 
    from
        account_types at1_0
2026-05-30 18:13:40.622 [http-nio-8080-exec-10] [2fad3984-8ee8-473f-b9fd-d1c4d9aa4398] INFO  c.w.w.config.CorrelationIdFilter - Request completed: GET /api/currencies - Status: 200 - Duration: 47ms
2026-05-30 18:13:40.622 [http-nio-8080-exec-7] [351df479-d2a7-4ad9-95ff-9406dc42a683] INFO  c.w.w.user.controller.UserController - REST API call: GET /api/users - Retrieving all users
2026-05-30 18:13:40.624 [http-nio-8080-exec-7] [351df479-d2a7-4ad9-95ff-9406dc42a683] INFO  c.w.w.u.service.impl.UserServiceImpl - SERVICE: Starting getAllUsers - Fetching all users from database
2026-05-30 18:13:40.626 [http-nio-8080-exec-8] [b0d2fea1-fd33-4aa1-a613-96b9726a1642] INFO  c.w.w.config.CorrelationIdFilter - Request completed: GET /api/account-types - Status: 200 - Duration: 28ms
2026-05-30 18:13:40.629 [http-nio-8080-exec-7] [351df479-d2a7-4ad9-95ff-9406dc42a683] DEBUG org.hibernate.SQL - 
    select
        u1_0.id,
        u1_0.email,
        u1_0.group_id,
        u1_0.name,
        u1_0.password 
    from
        users u1_0
2026-05-30 18:13:40.630 [http-nio-8080-exec-7] [351df479-d2a7-4ad9-95ff-9406dc42a683] DEBUG org.hibernate.SQL - 
    select
        g1_0.id,
        g1_0.name 
    from
        groups g1_0 
    where
        g1_0.id=?
2026-05-30 18:13:40.631 [http-nio-8080-exec-7] [351df479-d2a7-4ad9-95ff-9406dc42a683] DEBUG org.hibernate.SQL - 
    select
        g1_0.id,
        g1_0.name 
    from
        groups g1_0 
    where
        g1_0.id=?
2026-05-30 18:13:40.633 [http-nio-8080-exec-7] [351df479-d2a7-4ad9-95ff-9406dc42a683] INFO  c.w.w.u.service.impl.UserServiceImpl - SERVICE: getAllUsers completed - Retrieved 2 users
2026-05-30 18:13:40.635 [http-nio-8080-exec-7] [351df479-d2a7-4ad9-95ff-9406dc42a683] INFO  c.w.w.config.CorrelationIdFilter - Request completed: GET /api/users - Status: 200 - Duration: 22ms
2026-05-30 18:13:40.649 [http-nio-8080-exec-9] [2f98344e-654d-4ff6-9868-56fba59109e5] INFO  c.w.w.config.CorrelationIdFilter - Request started: GET /api/accounts from 0:0:0:0:0:0:0:1
2026-05-30 18:13:40.661 [http-nio-8080-exec-9] [2f98344e-654d-4ff6-9868-56fba59109e5] DEBUG org.hibernate.SQL - 
    select
        a1_0.id,
        a1_0.account_type_id,
        a1_0.balance,
        a1_0.currency_id,
        a1_0.user_id 
    from
        accounts a1_0
2026-05-30 18:13:40.663 [http-nio-8080-exec-9] [2f98344e-654d-4ff6-9868-56fba59109e5] DEBUG org.hibernate.SQL - 
    select
        at1_0.id,
        at1_0.type_name 
    from
        account_types at1_0 
    where
        at1_0.id=?
2026-05-30 18:13:40.665 [http-nio-8080-exec-9] [2f98344e-654d-4ff6-9868-56fba59109e5] DEBUG org.hibernate.SQL - 
    select
        c1_0.id,
        c1_0.currency_code,
        c1_0.currency_name 
    from
        currencies c1_0 
    where
        c1_0.id=?
2026-05-30 18:13:40.666 [http-nio-8080-exec-6] [9f1bd84f-93f0-4ffb-8213-20baa7ea266e] INFO  c.w.w.config.CorrelationIdFilter - Request started: GET /api/account-types from 0:0:0:0:0:0:0:1
2026-05-30 18:13:40.668 [http-nio-8080-exec-9] [2f98344e-654d-4ff6-9868-56fba59109e5] INFO  c.w.w.config.CorrelationIdFilter - Request completed: GET /api/accounts - Status: 200 - Duration: 19ms
2026-05-30 18:13:40.677 [http-nio-8080-exec-6] [9f1bd84f-93f0-4ffb-8213-20baa7ea266e] DEBUG org.hibernate.SQL - 
    select
        at1_0.id,
        at1_0.type_name 
    from
        account_types at1_0
2026-05-30 18:13:40.681 [http-nio-8080-exec-6] [9f1bd84f-93f0-4ffb-8213-20baa7ea266e] INFO  c.w.w.config.CorrelationIdFilter - Request completed: GET /api/account-types - Status: 200 - Duration: 14ms
2026-05-30 18:13:43.851 [http-nio-8080-exec-3] [a66eb5f5-6c6d-4124-a6ab-b887addd41b2] INFO  c.w.w.config.CorrelationIdFilter - Request started: OPTIONS /api/permissions from 0:0:0:0:0:0:0:1
2026-05-30 18:13:43.852 [http-nio-8080-exec-3] [a66eb5f5-6c6d-4124-a6ab-b887addd41b2] INFO  c.w.w.config.CorrelationIdFilter - Request completed: OPTIONS /api/permissions - Status: 200 - Duration: 1ms
2026-05-30 18:13:43.853 [http-nio-8080-exec-3] [b4707f02-ee6c-4bd7-8b89-fe5367e8f7da] INFO  c.w.w.config.CorrelationIdFilter - Request started: OPTIONS /api/permissions from 0:0:0:0:0:0:0:1
2026-05-30 18:13:43.855 [http-nio-8080-exec-3] [b4707f02-ee6c-4bd7-8b89-fe5367e8f7da] INFO  c.w.w.config.CorrelationIdFilter - Request completed: OPTIONS /api/permissions - Status: 200 - Duration: 2ms
2026-05-30 18:13:43.856 [http-nio-8080-exec-3] [a7dc72b3-a674-4099-99b2-61e427c7b1b5] INFO  c.w.w.config.CorrelationIdFilter - Request started: OPTIONS /api/permissions from 0:0:0:0:0:0:0:1
2026-05-30 18:13:43.857 [http-nio-8080-exec-3] [a7dc72b3-a674-4099-99b2-61e427c7b1b5] INFO  c.w.w.config.CorrelationIdFilter - Request completed: OPTIONS /api/permissions - Status: 200 - Duration: 1ms
2026-05-30 18:13:43.858 [http-nio-8080-exec-2] [9a5e79f5-253d-4018-8572-bae5c8dc03ca] INFO  c.w.w.config.CorrelationIdFilter - Request started: OPTIONS /api/permissions from 0:0:0:0:0:0:0:1
2026-05-30 18:13:43.860 [http-nio-8080-exec-2] [9a5e79f5-253d-4018-8572-bae5c8dc03ca] INFO  c.w.w.config.CorrelationIdFilter - Request completed: OPTIONS /api/permissions - Status: 200 - Duration: 1ms
2026-05-30 18:13:43.865 [http-nio-8080-exec-5] [300389dc-ba01-4e8f-978c-88737bb0bc5a] INFO  c.w.w.config.CorrelationIdFilter - Request started: GET /api/permissions from 0:0:0:0:0:0:0:1
2026-05-30 18:13:43.868 [http-nio-8080-exec-5] [300389dc-ba01-4e8f-978c-88737bb0bc5a] INFO  c.w.w.p.c.PermissionController - REST API call: GET /api/permissions - Retrieving all permissions
2026-05-30 18:13:43.870 [http-nio-8080-exec-5] [300389dc-ba01-4e8f-978c-88737bb0bc5a] INFO  c.w.w.p.s.impl.PermissionServiceImpl - SERVICE: Starting getAllPermissions - Fetching all permissions from database
2026-05-30 18:13:43.871 [http-nio-8080-exec-5] [300389dc-ba01-4e8f-978c-88737bb0bc5a] DEBUG org.hibernate.SQL - 
    select
        p1_0.id,
        p1_0.name 
    from
        permissions p1_0
2026-05-30 18:13:43.872 [http-nio-8080-exec-5] [300389dc-ba01-4e8f-978c-88737bb0bc5a] INFO  c.w.w.p.s.impl.PermissionServiceImpl - SERVICE: getAllPermissions completed - Retrieved 5 permissions
2026-05-30 18:13:43.874 [http-nio-8080-exec-5] [300389dc-ba01-4e8f-978c-88737bb0bc5a] INFO  c.w.w.config.CorrelationIdFilter - Request completed: GET /api/permissions - Status: 200 - Duration: 9ms
2026-05-30 18:13:43.878 [http-nio-8080-exec-10] [3414b705-5b83-41aa-9682-e41ea1e21042] INFO  c.w.w.config.CorrelationIdFilter - Request started: GET /api/permissions from 0:0:0:0:0:0:0:1
2026-05-30 18:13:43.883 [http-nio-8080-exec-10] [3414b705-5b83-41aa-9682-e41ea1e21042] INFO  c.w.w.p.c.PermissionController - REST API call: GET /api/permissions - Retrieving all permissions
2026-05-30 18:13:43.885 [http-nio-8080-exec-10] [3414b705-5b83-41aa-9682-e41ea1e21042] INFO  c.w.w.p.s.impl.PermissionServiceImpl - SERVICE: Starting getAllPermissions - Fetching all permissions from database
2026-05-30 18:13:43.886 [http-nio-8080-exec-10] [3414b705-5b83-41aa-9682-e41ea1e21042] DEBUG org.hibernate.SQL - 
    select
        p1_0.id,
        p1_0.name 
    from
        permissions p1_0
2026-05-30 18:13:43.888 [http-nio-8080-exec-10] [3414b705-5b83-41aa-9682-e41ea1e21042] INFO  c.w.w.p.s.impl.PermissionServiceImpl - SERVICE: getAllPermissions completed - Retrieved 5 permissions
2026-05-30 18:13:43.894 [http-nio-8080-exec-10] [3414b705-5b83-41aa-9682-e41ea1e21042] INFO  c.w.w.config.CorrelationIdFilter - Request completed: GET /api/permissions - Status: 200 - Duration: 16ms
2026-05-30 18:13:43.899 [http-nio-8080-exec-8] [0f01b72a-e8ba-4bd0-aef2-08611a5c8a7c] INFO  c.w.w.config.CorrelationIdFilter - Request started: GET /api/permissions from 0:0:0:0:0:0:0:1
2026-05-30 18:13:43.906 [http-nio-8080-exec-8] [0f01b72a-e8ba-4bd0-aef2-08611a5c8a7c] INFO  c.w.w.p.c.PermissionController - REST API call: GET /api/permissions - Retrieving all permissions
2026-05-30 18:13:43.907 [http-nio-8080-exec-8] [0f01b72a-e8ba-4bd0-aef2-08611a5c8a7c] INFO  c.w.w.p.s.impl.PermissionServiceImpl - SERVICE: Starting getAllPermissions - Fetching all permissions from database
2026-05-30 18:13:43.909 [http-nio-8080-exec-8] [0f01b72a-e8ba-4bd0-aef2-08611a5c8a7c] DEBUG org.hibernate.SQL - 
    select
        p1_0.id,
        p1_0.name 
    from
        permissions p1_0
2026-05-30 18:13:43.910 [http-nio-8080-exec-8] [0f01b72a-e8ba-4bd0-aef2-08611a5c8a7c] INFO  c.w.w.p.s.impl.PermissionServiceImpl - SERVICE: getAllPermissions completed - Retrieved 5 permissions
2026-05-30 18:13:43.912 [http-nio-8080-exec-8] [0f01b72a-e8ba-4bd0-aef2-08611a5c8a7c] INFO  c.w.w.config.CorrelationIdFilter - Request completed: GET /api/permissions - Status: 200 - Duration: 13ms
2026-05-30 18:13:43.951 [http-nio-8080-exec-7] [d4ffa0ae-bff2-4147-8633-83ec462c19f2] INFO  c.w.w.config.CorrelationIdFilter - Request started: GET /api/permissions from 0:0:0:0:0:0:0:1
2026-05-30 18:13:43.954 [http-nio-8080-exec-7] [d4ffa0ae-bff2-4147-8633-83ec462c19f2] INFO  c.w.w.p.c.PermissionController - REST API call: GET /api/permissions - Retrieving all permissions
2026-05-30 18:13:43.954 [http-nio-8080-exec-7] [d4ffa0ae-bff2-4147-8633-83ec462c19f2] INFO  c.w.w.p.s.impl.PermissionServiceImpl - SERVICE: Starting getAllPermissions - Fetching all permissions from database
2026-05-30 18:13:43.958 [http-nio-8080-exec-7] [d4ffa0ae-bff2-4147-8633-83ec462c19f2] DEBUG org.hibernate.SQL - 
    select
        p1_0.id,
        p1_0.name 
    from
        permissions p1_0
2026-05-30 18:13:43.959 [http-nio-8080-exec-7] [d4ffa0ae-bff2-4147-8633-83ec462c19f2] INFO  c.w.w.p.s.impl.PermissionServiceImpl - SERVICE: getAllPermissions completed - Retrieved 5 permissions
2026-05-30 18:13:43.961 [http-nio-8080-exec-7] [d4ffa0ae-bff2-4147-8633-83ec462c19f2] INFO  c.w.w.config.CorrelationIdFilter - Request completed: GET /api/permissions - Status: 200 - Duration: 10ms
2026-05-30 18:13:48.814 [http-nio-8080-exec-9] [0c3727f2-a46f-45b3-bd9a-63134fa40910] INFO  c.w.w.config.CorrelationIdFilter - Request started: OPTIONS /api/groups from 0:0:0:0:0:0:0:1
2026-05-30 18:13:48.815 [http-nio-8080-exec-9] [0c3727f2-a46f-45b3-bd9a-63134fa40910] INFO  c.w.w.config.CorrelationIdFilter - Request completed: OPTIONS /api/groups - Status: 200 - Duration: 1ms
2026-05-30 18:13:48.817 [http-nio-8080-exec-9] [aaeb07d6-1598-4910-a7c7-4fe9f9f5b3d9] INFO  c.w.w.config.CorrelationIdFilter - Request started: OPTIONS /api/groups from 0:0:0:0:0:0:0:1
2026-05-30 18:13:48.818 [http-nio-8080-exec-9] [aaeb07d6-1598-4910-a7c7-4fe9f9f5b3d9] INFO  c.w.w.config.CorrelationIdFilter - Request completed: OPTIONS /api/groups - Status: 200 - Duration: 1ms
2026-05-30 18:13:48.820 [http-nio-8080-exec-9] [ea74da6b-4916-444b-b356-48192a238397] INFO  c.w.w.config.CorrelationIdFilter - Request started: OPTIONS /api/groups from 0:0:0:0:0:0:0:1
2026-05-30 18:13:48.821 [http-nio-8080-exec-9] [ea74da6b-4916-444b-b356-48192a238397] INFO  c.w.w.config.CorrelationIdFilter - Request completed: OPTIONS /api/groups - Status: 200 - Duration: 1ms
2026-05-30 18:13:48.823 [http-nio-8080-exec-6] [f84e0cee-e2c6-45b0-8a52-f7177f56e198] INFO  c.w.w.config.CorrelationIdFilter - Request started: OPTIONS /api/groups from 0:0:0:0:0:0:0:1
2026-05-30 18:13:48.824 [http-nio-8080-exec-6] [f84e0cee-e2c6-45b0-8a52-f7177f56e198] INFO  c.w.w.config.CorrelationIdFilter - Request completed: OPTIONS /api/groups - Status: 200 - Duration: 1ms
2026-05-30 18:13:48.832 [http-nio-8080-exec-2] [567613df-9cdf-461f-9d33-8198ce9da0e8] INFO  c.w.w.config.CorrelationIdFilter - Request started: GET /api/permissions from 0:0:0:0:0:0:0:1
2026-05-30 18:13:48.838 [http-nio-8080-exec-2] [567613df-9cdf-461f-9d33-8198ce9da0e8] INFO  c.w.w.p.c.PermissionController - REST API call: GET /api/permissions - Retrieving all permissions
2026-05-30 18:13:48.838 [http-nio-8080-exec-1] [efdafd5c-147e-4abc-bd61-95ab029b798c] INFO  c.w.w.config.CorrelationIdFilter - Request started: GET /api/groups from 0:0:0:0:0:0:0:1
2026-05-30 18:13:48.839 [http-nio-8080-exec-2] [567613df-9cdf-461f-9d33-8198ce9da0e8] INFO  c.w.w.p.s.impl.PermissionServiceImpl - SERVICE: Starting getAllPermissions - Fetching all permissions from database
2026-05-30 18:13:48.841 [http-nio-8080-exec-2] [567613df-9cdf-461f-9d33-8198ce9da0e8] DEBUG org.hibernate.SQL - 
    select
        p1_0.id,
        p1_0.name 
    from
        permissions p1_0
2026-05-30 18:13:48.843 [http-nio-8080-exec-2] [567613df-9cdf-461f-9d33-8198ce9da0e8] INFO  c.w.w.p.s.impl.PermissionServiceImpl - SERVICE: getAllPermissions completed - Retrieved 5 permissions
2026-05-30 18:13:48.845 [http-nio-8080-exec-2] [567613df-9cdf-461f-9d33-8198ce9da0e8] INFO  c.w.w.config.CorrelationIdFilter - Request completed: GET /api/permissions - Status: 200 - Duration: 13ms
2026-05-30 18:13:48.846 [http-nio-8080-exec-1] [efdafd5c-147e-4abc-bd61-95ab029b798c] INFO  c.w.w.g.controller.GroupController - REST API call: GET /api/groups - Retrieving all groups
2026-05-30 18:13:48.848 [http-nio-8080-exec-1] [efdafd5c-147e-4abc-bd61-95ab029b798c] INFO  c.w.w.g.s.impl.GroupServiceImpl - Fetching all groups
2026-05-30 18:13:48.851 [http-nio-8080-exec-1] [efdafd5c-147e-4abc-bd61-95ab029b798c] DEBUG org.hibernate.SQL - 
    select
        g1_0.id,
        g1_0.name 
    from
        groups g1_0
2026-05-30 18:13:48.853 [http-nio-8080-exec-1] [efdafd5c-147e-4abc-bd61-95ab029b798c] DEBUG org.hibernate.SQL - 
    select
        p1_0.group_id,
        p1_1.id,
        p1_1.name 
    from
        group_permissions p1_0 
    join
        permissions p1_1 
            on p1_1.id=p1_0.permission_id 
    where
        p1_0.group_id=?
2026-05-30 18:13:48.855 [http-nio-8080-exec-1] [efdafd5c-147e-4abc-bd61-95ab029b798c] DEBUG org.hibernate.SQL - 
    select
        p1_0.group_id,
        p1_1.id,
        p1_1.name 
    from
        group_permissions p1_0 
    join
        permissions p1_1 
            on p1_1.id=p1_0.permission_id 
    where
        p1_0.group_id=?
2026-05-30 18:13:48.857 [http-nio-8080-exec-1] [efdafd5c-147e-4abc-bd61-95ab029b798c] DEBUG org.hibernate.SQL - 
    select
        p1_0.group_id,
        p1_1.id,
        p1_1.name 
    from
        group_permissions p1_0 
    join
        permissions p1_1 
            on p1_1.id=p1_0.permission_id 
    where
        p1_0.group_id=?
2026-05-30 18:13:48.862 [http-nio-8080-exec-1] [efdafd5c-147e-4abc-bd61-95ab029b798c] INFO  c.w.w.config.CorrelationIdFilter - Request completed: GET /api/groups - Status: 200 - Duration: 24ms
2026-05-30 18:13:48.865 [http-nio-8080-exec-5] [df243926-1c2f-46d2-93b9-68b7cc77e5de] INFO  c.w.w.config.CorrelationIdFilter - Request started: GET /api/permissions from 0:0:0:0:0:0:0:1
2026-05-30 18:13:48.870 [http-nio-8080-exec-5] [df243926-1c2f-46d2-93b9-68b7cc77e5de] INFO  c.w.w.p.c.PermissionController - REST API call: GET /api/permissions - Retrieving all permissions
2026-05-30 18:13:48.872 [http-nio-8080-exec-5] [df243926-1c2f-46d2-93b9-68b7cc77e5de] INFO  c.w.w.p.s.impl.PermissionServiceImpl - SERVICE: Starting getAllPermissions - Fetching all permissions from database
2026-05-30 18:13:48.874 [http-nio-8080-exec-5] [df243926-1c2f-46d2-93b9-68b7cc77e5de] DEBUG org.hibernate.SQL - 
    select
        p1_0.id,
        p1_0.name 
    from
        permissions p1_0
2026-05-30 18:13:48.879 [http-nio-8080-exec-5] [df243926-1c2f-46d2-93b9-68b7cc77e5de] INFO  c.w.w.p.s.impl.PermissionServiceImpl - SERVICE: getAllPermissions completed - Retrieved 5 permissions
2026-05-30 18:13:48.881 [http-nio-8080-exec-10] [209d9587-db3b-4e77-b2f5-f3a7ec1d420b] INFO  c.w.w.config.CorrelationIdFilter - Request started: GET /api/groups from 0:0:0:0:0:0:0:1
2026-05-30 18:13:48.882 [http-nio-8080-exec-5] [df243926-1c2f-46d2-93b9-68b7cc77e5de] INFO  c.w.w.config.CorrelationIdFilter - Request completed: GET /api/permissions - Status: 200 - Duration: 16ms
2026-05-30 18:13:48.885 [http-nio-8080-exec-8] [6f72d69d-28c9-4a3b-8108-58d10805ffa7] INFO  c.w.w.config.CorrelationIdFilter - Request started: GET /api/permissions from 0:0:0:0:0:0:0:1
2026-05-30 18:13:48.885 [http-nio-8080-exec-10] [209d9587-db3b-4e77-b2f5-f3a7ec1d420b] INFO  c.w.w.g.controller.GroupController - REST API call: GET /api/groups - Retrieving all groups
2026-05-30 18:13:48.885 [http-nio-8080-exec-10] [209d9587-db3b-4e77-b2f5-f3a7ec1d420b] INFO  c.w.w.g.s.impl.GroupServiceImpl - Fetching all groups
2026-05-30 18:13:48.887 [http-nio-8080-exec-10] [209d9587-db3b-4e77-b2f5-f3a7ec1d420b] DEBUG org.hibernate.SQL - 
    select
        g1_0.id,
        g1_0.name 
    from
        groups g1_0
2026-05-30 18:13:48.888 [http-nio-8080-exec-10] [209d9587-db3b-4e77-b2f5-f3a7ec1d420b] DEBUG org.hibernate.SQL - 
    select
        p1_0.group_id,
        p1_1.id,
        p1_1.name 
    from
        group_permissions p1_0 
    join
        permissions p1_1 
            on p1_1.id=p1_0.permission_id 
    where
        p1_0.group_id=?
2026-05-30 18:13:48.889 [http-nio-8080-exec-10] [209d9587-db3b-4e77-b2f5-f3a7ec1d420b] DEBUG org.hibernate.SQL - 
    select
        p1_0.group_id,
        p1_1.id,
        p1_1.name 
    from
        group_permissions p1_0 
    join
        permissions p1_1 
            on p1_1.id=p1_0.permission_id 
    where
        p1_0.group_id=?
2026-05-30 18:13:48.890 [http-nio-8080-exec-10] [209d9587-db3b-4e77-b2f5-f3a7ec1d420b] DEBUG org.hibernate.SQL - 
    select
        p1_0.group_id,
        p1_1.id,
        p1_1.name 
    from
        group_permissions p1_0 
    join
        permissions p1_1 
            on p1_1.id=p1_0.permission_id 
    where
        p1_0.group_id=?
2026-05-30 18:13:48.891 [http-nio-8080-exec-8] [6f72d69d-28c9-4a3b-8108-58d10805ffa7] INFO  c.w.w.p.c.PermissionController - REST API call: GET /api/permissions - Retrieving all permissions
2026-05-30 18:13:48.895 [http-nio-8080-exec-8] [6f72d69d-28c9-4a3b-8108-58d10805ffa7] INFO  c.w.w.p.s.impl.PermissionServiceImpl - SERVICE: Starting getAllPermissions - Fetching all permissions from database
2026-05-30 18:13:48.895 [http-nio-8080-exec-10] [209d9587-db3b-4e77-b2f5-f3a7ec1d420b] INFO  c.w.w.config.CorrelationIdFilter - Request completed: GET /api/groups - Status: 200 - Duration: 13ms
2026-05-30 18:13:48.898 [http-nio-8080-exec-8] [6f72d69d-28c9-4a3b-8108-58d10805ffa7] DEBUG org.hibernate.SQL - 
    select
        p1_0.id,
        p1_0.name 
    from
        permissions p1_0
2026-05-30 18:13:48.899 [http-nio-8080-exec-8] [6f72d69d-28c9-4a3b-8108-58d10805ffa7] INFO  c.w.w.p.s.impl.PermissionServiceImpl - SERVICE: getAllPermissions completed - Retrieved 5 permissions
2026-05-30 18:13:48.900 [http-nio-8080-exec-7] [be5ad554-15ea-49ff-b5a6-dcbdd8592717] INFO  c.w.w.config.CorrelationIdFilter - Request started: GET /api/groups from 0:0:0:0:0:0:0:1
2026-05-30 18:13:48.901 [http-nio-8080-exec-8] [6f72d69d-28c9-4a3b-8108-58d10805ffa7] INFO  c.w.w.config.CorrelationIdFilter - Request completed: GET /api/permissions - Status: 200 - Duration: 16ms
2026-05-30 18:13:48.903 [http-nio-8080-exec-9] [44a79cfa-682e-42b3-8b94-89d6f15c76db] INFO  c.w.w.config.CorrelationIdFilter - Request started: GET /api/permissions from 0:0:0:0:0:0:0:1
2026-05-30 18:13:48.904 [http-nio-8080-exec-7] [be5ad554-15ea-49ff-b5a6-dcbdd8592717] INFO  c.w.w.g.controller.GroupController - REST API call: GET /api/groups - Retrieving all groups
2026-05-30 18:13:48.905 [http-nio-8080-exec-7] [be5ad554-15ea-49ff-b5a6-dcbdd8592717] INFO  c.w.w.g.s.impl.GroupServiceImpl - Fetching all groups
2026-05-30 18:13:48.906 [http-nio-8080-exec-7] [be5ad554-15ea-49ff-b5a6-dcbdd8592717] DEBUG org.hibernate.SQL - 
    select
        g1_0.id,
        g1_0.name 
    from
        groups g1_0
2026-05-30 18:13:48.907 [http-nio-8080-exec-9] [44a79cfa-682e-42b3-8b94-89d6f15c76db] INFO  c.w.w.p.c.PermissionController - REST API call: GET /api/permissions - Retrieving all permissions
2026-05-30 18:13:48.907 [http-nio-8080-exec-9] [44a79cfa-682e-42b3-8b94-89d6f15c76db] INFO  c.w.w.p.s.impl.PermissionServiceImpl - SERVICE: Starting getAllPermissions - Fetching all permissions from database
2026-05-30 18:13:48.910 [http-nio-8080-exec-7] [be5ad554-15ea-49ff-b5a6-dcbdd8592717] DEBUG org.hibernate.SQL - 
    select
        p1_0.group_id,
        p1_1.id,
        p1_1.name 
    from
        group_permissions p1_0 
    join
        permissions p1_1 
            on p1_1.id=p1_0.permission_id 
    where
        p1_0.group_id=?
2026-05-30 18:13:48.912 [http-nio-8080-exec-7] [be5ad554-15ea-49ff-b5a6-dcbdd8592717] DEBUG org.hibernate.SQL - 
    select
        p1_0.group_id,
        p1_1.id,
        p1_1.name 
    from
        group_permissions p1_0 
    join
        permissions p1_1 
            on p1_1.id=p1_0.permission_id 
    where
        p1_0.group_id=?
2026-05-30 18:13:48.913 [http-nio-8080-exec-7] [be5ad554-15ea-49ff-b5a6-dcbdd8592717] DEBUG org.hibernate.SQL - 
    select
        p1_0.group_id,
        p1_1.id,
        p1_1.name 
    from
        group_permissions p1_0 
    join
        permissions p1_1 
            on p1_1.id=p1_0.permission_id 
    where
        p1_0.group_id=?
2026-05-30 18:13:48.914 [http-nio-8080-exec-9] [44a79cfa-682e-42b3-8b94-89d6f15c76db] DEBUG org.hibernate.SQL - 
    select
        p1_0.id,
        p1_0.name 
    from
        permissions p1_0
2026-05-30 18:13:48.915 [http-nio-8080-exec-9] [44a79cfa-682e-42b3-8b94-89d6f15c76db] INFO  c.w.w.p.s.impl.PermissionServiceImpl - SERVICE: getAllPermissions completed - Retrieved 5 permissions
2026-05-30 18:13:48.916 [http-nio-8080-exec-7] [be5ad554-15ea-49ff-b5a6-dcbdd8592717] INFO  c.w.w.config.CorrelationIdFilter - Request completed: GET /api/groups - Status: 200 - Duration: 15ms
2026-05-30 18:13:48.917 [http-nio-8080-exec-9] [44a79cfa-682e-42b3-8b94-89d6f15c76db] INFO  c.w.w.config.CorrelationIdFilter - Request completed: GET /api/permissions - Status: 200 - Duration: 13ms
2026-05-30 18:13:48.955 [http-nio-8080-exec-6] [483855d5-fcb8-4ca9-b7f1-44dda6283fa5] INFO  c.w.w.config.CorrelationIdFilter - Request started: GET /api/groups from 0:0:0:0:0:0:0:1
2026-05-30 18:13:48.958 [http-nio-8080-exec-6] [483855d5-fcb8-4ca9-b7f1-44dda6283fa5] INFO  c.w.w.g.controller.GroupController - REST API call: GET /api/groups - Retrieving all groups
2026-05-30 18:13:48.958 [http-nio-8080-exec-6] [483855d5-fcb8-4ca9-b7f1-44dda6283fa5] INFO  c.w.w.g.s.impl.GroupServiceImpl - Fetching all groups
2026-05-30 18:13:48.962 [http-nio-8080-exec-6] [483855d5-fcb8-4ca9-b7f1-44dda6283fa5] DEBUG org.hibernate.SQL - 
    select
        g1_0.id,
        g1_0.name 
    from
        groups g1_0
2026-05-30 18:13:48.965 [http-nio-8080-exec-6] [483855d5-fcb8-4ca9-b7f1-44dda6283fa5] DEBUG org.hibernate.SQL - 
    select
        p1_0.group_id,
        p1_1.id,
        p1_1.name 
    from
        group_permissions p1_0 
    join
        permissions p1_1 
            on p1_1.id=p1_0.permission_id 
    where
        p1_0.group_id=?
2026-05-30 18:13:48.967 [http-nio-8080-exec-6] [483855d5-fcb8-4ca9-b7f1-44dda6283fa5] DEBUG org.hibernate.SQL - 
    select
        p1_0.group_id,
        p1_1.id,
        p1_1.name 
    from
        group_permissions p1_0 
    join
        permissions p1_1 
            on p1_1.id=p1_0.permission_id 
    where
        p1_0.group_id=?
2026-05-30 18:13:48.969 [http-nio-8080-exec-6] [483855d5-fcb8-4ca9-b7f1-44dda6283fa5] DEBUG org.hibernate.SQL - 
    select
        p1_0.group_id,
        p1_1.id,
        p1_1.name 
    from
        group_permissions p1_0 
    join
        permissions p1_1 
            on p1_1.id=p1_0.permission_id 
    where
        p1_0.group_id=?
2026-05-30 18:13:48.972 [http-nio-8080-exec-6] [483855d5-fcb8-4ca9-b7f1-44dda6283fa5] INFO  c.w.w.config.CorrelationIdFilter - Request completed: GET /api/groups - Status: 200 - Duration: 17ms
2026-05-30 18:13:56.989 [http-nio-8080-exec-3] [1405fb0c-54b4-49fe-aaff-7144d93d3cd4] INFO  c.w.w.config.CorrelationIdFilter - Request started: OPTIONS /api/groups/24 from 0:0:0:0:0:0:0:1
2026-05-30 18:13:56.993 [http-nio-8080-exec-3] [1405fb0c-54b4-49fe-aaff-7144d93d3cd4] INFO  c.w.w.config.CorrelationIdFilter - Request completed: OPTIONS /api/groups/24 - Status: 200 - Duration: 4ms
2026-05-30 18:13:56.999 [http-nio-8080-exec-4] [a91dbfe0-5996-45c5-9bf8-285f7f0c77b7] INFO  c.w.w.config.CorrelationIdFilter - Request started: DELETE /api/groups/24 from 0:0:0:0:0:0:0:1
2026-05-30 18:13:57.009 [http-nio-8080-exec-4] [a91dbfe0-5996-45c5-9bf8-285f7f0c77b7] INFO  c.w.w.g.controller.GroupController - REST API call: DELETE /api/groups/24 - Deleting group
2026-05-30 18:13:57.011 [http-nio-8080-exec-4] [a91dbfe0-5996-45c5-9bf8-285f7f0c77b7] INFO  c.w.w.g.s.impl.GroupServiceImpl - Deleting group with ID: 24
2026-05-30 18:13:57.012 [http-nio-8080-exec-4] [a91dbfe0-5996-45c5-9bf8-285f7f0c77b7] DEBUG org.hibernate.SQL - 
    select
        g1_0.id,
        g1_0.name 
    from
        groups g1_0 
    where
        g1_0.id=?
2026-05-30 18:13:57.014 [http-nio-8080-exec-4] [a91dbfe0-5996-45c5-9bf8-285f7f0c77b7] DEBUG org.hibernate.SQL - 
    select
        u1_0.group_id,
        u1_0.id,
        u1_0.email,
        u1_0.name,
        u1_0.password 
    from
        users u1_0 
    where
        u1_0.group_id=?
2026-05-30 18:13:57.029 [http-nio-8080-exec-4] [a91dbfe0-5996-45c5-9bf8-285f7f0c77b7] INFO  c.w.w.config.CorrelationIdFilter - Request completed: DELETE /api/groups/24 - Status: 500 - Duration: 27ms
2026-05-30 18:14:04.962 [http-nio-8080-exec-2] [3d1607a7-dd10-4d2f-92fd-f65fb2557ff7] INFO  c.w.w.config.CorrelationIdFilter - Request started: OPTIONS /api/groups/24 from 0:0:0:0:0:0:0:1
2026-05-30 18:14:04.963 [http-nio-8080-exec-2] [3d1607a7-dd10-4d2f-92fd-f65fb2557ff7] INFO  c.w.w.config.CorrelationIdFilter - Request completed: OPTIONS /api/groups/24 - Status: 200 - Duration: 1ms
2026-05-30 18:14:04.970 [http-nio-8080-exec-1] [c7529de9-0111-40d6-a805-1da68d7f0dd5] INFO  c.w.w.config.CorrelationIdFilter - Request started: DELETE /api/groups/24 from 0:0:0:0:0:0:0:1
2026-05-30 18:14:04.972 [http-nio-8080-exec-1] [c7529de9-0111-40d6-a805-1da68d7f0dd5] INFO  c.w.w.g.controller.GroupController - REST API call: DELETE /api/groups/24 - Deleting group
2026-05-30 18:14:04.973 [http-nio-8080-exec-1] [c7529de9-0111-40d6-a805-1da68d7f0dd5] INFO  c.w.w.g.s.impl.GroupServiceImpl - Deleting group with ID: 24
2026-05-30 18:14:04.975 [http-nio-8080-exec-1] [c7529de9-0111-40d6-a805-1da68d7f0dd5] DEBUG org.hibernate.SQL - 
    select
        g1_0.id,
        g1_0.name 
    from
        groups g1_0 
    where
        g1_0.id=?
2026-05-30 18:14:04.978 [http-nio-8080-exec-1] [c7529de9-0111-40d6-a805-1da68d7f0dd5] DEBUG org.hibernate.SQL - 
    select
        u1_0.group_id,
        u1_0.id,
        u1_0.email,
        u1_0.name,
        u1_0.password 
    from
        users u1_0 
    where
        u1_0.group_id=?
2026-05-30 18:14:04.987 [http-nio-8080-exec-1] [c7529de9-0111-40d6-a805-1da68d7f0dd5] INFO  c.w.w.config.CorrelationIdFilter - Request completed: DELETE /api/groups/24 - Status: 500 - Duration: 17ms
2026-05-30 18:14:19.453 [http-nio-8080-exec-5] [a09d3335-b153-4d24-b9c9-52506bfda444] INFO  c.w.w.config.CorrelationIdFilter - Request started: OPTIONS /api/groups/24 from 0:0:0:0:0:0:0:1
2026-05-30 18:14:19.454 [http-nio-8080-exec-5] [a09d3335-b153-4d24-b9c9-52506bfda444] INFO  c.w.w.config.CorrelationIdFilter - Request completed: OPTIONS /api/groups/24 - Status: 200 - Duration: 1ms
2026-05-30 18:14:19.458 [http-nio-8080-exec-10] [bbf07600-cd36-4eed-bd06-fa3a935623a6] INFO  c.w.w.config.CorrelationIdFilter - Request started: PUT /api/groups/24 from 0:0:0:0:0:0:0:1
2026-05-30 18:14:19.482 [http-nio-8080-exec-10] [bbf07600-cd36-4eed-bd06-fa3a935623a6] INFO  c.w.w.g.controller.GroupController - REST API call: PUT /api/groups/24 - Updating group
2026-05-30 18:14:19.482 [http-nio-8080-exec-10] [bbf07600-cd36-4eed-bd06-fa3a935623a6] INFO  c.w.w.g.s.impl.GroupServiceImpl - Updating group with ID: 24
2026-05-30 18:14:19.482 [http-nio-8080-exec-10] [bbf07600-cd36-4eed-bd06-fa3a935623a6] DEBUG org.hibernate.SQL - 
    select
        g1_0.id,
        g1_0.name 
    from
        groups g1_0 
    where
        g1_0.id=?
2026-05-30 18:14:19.510 [http-nio-8080-exec-10] [bbf07600-cd36-4eed-bd06-fa3a935623a6] DEBUG org.hibernate.SQL - 
    select
        g1_0.id 
    from
        groups g1_0 
    where
        g1_0.name=? 
    fetch
        first ? rows only
2026-05-30 18:14:19.518 [http-nio-8080-exec-10] [bbf07600-cd36-4eed-bd06-fa3a935623a6] DEBUG org.hibernate.SQL - 
    select
        p1_0.group_id,
        p1_1.id,
        p1_1.name 
    from
        group_permissions p1_0 
    join
        permissions p1_1 
            on p1_1.id=p1_0.permission_id 
    where
        p1_0.group_id=?
2026-05-30 18:14:19.528 [http-nio-8080-exec-10] [bbf07600-cd36-4eed-bd06-fa3a935623a6] DEBUG org.hibernate.SQL - 
    select
        p1_0.id,
        p1_0.name 
    from
        permissions p1_0 
    where
        p1_0.id=?
2026-05-30 18:14:19.529 [http-nio-8080-exec-10] [bbf07600-cd36-4eed-bd06-fa3a935623a6] INFO  c.w.w.g.s.impl.GroupServiceImpl - Loaded 4 permissions
2026-05-30 18:14:19.533 [http-nio-8080-exec-10] [bbf07600-cd36-4eed-bd06-fa3a935623a6] INFO  c.w.w.g.s.impl.GroupServiceImpl - Group updated successfully with ID: 24
2026-05-30 18:14:19.552 [http-nio-8080-exec-10] [bbf07600-cd36-4eed-bd06-fa3a935623a6] DEBUG org.hibernate.SQL - 
    update
        groups 
    set
        name=? 
    where
        id=?
2026-05-30 18:14:19.560 [http-nio-8080-exec-10] [bbf07600-cd36-4eed-bd06-fa3a935623a6] DEBUG org.hibernate.SQL - 
    delete 
    from
        group_permissions 
    where
        group_id=?
2026-05-30 18:14:19.575 [http-nio-8080-exec-10] [bbf07600-cd36-4eed-bd06-fa3a935623a6] DEBUG org.hibernate.SQL - 
    insert 
    into
        group_permissions
        (group_id, permission_id) 
    values
        (?, ?)
2026-05-30 18:14:19.578 [http-nio-8080-exec-10] [bbf07600-cd36-4eed-bd06-fa3a935623a6] DEBUG org.hibernate.SQL - 
    insert 
    into
        group_permissions
        (group_id, permission_id) 
    values
        (?, ?)
2026-05-30 18:14:19.581 [http-nio-8080-exec-10] [bbf07600-cd36-4eed-bd06-fa3a935623a6] DEBUG org.hibernate.SQL - 
    insert 
    into
        group_permissions
        (group_id, permission_id) 
    values
        (?, ?)
2026-05-30 18:14:19.582 [http-nio-8080-exec-10] [bbf07600-cd36-4eed-bd06-fa3a935623a6] DEBUG org.hibernate.SQL - 
    insert 
    into
        group_permissions
        (group_id, permission_id) 
    values
        (?, ?)
2026-05-30 18:14:19.594 [http-nio-8080-exec-10] [bbf07600-cd36-4eed-bd06-fa3a935623a6] INFO  c.w.w.config.CorrelationIdFilter - Request completed: PUT /api/groups/24 - Status: 200 - Duration: 133ms
2026-05-30 18:14:19.620 [http-nio-8080-exec-8] [98c60e50-1ad3-4bfa-96e7-afdaacd540cf] INFO  c.w.w.config.CorrelationIdFilter - Request started: OPTIONS /api/groups from 0:0:0:0:0:0:0:1
2026-05-30 18:14:19.621 [http-nio-8080-exec-7] [bd6a46e3-38ff-48be-b688-50219ca7f7f5] INFO  c.w.w.config.CorrelationIdFilter - Request started: OPTIONS /api/permissions from 0:0:0:0:0:0:0:1
2026-05-30 18:14:19.622 [http-nio-8080-exec-8] [98c60e50-1ad3-4bfa-96e7-afdaacd540cf] INFO  c.w.w.config.CorrelationIdFilter - Request completed: OPTIONS /api/groups - Status: 200 - Duration: 1ms
2026-05-30 18:14:19.623 [http-nio-8080-exec-7] [bd6a46e3-38ff-48be-b688-50219ca7f7f5] INFO  c.w.w.config.CorrelationIdFilter - Request completed: OPTIONS /api/permissions - Status: 200 - Duration: 2ms
2026-05-30 18:14:19.632 [http-nio-8080-exec-6] [10253b31-385c-49fb-817c-967d092ad6bd] INFO  c.w.w.config.CorrelationIdFilter - Request started: GET /api/permissions from 0:0:0:0:0:0:0:1
2026-05-30 18:14:19.633 [http-nio-8080-exec-9] [0318bb6c-7215-495f-a6aa-e138446d9f95] INFO  c.w.w.config.CorrelationIdFilter - Request started: GET /api/groups from 0:0:0:0:0:0:0:1
2026-05-30 18:14:19.636 [http-nio-8080-exec-6] [10253b31-385c-49fb-817c-967d092ad6bd] INFO  c.w.w.p.c.PermissionController - REST API call: GET /api/permissions - Retrieving all permissions
2026-05-30 18:14:19.637 [http-nio-8080-exec-6] [10253b31-385c-49fb-817c-967d092ad6bd] INFO  c.w.w.p.s.impl.PermissionServiceImpl - SERVICE: Starting getAllPermissions - Fetching all permissions from database
2026-05-30 18:14:19.638 [http-nio-8080-exec-9] [0318bb6c-7215-495f-a6aa-e138446d9f95] INFO  c.w.w.g.controller.GroupController - REST API call: GET /api/groups - Retrieving all groups
2026-05-30 18:14:19.638 [http-nio-8080-exec-6] [10253b31-385c-49fb-817c-967d092ad6bd] DEBUG org.hibernate.SQL - 
    select
        p1_0.id,
        p1_0.name 
    from
        permissions p1_0
2026-05-30 18:14:19.638 [http-nio-8080-exec-9] [0318bb6c-7215-495f-a6aa-e138446d9f95] INFO  c.w.w.g.s.impl.GroupServiceImpl - Fetching all groups
2026-05-30 18:14:19.639 [http-nio-8080-exec-6] [10253b31-385c-49fb-817c-967d092ad6bd] INFO  c.w.w.p.s.impl.PermissionServiceImpl - SERVICE: getAllPermissions completed - Retrieved 5 permissions
2026-05-30 18:14:19.644 [http-nio-8080-exec-6] [10253b31-385c-49fb-817c-967d092ad6bd] INFO  c.w.w.config.CorrelationIdFilter - Request completed: GET /api/permissions - Status: 200 - Duration: 12ms
2026-05-30 18:14:19.650 [http-nio-8080-exec-9] [0318bb6c-7215-495f-a6aa-e138446d9f95] DEBUG org.hibernate.SQL - 
    select
        g1_0.id,
        g1_0.name 
    from
        groups g1_0
2026-05-30 18:14:19.652 [http-nio-8080-exec-9] [0318bb6c-7215-495f-a6aa-e138446d9f95] DEBUG org.hibernate.SQL - 
    select
        p1_0.group_id,
        p1_1.id,
        p1_1.name 
    from
        group_permissions p1_0 
    join
        permissions p1_1 
            on p1_1.id=p1_0.permission_id 
    where
        p1_0.group_id=?
2026-05-30 18:14:19.654 [http-nio-8080-exec-9] [0318bb6c-7215-495f-a6aa-e138446d9f95] DEBUG org.hibernate.SQL - 
    select
        p1_0.group_id,
        p1_1.id,
        p1_1.name 
    from
        group_permissions p1_0 
    join
        permissions p1_1 
            on p1_1.id=p1_0.permission_id 
    where
        p1_0.group_id=?
2026-05-30 18:14:19.655 [http-nio-8080-exec-9] [0318bb6c-7215-495f-a6aa-e138446d9f95] DEBUG org.hibernate.SQL - 
    select
        p1_0.group_id,
        p1_1.id,
        p1_1.name 
    from
        group_permissions p1_0 
    join
        permissions p1_1 
            on p1_1.id=p1_0.permission_id 
    where
        p1_0.group_id=?
2026-05-30 18:14:19.663 [http-nio-8080-exec-9] [0318bb6c-7215-495f-a6aa-e138446d9f95] INFO  c.w.w.config.CorrelationIdFilter - Request completed: GET /api/groups - Status: 200 - Duration: 29ms
2026-05-30 18:14:24.421 [http-nio-8080-exec-3] [4fd57739-520a-400f-9ba4-58a4a6032ed9] INFO  c.w.w.config.CorrelationIdFilter - Request started: OPTIONS /api/users from 0:0:0:0:0:0:0:1
2026-05-30 18:14:24.422 [http-nio-8080-exec-3] [4fd57739-520a-400f-9ba4-58a4a6032ed9] INFO  c.w.w.config.CorrelationIdFilter - Request completed: OPTIONS /api/users - Status: 200 - Duration: 1ms
2026-05-30 18:14:24.424 [http-nio-8080-exec-3] [c9224fd0-2ddb-4db9-9eec-b0cb7ecedaff] INFO  c.w.w.config.CorrelationIdFilter - Request started: OPTIONS /api/users from 0:0:0:0:0:0:0:1
2026-05-30 18:14:24.425 [http-nio-8080-exec-4] [4b443ad4-4486-4d32-9b6f-62c6c873298f] INFO  c.w.w.config.CorrelationIdFilter - Request started: OPTIONS /api/users from 0:0:0:0:0:0:0:1
2026-05-30 18:14:24.426 [http-nio-8080-exec-3] [c9224fd0-2ddb-4db9-9eec-b0cb7ecedaff] INFO  c.w.w.config.CorrelationIdFilter - Request completed: OPTIONS /api/users - Status: 200 - Duration: 2ms
2026-05-30 18:14:24.427 [http-nio-8080-exec-2] [fb506e4e-1ae0-4655-9b8d-98864df38002] INFO  c.w.w.config.CorrelationIdFilter - Request started: OPTIONS /api/users from 0:0:0:0:0:0:0:1
2026-05-30 18:14:24.426 [http-nio-8080-exec-4] [4b443ad4-4486-4d32-9b6f-62c6c873298f] INFO  c.w.w.config.CorrelationIdFilter - Request completed: OPTIONS /api/users - Status: 200 - Duration: 1ms
2026-05-30 18:14:24.429 [http-nio-8080-exec-2] [fb506e4e-1ae0-4655-9b8d-98864df38002] INFO  c.w.w.config.CorrelationIdFilter - Request completed: OPTIONS /api/users - Status: 200 - Duration: 2ms
2026-05-30 18:14:24.432 [http-nio-8080-exec-5] [a4bd1acd-3ecb-457b-a490-9f4f55ff86ad] INFO  c.w.w.config.CorrelationIdFilter - Request started: GET /api/users from 0:0:0:0:0:0:0:1
2026-05-30 18:14:24.434 [http-nio-8080-exec-5] [a4bd1acd-3ecb-457b-a490-9f4f55ff86ad] INFO  c.w.w.user.controller.UserController - REST API call: GET /api/users - Retrieving all users
2026-05-30 18:14:24.435 [http-nio-8080-exec-5] [a4bd1acd-3ecb-457b-a490-9f4f55ff86ad] INFO  c.w.w.u.service.impl.UserServiceImpl - SERVICE: Starting getAllUsers - Fetching all users from database
2026-05-30 18:14:24.439 [http-nio-8080-exec-5] [a4bd1acd-3ecb-457b-a490-9f4f55ff86ad] DEBUG org.hibernate.SQL - 
    select
        u1_0.id,
        u1_0.email,
        u1_0.group_id,
        u1_0.name,
        u1_0.password 
    from
        users u1_0
2026-05-30 18:14:24.443 [http-nio-8080-exec-5] [a4bd1acd-3ecb-457b-a490-9f4f55ff86ad] DEBUG org.hibernate.SQL - 
    select
        g1_0.id,
        g1_0.name 
    from
        groups g1_0 
    where
        g1_0.id=?
2026-05-30 18:14:24.445 [http-nio-8080-exec-5] [a4bd1acd-3ecb-457b-a490-9f4f55ff86ad] DEBUG org.hibernate.SQL - 
    select
        g1_0.id,
        g1_0.name 
    from
        groups g1_0 
    where
        g1_0.id=?
2026-05-30 18:14:24.446 [http-nio-8080-exec-5] [a4bd1acd-3ecb-457b-a490-9f4f55ff86ad] INFO  c.w.w.u.service.impl.UserServiceImpl - SERVICE: getAllUsers completed - Retrieved 2 users
2026-05-30 18:14:24.448 [http-nio-8080-exec-5] [a4bd1acd-3ecb-457b-a490-9f4f55ff86ad] INFO  c.w.w.config.CorrelationIdFilter - Request completed: GET /api/users - Status: 200 - Duration: 16ms
2026-05-30 18:14:24.460 [http-nio-8080-exec-10] [511db27d-5efd-4f0d-93ed-79687f462c9f] INFO  c.w.w.config.CorrelationIdFilter - Request started: GET /api/users from 0:0:0:0:0:0:0:1
2026-05-30 18:14:24.464 [http-nio-8080-exec-10] [511db27d-5efd-4f0d-93ed-79687f462c9f] INFO  c.w.w.user.controller.UserController - REST API call: GET /api/users - Retrieving all users
2026-05-30 18:14:24.465 [http-nio-8080-exec-10] [511db27d-5efd-4f0d-93ed-79687f462c9f] INFO  c.w.w.u.service.impl.UserServiceImpl - SERVICE: Starting getAllUsers - Fetching all users from database
2026-05-30 18:14:24.466 [http-nio-8080-exec-10] [511db27d-5efd-4f0d-93ed-79687f462c9f] DEBUG org.hibernate.SQL - 
    select
        u1_0.id,
        u1_0.email,
        u1_0.group_id,
        u1_0.name,
        u1_0.password 
    from
        users u1_0
2026-05-30 18:14:24.468 [http-nio-8080-exec-10] [511db27d-5efd-4f0d-93ed-79687f462c9f] DEBUG org.hibernate.SQL - 
    select
        g1_0.id,
        g1_0.name 
    from
        groups g1_0 
    where
        g1_0.id=?
2026-05-30 18:14:24.468 [http-nio-8080-exec-10] [511db27d-5efd-4f0d-93ed-79687f462c9f] DEBUG org.hibernate.SQL - 
    select
        g1_0.id,
        g1_0.name 
    from
        groups g1_0 
    where
        g1_0.id=?
2026-05-30 18:14:24.470 [http-nio-8080-exec-10] [511db27d-5efd-4f0d-93ed-79687f462c9f] INFO  c.w.w.u.service.impl.UserServiceImpl - SERVICE: getAllUsers completed - Retrieved 2 users
2026-05-30 18:14:24.472 [http-nio-8080-exec-10] [511db27d-5efd-4f0d-93ed-79687f462c9f] INFO  c.w.w.config.CorrelationIdFilter - Request completed: GET /api/users - Status: 200 - Duration: 12ms
2026-05-30 18:14:24.474 [http-nio-8080-exec-8] [1a4cfee6-cf32-4870-b2c2-77edb5cfa780] INFO  c.w.w.config.CorrelationIdFilter - Request started: GET /api/users from 0:0:0:0:0:0:0:1
2026-05-30 18:14:24.478 [http-nio-8080-exec-8] [1a4cfee6-cf32-4870-b2c2-77edb5cfa780] INFO  c.w.w.user.controller.UserController - REST API call: GET /api/users - Retrieving all users
2026-05-30 18:14:24.478 [http-nio-8080-exec-8] [1a4cfee6-cf32-4870-b2c2-77edb5cfa780] INFO  c.w.w.u.service.impl.UserServiceImpl - SERVICE: Starting getAllUsers - Fetching all users from database
2026-05-30 18:14:24.480 [http-nio-8080-exec-8] [1a4cfee6-cf32-4870-b2c2-77edb5cfa780] DEBUG org.hibernate.SQL - 
    select
        u1_0.id,
        u1_0.email,
        u1_0.group_id,
        u1_0.name,
        u1_0.password 
    from
        users u1_0
2026-05-30 18:14:24.481 [http-nio-8080-exec-8] [1a4cfee6-cf32-4870-b2c2-77edb5cfa780] DEBUG org.hibernate.SQL - 
    select
        g1_0.id,
        g1_0.name 
    from
        groups g1_0 
    where
        g1_0.id=?
2026-05-30 18:14:24.482 [http-nio-8080-exec-8] [1a4cfee6-cf32-4870-b2c2-77edb5cfa780] DEBUG org.hibernate.SQL - 
    select
        g1_0.id,
        g1_0.name 
    from
        groups g1_0 
    where
        g1_0.id=?
2026-05-30 18:14:24.483 [http-nio-8080-exec-8] [1a4cfee6-cf32-4870-b2c2-77edb5cfa780] INFO  c.w.w.u.service.impl.UserServiceImpl - SERVICE: getAllUsers completed - Retrieved 2 users
2026-05-30 18:14:24.485 [http-nio-8080-exec-8] [1a4cfee6-cf32-4870-b2c2-77edb5cfa780] INFO  c.w.w.config.CorrelationIdFilter - Request completed: GET /api/users - Status: 200 - Duration: 10ms
2026-05-30 18:14:24.486 [http-nio-8080-exec-8] [dfed7edd-84ae-4334-bd6e-70480f8a2353] INFO  c.w.w.config.CorrelationIdFilter - Request started: GET /api/users from 0:0:0:0:0:0:0:1
2026-05-30 18:14:24.489 [http-nio-8080-exec-8] [dfed7edd-84ae-4334-bd6e-70480f8a2353] INFO  c.w.w.user.controller.UserController - REST API call: GET /api/users - Retrieving all users
2026-05-30 18:14:24.489 [http-nio-8080-exec-8] [dfed7edd-84ae-4334-bd6e-70480f8a2353] INFO  c.w.w.u.service.impl.UserServiceImpl - SERVICE: Starting getAllUsers - Fetching all users from database
2026-05-30 18:14:24.490 [http-nio-8080-exec-8] [dfed7edd-84ae-4334-bd6e-70480f8a2353] DEBUG org.hibernate.SQL - 
    select
        u1_0.id,
        u1_0.email,
        u1_0.group_id,
        u1_0.name,
        u1_0.password 
    from
        users u1_0
2026-05-30 18:14:24.492 [http-nio-8080-exec-8] [dfed7edd-84ae-4334-bd6e-70480f8a2353] DEBUG org.hibernate.SQL - 
    select
        g1_0.id,
        g1_0.name 
    from
        groups g1_0 
    where
        g1_0.id=?
2026-05-30 18:14:24.493 [http-nio-8080-exec-8] [dfed7edd-84ae-4334-bd6e-70480f8a2353] DEBUG org.hibernate.SQL - 
    select
        g1_0.id,
        g1_0.name 
    from
        groups g1_0 
    where
        g1_0.id=?
2026-05-30 18:14:24.494 [http-nio-8080-exec-8] [dfed7edd-84ae-4334-bd6e-70480f8a2353] INFO  c.w.w.u.service.impl.UserServiceImpl - SERVICE: getAllUsers completed - Retrieved 2 users
2026-05-30 18:14:24.496 [http-nio-8080-exec-8] [dfed7edd-84ae-4334-bd6e-70480f8a2353] INFO  c.w.w.config.CorrelationIdFilter - Request completed: GET /api/users - Status: 200 - Duration: 10ms
2026-05-30 18:14:27.589 [http-nio-8080-exec-6] [84840d36-0996-413f-8299-ce43dae9431b] INFO  c.w.w.config.CorrelationIdFilter - Request started: OPTIONS /api/groups from 0:0:0:0:0:0:0:1
2026-05-30 18:14:27.590 [http-nio-8080-exec-6] [84840d36-0996-413f-8299-ce43dae9431b] INFO  c.w.w.config.CorrelationIdFilter - Request completed: OPTIONS /api/groups - Status: 200 - Duration: 1ms
2026-05-30 18:14:27.593 [http-nio-8080-exec-9] [be2b55d7-019d-4654-a8d2-9754e64e79a9] INFO  c.w.w.config.CorrelationIdFilter - Request started: GET /api/groups from 0:0:0:0:0:0:0:1
2026-05-30 18:14:27.596 [http-nio-8080-exec-9] [be2b55d7-019d-4654-a8d2-9754e64e79a9] INFO  c.w.w.g.controller.GroupController - REST API call: GET /api/groups - Retrieving all groups
2026-05-30 18:14:27.597 [http-nio-8080-exec-9] [be2b55d7-019d-4654-a8d2-9754e64e79a9] INFO  c.w.w.g.s.impl.GroupServiceImpl - Fetching all groups
2026-05-30 18:14:27.598 [http-nio-8080-exec-9] [be2b55d7-019d-4654-a8d2-9754e64e79a9] DEBUG org.hibernate.SQL - 
    select
        g1_0.id,
        g1_0.name 
    from
        groups g1_0
2026-05-30 18:14:27.600 [http-nio-8080-exec-9] [be2b55d7-019d-4654-a8d2-9754e64e79a9] DEBUG org.hibernate.SQL - 
    select
        p1_0.group_id,
        p1_1.id,
        p1_1.name 
    from
        group_permissions p1_0 
    join
        permissions p1_1 
            on p1_1.id=p1_0.permission_id 
    where
        p1_0.group_id=?
2026-05-30 18:14:27.602 [http-nio-8080-exec-9] [be2b55d7-019d-4654-a8d2-9754e64e79a9] DEBUG org.hibernate.SQL - 
    select
        p1_0.group_id,
        p1_1.id,
        p1_1.name 
    from
        group_permissions p1_0 
    join
        permissions p1_1 
            on p1_1.id=p1_0.permission_id 
    where
        p1_0.group_id=?
2026-05-30 18:14:27.603 [http-nio-8080-exec-9] [be2b55d7-019d-4654-a8d2-9754e64e79a9] DEBUG org.hibernate.SQL - 
    select
        p1_0.group_id,
        p1_1.id,
        p1_1.name 
    from
        group_permissions p1_0 
    join
        permissions p1_1 
            on p1_1.id=p1_0.permission_id 
    where
        p1_0.group_id=?
2026-05-30 18:14:27.607 [http-nio-8080-exec-9] [be2b55d7-019d-4654-a8d2-9754e64e79a9] INFO  c.w.w.config.CorrelationIdFilter - Request completed: GET /api/groups - Status: 200 - Duration: 13ms
2026-05-30 18:14:31.986 [http-nio-8080-exec-3] [e4aea64b-d554-4e9d-af2e-b172b429c03b] INFO  c.w.w.config.CorrelationIdFilter - Request started: OPTIONS /api/users/3 from 0:0:0:0:0:0:0:1
2026-05-30 18:14:31.988 [http-nio-8080-exec-3] [e4aea64b-d554-4e9d-af2e-b172b429c03b] INFO  c.w.w.config.CorrelationIdFilter - Request completed: OPTIONS /api/users/3 - Status: 200 - Duration: 2ms
2026-05-30 18:14:31.992 [http-nio-8080-exec-1] [9bcb0d01-289b-4de4-b674-77b00e1351d9] INFO  c.w.w.config.CorrelationIdFilter - Request started: PUT /api/users/3 from 0:0:0:0:0:0:0:1
2026-05-30 18:14:32.001 [http-nio-8080-exec-1] [9bcb0d01-289b-4de4-b674-77b00e1351d9] INFO  c.w.w.user.controller.UserController - REST API call: PUT /api/users/3 - Updating user
2026-05-30 18:14:32.002 [http-nio-8080-exec-1] [9bcb0d01-289b-4de4-b674-77b00e1351d9] INFO  c.w.w.u.service.impl.UserServiceImpl - SERVICE: Starting updateUser - Updating user with ID: 3
2026-05-30 18:14:32.003 [http-nio-8080-exec-1] [9bcb0d01-289b-4de4-b674-77b00e1351d9] DEBUG org.hibernate.SQL - 
    select
        u1_0.id,
        u1_0.email,
        u1_0.group_id,
        u1_0.name,
        u1_0.password 
    from
        users u1_0 
    where
        u1_0.id=?
2026-05-30 18:14:32.005 [http-nio-8080-exec-1] [9bcb0d01-289b-4de4-b674-77b00e1351d9] INFO  c.w.w.u.service.impl.UserServiceImpl - SERVICE: Updated user name and email
2026-05-30 18:14:32.005 [http-nio-8080-exec-1] [9bcb0d01-289b-4de4-b674-77b00e1351d9] INFO  c.w.w.u.service.impl.UserServiceImpl - SERVICE: Updating user group to ID: 2
2026-05-30 18:14:32.007 [http-nio-8080-exec-1] [9bcb0d01-289b-4de4-b674-77b00e1351d9] DEBUG org.hibernate.SQL - 
    select
        g1_0.id,
        g1_0.name 
    from
        groups g1_0 
    where
        g1_0.id=?
2026-05-30 18:14:32.009 [http-nio-8080-exec-1] [9bcb0d01-289b-4de4-b674-77b00e1351d9] INFO  c.w.w.u.service.impl.UserServiceImpl - SERVICE: updateUser completed - Successfully updated user with ID: 3
2026-05-30 18:14:32.011 [http-nio-8080-exec-1] [9bcb0d01-289b-4de4-b674-77b00e1351d9] DEBUG org.hibernate.SQL - 
    update
        users 
    set
        email=?,
        group_id=?,
        name=?,
        password=? 
    where
        id=?
2026-05-30 18:14:32.018 [http-nio-8080-exec-1] [9bcb0d01-289b-4de4-b674-77b00e1351d9] INFO  c.w.w.config.CorrelationIdFilter - Request completed: PUT /api/users/3 - Status: 200 - Duration: 26ms
2026-05-30 18:14:32.041 [http-nio-8080-exec-4] [63bd6cd7-9293-4e62-85be-827aeb556955] INFO  c.w.w.config.CorrelationIdFilter - Request started: OPTIONS /api/users from 0:0:0:0:0:0:0:1
2026-05-30 18:14:32.085 [http-nio-8080-exec-4] [63bd6cd7-9293-4e62-85be-827aeb556955] INFO  c.w.w.config.CorrelationIdFilter - Request completed: OPTIONS /api/users - Status: 200 - Duration: 44ms
2026-05-30 18:14:32.103 [http-nio-8080-exec-2] [226cecf3-9cda-4ec0-b8c2-bae186904806] INFO  c.w.w.config.CorrelationIdFilter - Request started: GET /api/users from 0:0:0:0:0:0:0:1
2026-05-30 18:14:32.109 [http-nio-8080-exec-2] [226cecf3-9cda-4ec0-b8c2-bae186904806] INFO  c.w.w.user.controller.UserController - REST API call: GET /api/users - Retrieving all users
2026-05-30 18:14:32.110 [http-nio-8080-exec-2] [226cecf3-9cda-4ec0-b8c2-bae186904806] INFO  c.w.w.u.service.impl.UserServiceImpl - SERVICE: Starting getAllUsers - Fetching all users from database
2026-05-30 18:14:32.115 [http-nio-8080-exec-2] [226cecf3-9cda-4ec0-b8c2-bae186904806] DEBUG org.hibernate.SQL - 
    select
        u1_0.id,
        u1_0.email,
        u1_0.group_id,
        u1_0.name,
        u1_0.password 
    from
        users u1_0
2026-05-30 18:14:32.118 [http-nio-8080-exec-2] [226cecf3-9cda-4ec0-b8c2-bae186904806] DEBUG org.hibernate.SQL - 
    select
        g1_0.id,
        g1_0.name 
    from
        groups g1_0 
    where
        g1_0.id=?
2026-05-30 18:14:32.119 [http-nio-8080-exec-2] [226cecf3-9cda-4ec0-b8c2-bae186904806] DEBUG org.hibernate.SQL - 
    select
        g1_0.id,
        g1_0.name 
    from
        groups g1_0 
    where
        g1_0.id=?
2026-05-30 18:14:32.121 [http-nio-8080-exec-2] [226cecf3-9cda-4ec0-b8c2-bae186904806] INFO  c.w.w.u.service.impl.UserServiceImpl - SERVICE: getAllUsers completed - Retrieved 2 users
2026-05-30 18:14:32.124 [http-nio-8080-exec-2] [226cecf3-9cda-4ec0-b8c2-bae186904806] INFO  c.w.w.config.CorrelationIdFilter - Request completed: GET /api/users - Status: 200 - Duration: 21ms
2026-05-30 18:14:36.118 [http-nio-8080-exec-5] [01de9fc0-d529-4605-bb9d-7b9724d7ebb7] INFO  c.w.w.config.CorrelationIdFilter - Request started: OPTIONS /api/account-types from 0:0:0:0:0:0:0:1
2026-05-30 18:14:36.119 [http-nio-8080-exec-5] [01de9fc0-d529-4605-bb9d-7b9724d7ebb7] INFO  c.w.w.config.CorrelationIdFilter - Request completed: OPTIONS /api/account-types - Status: 200 - Duration: 1ms
2026-05-30 18:14:36.120 [http-nio-8080-exec-5] [ce3a003c-98de-4df5-ab0c-9f5060073690] INFO  c.w.w.config.CorrelationIdFilter - Request started: OPTIONS /api/account-types from 0:0:0:0:0:0:0:1
2026-05-30 18:14:36.122 [http-nio-8080-exec-10] [cb069b70-562d-4948-adb4-7e823a48af7f] INFO  c.w.w.config.CorrelationIdFilter - Request started: OPTIONS /api/account-types from 0:0:0:0:0:0:0:1
2026-05-30 18:14:36.122 [http-nio-8080-exec-5] [ce3a003c-98de-4df5-ab0c-9f5060073690] INFO  c.w.w.config.CorrelationIdFilter - Request completed: OPTIONS /api/account-types - Status: 200 - Duration: 2ms
2026-05-30 18:14:36.123 [http-nio-8080-exec-10] [cb069b70-562d-4948-adb4-7e823a48af7f] INFO  c.w.w.config.CorrelationIdFilter - Request completed: OPTIONS /api/account-types - Status: 200 - Duration: 1ms
2026-05-30 18:14:36.126 [http-nio-8080-exec-8] [a8361766-5a4b-477c-ba5a-a3edfcb3e92a] INFO  c.w.w.config.CorrelationIdFilter - Request started: GET /api/account-types from 0:0:0:0:0:0:0:1
2026-05-30 18:14:36.130 [http-nio-8080-exec-8] [a8361766-5a4b-477c-ba5a-a3edfcb3e92a] DEBUG org.hibernate.SQL - 
    select
        at1_0.id,
        at1_0.type_name 
    from
        account_types at1_0
2026-05-30 18:14:36.133 [http-nio-8080-exec-8] [a8361766-5a4b-477c-ba5a-a3edfcb3e92a] INFO  c.w.w.config.CorrelationIdFilter - Request completed: GET /api/account-types - Status: 200 - Duration: 7ms
2026-05-30 18:14:36.135 [http-nio-8080-exec-6] [55b58fc0-5f51-4995-a973-036b168437cc] INFO  c.w.w.config.CorrelationIdFilter - Request started: GET /api/account-types from 0:0:0:0:0:0:0:1
2026-05-30 18:14:36.141 [http-nio-8080-exec-6] [55b58fc0-5f51-4995-a973-036b168437cc] DEBUG org.hibernate.SQL - 
    select
        at1_0.id,
        at1_0.type_name 
    from
        account_types at1_0
2026-05-30 18:14:36.145 [http-nio-8080-exec-6] [55b58fc0-5f51-4995-a973-036b168437cc] INFO  c.w.w.config.CorrelationIdFilter - Request completed: GET /api/account-types - Status: 200 - Duration: 10ms
2026-05-30 18:14:36.147 [http-nio-8080-exec-9] [6f7a4c5a-52b9-42cc-871c-ed7cf4f0c5ce] INFO  c.w.w.config.CorrelationIdFilter - Request started: GET /api/account-types from 0:0:0:0:0:0:0:1
2026-05-30 18:14:36.156 [http-nio-8080-exec-9] [6f7a4c5a-52b9-42cc-871c-ed7cf4f0c5ce] DEBUG org.hibernate.SQL - 
    select
        at1_0.id,
        at1_0.type_name 
    from
        account_types at1_0
2026-05-30 18:14:36.161 [http-nio-8080-exec-9] [6f7a4c5a-52b9-42cc-871c-ed7cf4f0c5ce] INFO  c.w.w.config.CorrelationIdFilter - Request completed: GET /api/account-types - Status: 200 - Duration: 14ms
2026-05-30 18:14:36.163 [http-nio-8080-exec-3] [323085ed-d891-423a-a5e5-df4771bcf762] INFO  c.w.w.config.CorrelationIdFilter - Request started: GET /api/account-types from 0:0:0:0:0:0:0:1
2026-05-30 18:14:36.167 [http-nio-8080-exec-3] [323085ed-d891-423a-a5e5-df4771bcf762] DEBUG org.hibernate.SQL - 
    select
        at1_0.id,
        at1_0.type_name 
    from
        account_types at1_0
2026-05-30 18:14:36.169 [http-nio-8080-exec-3] [323085ed-d891-423a-a5e5-df4771bcf762] INFO  c.w.w.config.CorrelationIdFilter - Request completed: GET /api/account-types - Status: 200 - Duration: 6ms
2026-05-30 18:14:38.124 [http-nio-8080-exec-1] [3e0b84bb-71a0-467f-ad05-1fb8d6563f5d] INFO  c.w.w.config.CorrelationIdFilter - Request started: OPTIONS /api/accounts from 0:0:0:0:0:0:0:1
2026-05-30 18:14:38.125 [http-nio-8080-exec-1] [3e0b84bb-71a0-467f-ad05-1fb8d6563f5d] INFO  c.w.w.config.CorrelationIdFilter - Request completed: OPTIONS /api/accounts - Status: 200 - Duration: 1ms
2026-05-30 18:14:38.129 [http-nio-8080-exec-1] [7ba1af80-654a-4294-989c-049d051fed5a] INFO  c.w.w.config.CorrelationIdFilter - Request started: OPTIONS /api/users from 0:0:0:0:0:0:0:1
2026-05-30 18:14:38.131 [http-nio-8080-exec-1] [7ba1af80-654a-4294-989c-049d051fed5a] INFO  c.w.w.config.CorrelationIdFilter - Request completed: OPTIONS /api/users - Status: 200 - Duration: 2ms
2026-05-30 18:14:38.131 [http-nio-8080-exec-2] [4dd8d597-0571-4507-a9f6-9731d16d22a2] INFO  c.w.w.config.CorrelationIdFilter - Request started: OPTIONS /api/currencies from 0:0:0:0:0:0:0:1
2026-05-30 18:14:38.132 [http-nio-8080-exec-4] [4e6fcd49-ee83-41da-87af-819cb7e45dc5] INFO  c.w.w.config.CorrelationIdFilter - Request started: OPTIONS /api/users from 0:0:0:0:0:0:0:1
2026-05-30 18:14:38.133 [http-nio-8080-exec-2] [4dd8d597-0571-4507-a9f6-9731d16d22a2] INFO  c.w.w.config.CorrelationIdFilter - Request completed: OPTIONS /api/currencies - Status: 200 - Duration: 1ms
2026-05-30 18:14:38.133 [http-nio-8080-exec-2] [848d56c4-a452-444e-ba21-fafb0a6f782b] INFO  c.w.w.config.CorrelationIdFilter - Request started: OPTIONS /api/users from 0:0:0:0:0:0:0:1
2026-05-30 18:14:38.134 [http-nio-8080-exec-4] [4e6fcd49-ee83-41da-87af-819cb7e45dc5] INFO  c.w.w.config.CorrelationIdFilter - Request completed: OPTIONS /api/users - Status: 200 - Duration: 2ms
2026-05-30 18:14:38.135 [http-nio-8080-exec-2] [848d56c4-a452-444e-ba21-fafb0a6f782b] INFO  c.w.w.config.CorrelationIdFilter - Request completed: OPTIONS /api/users - Status: 200 - Duration: 2ms
2026-05-30 18:14:38.131 [http-nio-8080-exec-1] [b1f785c0-3b3e-4130-b1be-42aa1373393c] INFO  c.w.w.config.CorrelationIdFilter - Request started: OPTIONS /api/currencies from 0:0:0:0:0:0:0:1
2026-05-30 18:14:38.141 [http-nio-8080-exec-1] [b1f785c0-3b3e-4130-b1be-42aa1373393c] INFO  c.w.w.config.CorrelationIdFilter - Request completed: OPTIONS /api/currencies - Status: 200 - Duration: 1ms
2026-05-30 18:14:38.154 [http-nio-8080-exec-10] [d0022c38-3ad8-40f2-af38-e9b8e3b5bafb] INFO  c.w.w.config.CorrelationIdFilter - Request started: GET /api/account-types from 0:0:0:0:0:0:0:1
2026-05-30 18:14:38.164 [http-nio-8080-exec-8] [537ec21d-6e9f-44d5-9388-2913cad56ef2] INFO  c.w.w.config.CorrelationIdFilter - Request started: GET /api/accounts from 0:0:0:0:0:0:0:1
2026-05-30 18:14:38.166 [http-nio-8080-exec-10] [d0022c38-3ad8-40f2-af38-e9b8e3b5bafb] DEBUG org.hibernate.SQL - 
    select
        at1_0.id,
        at1_0.type_name 
    from
        account_types at1_0
2026-05-30 18:14:38.169 [http-nio-8080-exec-6] [8915000e-ef82-482c-9727-545e0e13e02a] INFO  c.w.w.config.CorrelationIdFilter - Request started: GET /api/users from 0:0:0:0:0:0:0:1
2026-05-30 18:14:38.169 [http-nio-8080-exec-10] [d0022c38-3ad8-40f2-af38-e9b8e3b5bafb] INFO  c.w.w.config.CorrelationIdFilter - Request completed: GET /api/account-types - Status: 200 - Duration: 10ms
2026-05-30 18:14:38.172 [http-nio-8080-exec-8] [537ec21d-6e9f-44d5-9388-2913cad56ef2] DEBUG org.hibernate.SQL - 
    select
        a1_0.id,
        a1_0.account_type_id,
        a1_0.balance,
        a1_0.currency_id,
        a1_0.user_id 
    from
        accounts a1_0
2026-05-30 18:14:38.172 [http-nio-8080-exec-8] [537ec21d-6e9f-44d5-9388-2913cad56ef2] DEBUG org.hibernate.SQL - 
    select
        at1_0.id,
        at1_0.type_name 
    from
        account_types at1_0 
    where
        at1_0.id=?
2026-05-30 18:14:38.172 [http-nio-8080-exec-8] [537ec21d-6e9f-44d5-9388-2913cad56ef2] DEBUG org.hibernate.SQL - 
    select
        c1_0.id,
        c1_0.currency_code,
        c1_0.currency_name 
    from
        currencies c1_0 
    where
        c1_0.id=?
2026-05-30 18:14:38.172 [http-nio-8080-exec-8] [537ec21d-6e9f-44d5-9388-2913cad56ef2] INFO  c.w.w.config.CorrelationIdFilter - Request completed: GET /api/accounts - Status: 200 - Duration: 8ms
2026-05-30 18:14:38.172 [http-nio-8080-exec-6] [8915000e-ef82-482c-9727-545e0e13e02a] INFO  c.w.w.user.controller.UserController - REST API call: GET /api/users - Retrieving all users
2026-05-30 18:14:38.172 [http-nio-8080-exec-6] [8915000e-ef82-482c-9727-545e0e13e02a] INFO  c.w.w.u.service.impl.UserServiceImpl - SERVICE: Starting getAllUsers - Fetching all users from database
2026-05-30 18:14:38.172 [http-nio-8080-exec-9] [e108eb00-2175-4eac-943d-4cb6c2499d68] INFO  c.w.w.config.CorrelationIdFilter - Request started: GET /api/currencies from 0:0:0:0:0:0:0:1
2026-05-30 18:14:38.172 [http-nio-8080-exec-6] [8915000e-ef82-482c-9727-545e0e13e02a] DEBUG org.hibernate.SQL - 
    select
        u1_0.id,
        u1_0.email,
        u1_0.group_id,
        u1_0.name,
        u1_0.password 
    from
        users u1_0
2026-05-30 18:14:38.172 [http-nio-8080-exec-6] [8915000e-ef82-482c-9727-545e0e13e02a] DEBUG org.hibernate.SQL - 
    select
        g1_0.id,
        g1_0.name 
    from
        groups g1_0 
    where
        g1_0.id=?
2026-05-30 18:14:38.172 [http-nio-8080-exec-6] [8915000e-ef82-482c-9727-545e0e13e02a] DEBUG org.hibernate.SQL - 
    select
        g1_0.id,
        g1_0.name 
    from
        groups g1_0 
    where
        g1_0.id=?
2026-05-30 18:14:38.172 [http-nio-8080-exec-6] [8915000e-ef82-482c-9727-545e0e13e02a] INFO  c.w.w.u.service.impl.UserServiceImpl - SERVICE: getAllUsers completed - Retrieved 2 users
2026-05-30 18:14:38.189 [http-nio-8080-exec-6] [8915000e-ef82-482c-9727-545e0e13e02a] INFO  c.w.w.config.CorrelationIdFilter - Request completed: GET /api/users - Status: 200 - Duration: 20ms
2026-05-30 18:14:38.193 [http-nio-8080-exec-9] [e108eb00-2175-4eac-943d-4cb6c2499d68] DEBUG org.hibernate.SQL - 
    select
        c1_0.id,
        c1_0.currency_code,
        c1_0.currency_name 
    from
        currencies c1_0
2026-05-30 18:14:38.197 [http-nio-8080-exec-9] [e108eb00-2175-4eac-943d-4cb6c2499d68] INFO  c.w.w.config.CorrelationIdFilter - Request completed: GET /api/currencies - Status: 200 - Duration: 25ms
2026-05-30 18:14:38.200 [http-nio-8080-exec-3] [e07a88c3-8207-4fa4-b3a5-10b4a3ee6dca] INFO  c.w.w.config.CorrelationIdFilter - Request started: GET /api/account-types from 0:0:0:0:0:0:0:1
2026-05-30 18:14:38.202 [http-nio-8080-exec-4] [2ff993bf-da27-44bc-bf8b-94e4289b0821] INFO  c.w.w.config.CorrelationIdFilter - Request started: GET /api/accounts from 0:0:0:0:0:0:0:1
2026-05-30 18:14:38.207 [http-nio-8080-exec-3] [e07a88c3-8207-4fa4-b3a5-10b4a3ee6dca] DEBUG org.hibernate.SQL - 
    select
        at1_0.id,
        at1_0.type_name 
    from
        account_types at1_0
2026-05-30 18:14:38.210 [http-nio-8080-exec-4] [2ff993bf-da27-44bc-bf8b-94e4289b0821] DEBUG org.hibernate.SQL - 
    select
        a1_0.id,
        a1_0.account_type_id,
        a1_0.balance,
        a1_0.currency_id,
        a1_0.user_id 
    from
        accounts a1_0
2026-05-30 18:14:38.212 [http-nio-8080-exec-3] [e07a88c3-8207-4fa4-b3a5-10b4a3ee6dca] INFO  c.w.w.config.CorrelationIdFilter - Request completed: GET /api/account-types - Status: 200 - Duration: 12ms
2026-05-30 18:14:38.212 [http-nio-8080-exec-4] [2ff993bf-da27-44bc-bf8b-94e4289b0821] DEBUG org.hibernate.SQL - 
    select
        at1_0.id,
        at1_0.type_name 
    from
        account_types at1_0 
    where
        at1_0.id=?
2026-05-30 18:14:38.213 [http-nio-8080-exec-4] [2ff993bf-da27-44bc-bf8b-94e4289b0821] DEBUG org.hibernate.SQL - 
    select
        c1_0.id,
        c1_0.currency_code,
        c1_0.currency_name 
    from
        currencies c1_0 
    where
        c1_0.id=?
2026-05-30 18:14:38.216 [http-nio-8080-exec-4] [2ff993bf-da27-44bc-bf8b-94e4289b0821] INFO  c.w.w.config.CorrelationIdFilter - Request completed: GET /api/accounts - Status: 200 - Duration: 13ms
2026-05-30 18:14:38.219 [http-nio-8080-exec-2] [ab86df70-d015-4201-ad5c-c17d042e88ba] INFO  c.w.w.config.CorrelationIdFilter - Request started: GET /api/users from 0:0:0:0:0:0:0:1
2026-05-30 18:14:38.225 [http-nio-8080-exec-2] [ab86df70-d015-4201-ad5c-c17d042e88ba] INFO  c.w.w.user.controller.UserController - REST API call: GET /api/users - Retrieving all users
2026-05-30 18:14:38.225 [http-nio-8080-exec-2] [ab86df70-d015-4201-ad5c-c17d042e88ba] INFO  c.w.w.u.service.impl.UserServiceImpl - SERVICE: Starting getAllUsers - Fetching all users from database
2026-05-30 18:14:38.227 [http-nio-8080-exec-2] [ab86df70-d015-4201-ad5c-c17d042e88ba] DEBUG org.hibernate.SQL - 
    select
        u1_0.id,
        u1_0.email,
        u1_0.group_id,
        u1_0.name,
        u1_0.password 
    from
        users u1_0
2026-05-30 18:14:38.229 [http-nio-8080-exec-2] [ab86df70-d015-4201-ad5c-c17d042e88ba] DEBUG org.hibernate.SQL - 
    select
        g1_0.id,
        g1_0.name 
    from
        groups g1_0 
    where
        g1_0.id=?
2026-05-30 18:14:38.230 [http-nio-8080-exec-2] [ab86df70-d015-4201-ad5c-c17d042e88ba] DEBUG org.hibernate.SQL - 
    select
        g1_0.id,
        g1_0.name 
    from
        groups g1_0 
    where
        g1_0.id=?
2026-05-30 18:14:38.231 [http-nio-8080-exec-2] [ab86df70-d015-4201-ad5c-c17d042e88ba] INFO  c.w.w.u.service.impl.UserServiceImpl - SERVICE: getAllUsers completed - Retrieved 2 users
2026-05-30 18:14:38.234 [http-nio-8080-exec-2] [ab86df70-d015-4201-ad5c-c17d042e88ba] INFO  c.w.w.config.CorrelationIdFilter - Request completed: GET /api/users - Status: 200 - Duration: 15ms
2026-05-30 18:14:38.234 [http-nio-8080-exec-2] [b6d0bbf9-cbc6-4698-9448-a62b7cba07c8] INFO  c.w.w.config.CorrelationIdFilter - Request started: GET /api/currencies from 0:0:0:0:0:0:0:1
2026-05-30 18:14:38.238 [http-nio-8080-exec-2] [b6d0bbf9-cbc6-4698-9448-a62b7cba07c8] DEBUG org.hibernate.SQL - 
    select
        c1_0.id,
        c1_0.currency_code,
        c1_0.currency_name 
    from
        currencies c1_0
2026-05-30 18:14:38.244 [http-nio-8080-exec-2] [b6d0bbf9-cbc6-4698-9448-a62b7cba07c8] INFO  c.w.w.config.CorrelationIdFilter - Request completed: GET /api/currencies - Status: 200 - Duration: 9ms
2026-05-30 18:14:38.249 [http-nio-8080-exec-5] [339a820d-efe8-4b84-aa98-169a30b2bdfb] INFO  c.w.w.config.CorrelationIdFilter - Request started: GET /api/account-types from 0:0:0:0:0:0:0:1
2026-05-30 18:14:38.249 [http-nio-8080-exec-1] [8b0de40b-5f35-43c1-93c9-b2929b36fc72] INFO  c.w.w.config.CorrelationIdFilter - Request started: GET /api/accounts from 0:0:0:0:0:0:0:1
2026-05-30 18:14:38.253 [http-nio-8080-exec-5] [339a820d-efe8-4b84-aa98-169a30b2bdfb] DEBUG org.hibernate.SQL - 
    select
        at1_0.id,
        at1_0.type_name 
    from
        account_types at1_0
2026-05-30 18:14:38.257 [http-nio-8080-exec-5] [339a820d-efe8-4b84-aa98-169a30b2bdfb] INFO  c.w.w.config.CorrelationIdFilter - Request completed: GET /api/account-types - Status: 200 - Duration: 8ms
2026-05-30 18:14:38.257 [http-nio-8080-exec-1] [8b0de40b-5f35-43c1-93c9-b2929b36fc72] DEBUG org.hibernate.SQL - 
    select
        a1_0.id,
        a1_0.account_type_id,
        a1_0.balance,
        a1_0.currency_id,
        a1_0.user_id 
    from
        accounts a1_0
2026-05-30 18:14:38.262 [http-nio-8080-exec-1] [8b0de40b-5f35-43c1-93c9-b2929b36fc72] DEBUG org.hibernate.SQL - 
    select
        at1_0.id,
        at1_0.type_name 
    from
        account_types at1_0 
    where
        at1_0.id=?
2026-05-30 18:14:38.263 [http-nio-8080-exec-1] [8b0de40b-5f35-43c1-93c9-b2929b36fc72] DEBUG org.hibernate.SQL - 
    select
        c1_0.id,
        c1_0.currency_code,
        c1_0.currency_name 
    from
        currencies c1_0 
    where
        c1_0.id=?
2026-05-30 18:14:38.266 [http-nio-8080-exec-1] [8b0de40b-5f35-43c1-93c9-b2929b36fc72] INFO  c.w.w.config.CorrelationIdFilter - Request completed: GET /api/accounts - Status: 200 - Duration: 17ms
2026-05-30 18:14:38.301 [http-nio-8080-exec-10] [28c04c43-58e0-4949-8749-5e8b1150697b] INFO  c.w.w.config.CorrelationIdFilter - Request started: GET /api/users from 0:0:0:0:0:0:0:1
2026-05-30 18:14:38.303 [http-nio-8080-exec-10] [28c04c43-58e0-4949-8749-5e8b1150697b] INFO  c.w.w.user.controller.UserController - REST API call: GET /api/users - Retrieving all users
2026-05-30 18:14:38.311 [http-nio-8080-exec-10] [28c04c43-58e0-4949-8749-5e8b1150697b] INFO  c.w.w.u.service.impl.UserServiceImpl - SERVICE: Starting getAllUsers - Fetching all users from database
2026-05-30 18:14:38.313 [http-nio-8080-exec-10] [28c04c43-58e0-4949-8749-5e8b1150697b] DEBUG org.hibernate.SQL - 
    select
        u1_0.id,
        u1_0.email,
        u1_0.group_id,
        u1_0.name,
        u1_0.password 
    from
        users u1_0
2026-05-30 18:14:38.315 [http-nio-8080-exec-10] [28c04c43-58e0-4949-8749-5e8b1150697b] DEBUG org.hibernate.SQL - 
    select
        g1_0.id,
        g1_0.name 
    from
        groups g1_0 
    where
        g1_0.id=?
2026-05-30 18:14:38.316 [http-nio-8080-exec-10] [28c04c43-58e0-4949-8749-5e8b1150697b] DEBUG org.hibernate.SQL - 
    select
        g1_0.id,
        g1_0.name 
    from
        groups g1_0 
    where
        g1_0.id=?
2026-05-30 18:14:38.316 [http-nio-8080-exec-10] [28c04c43-58e0-4949-8749-5e8b1150697b] INFO  c.w.w.u.service.impl.UserServiceImpl - SERVICE: getAllUsers completed - Retrieved 2 users
2026-05-30 18:14:38.319 [http-nio-8080-exec-10] [28c04c43-58e0-4949-8749-5e8b1150697b] INFO  c.w.w.config.CorrelationIdFilter - Request completed: GET /api/users - Status: 200 - Duration: 18ms
2026-05-30 18:14:38.326 [http-nio-8080-exec-8] [b077ed4d-f0d0-4811-ab82-df0d1175910e] INFO  c.w.w.config.CorrelationIdFilter - Request started: GET /api/currencies from 0:0:0:0:0:0:0:1
2026-05-30 18:14:38.331 [http-nio-8080-exec-6] [2da0a4e6-0374-4de9-b990-252210ec98bb] INFO  c.w.w.config.CorrelationIdFilter - Request started: GET /api/account-types from 0:0:0:0:0:0:0:1
2026-05-30 18:14:38.332 [http-nio-8080-exec-8] [b077ed4d-f0d0-4811-ab82-df0d1175910e] DEBUG org.hibernate.SQL - 
    select
        c1_0.id,
        c1_0.currency_code,
        c1_0.currency_name 
    from
        currencies c1_0
2026-05-30 18:14:38.333 [http-nio-8080-exec-9] [e0deec6e-30ff-41be-80c6-16938a831945] INFO  c.w.w.config.CorrelationIdFilter - Request started: GET /api/accounts from 0:0:0:0:0:0:0:1
2026-05-30 18:14:38.334 [http-nio-8080-exec-8] [b077ed4d-f0d0-4811-ab82-df0d1175910e] INFO  c.w.w.config.CorrelationIdFilter - Request completed: GET /api/currencies - Status: 200 - Duration: 8ms
2026-05-30 18:14:38.335 [http-nio-8080-exec-6] [2da0a4e6-0374-4de9-b990-252210ec98bb] DEBUG org.hibernate.SQL - 
    select
        at1_0.id,
        at1_0.type_name 
    from
        account_types at1_0
2026-05-30 18:14:38.339 [http-nio-8080-exec-6] [2da0a4e6-0374-4de9-b990-252210ec98bb] INFO  c.w.w.config.CorrelationIdFilter - Request completed: GET /api/account-types - Status: 200 - Duration: 8ms
2026-05-30 18:14:38.340 [http-nio-8080-exec-3] [f0d1b451-6be6-45e3-b610-971a8302d845] INFO  c.w.w.config.CorrelationIdFilter - Request started: GET /api/users from 0:0:0:0:0:0:0:1
2026-05-30 18:14:38.341 [http-nio-8080-exec-9] [e0deec6e-30ff-41be-80c6-16938a831945] DEBUG org.hibernate.SQL - 
    select
        a1_0.id,
        a1_0.account_type_id,
        a1_0.balance,
        a1_0.currency_id,
        a1_0.user_id 
    from
        accounts a1_0
2026-05-30 18:14:38.342 [http-nio-8080-exec-4] [c24057b1-ad19-4e5e-b9ed-fdd55fa3fc1c] INFO  c.w.w.config.CorrelationIdFilter - Request started: GET /api/currencies from 0:0:0:0:0:0:0:1
2026-05-30 18:14:38.342 [http-nio-8080-exec-9] [e0deec6e-30ff-41be-80c6-16938a831945] DEBUG org.hibernate.SQL - 
    select
        at1_0.id,
        at1_0.type_name 
    from
        account_types at1_0 
    where
        at1_0.id=?
2026-05-30 18:14:38.343 [http-nio-8080-exec-3] [f0d1b451-6be6-45e3-b610-971a8302d845] INFO  c.w.w.user.controller.UserController - REST API call: GET /api/users - Retrieving all users
2026-05-30 18:14:38.343 [http-nio-8080-exec-9] [e0deec6e-30ff-41be-80c6-16938a831945] DEBUG org.hibernate.SQL - 
    select
        c1_0.id,
        c1_0.currency_code,
        c1_0.currency_name 
    from
        currencies c1_0 
    where
        c1_0.id=?
2026-05-30 18:14:38.343 [http-nio-8080-exec-3] [f0d1b451-6be6-45e3-b610-971a8302d845] INFO  c.w.w.u.service.impl.UserServiceImpl - SERVICE: Starting getAllUsers - Fetching all users from database
2026-05-30 18:14:38.344 [http-nio-8080-exec-3] [f0d1b451-6be6-45e3-b610-971a8302d845] DEBUG org.hibernate.SQL - 
    select
        u1_0.id,
        u1_0.email,
        u1_0.group_id,
        u1_0.name,
        u1_0.password 
    from
        users u1_0
2026-05-30 18:14:38.345 [http-nio-8080-exec-9] [e0deec6e-30ff-41be-80c6-16938a831945] INFO  c.w.w.config.CorrelationIdFilter - Request completed: GET /api/accounts - Status: 200 - Duration: 12ms
2026-05-30 18:14:38.346 [http-nio-8080-exec-3] [f0d1b451-6be6-45e3-b610-971a8302d845] DEBUG org.hibernate.SQL - 
    select
        g1_0.id,
        g1_0.name 
    from
        groups g1_0 
    where
        g1_0.id=?
2026-05-30 18:14:38.346 [http-nio-8080-exec-3] [f0d1b451-6be6-45e3-b610-971a8302d845] DEBUG org.hibernate.SQL - 
    select
        g1_0.id,
        g1_0.name 
    from
        groups g1_0 
    where
        g1_0.id=?
2026-05-30 18:14:38.348 [http-nio-8080-exec-3] [f0d1b451-6be6-45e3-b610-971a8302d845] INFO  c.w.w.u.service.impl.UserServiceImpl - SERVICE: getAllUsers completed - Retrieved 2 users
2026-05-30 18:14:38.348 [http-nio-8080-exec-4] [c24057b1-ad19-4e5e-b9ed-fdd55fa3fc1c] DEBUG org.hibernate.SQL - 
    select
        c1_0.id,
        c1_0.currency_code,
        c1_0.currency_name 
    from
        currencies c1_0
2026-05-30 18:14:38.350 [http-nio-8080-exec-3] [f0d1b451-6be6-45e3-b610-971a8302d845] INFO  c.w.w.config.CorrelationIdFilter - Request completed: GET /api/users - Status: 200 - Duration: 10ms
2026-05-30 18:14:38.350 [http-nio-8080-exec-4] [c24057b1-ad19-4e5e-b9ed-fdd55fa3fc1c] INFO  c.w.w.config.CorrelationIdFilter - Request completed: GET /api/currencies - Status: 200 - Duration: 8ms
2026-05-30 18:14:39.964 [http-nio-8080-exec-7] [ab8c6250-41b3-495a-9f4e-42dbb840da3c] INFO  c.w.w.config.CorrelationIdFilter - Request started: OPTIONS /api/permissions from 0:0:0:0:0:0:0:1
2026-05-30 18:14:39.965 [http-nio-8080-exec-2] [bc62efd5-b5bd-4105-9a5e-eec2eb4b3057] INFO  c.w.w.config.CorrelationIdFilter - Request started: OPTIONS /api/permissions from 0:0:0:0:0:0:0:1
2026-05-30 18:14:39.966 [http-nio-8080-exec-7] [ab8c6250-41b3-495a-9f4e-42dbb840da3c] INFO  c.w.w.config.CorrelationIdFilter - Request completed: OPTIONS /api/permissions - Status: 200 - Duration: 1ms
2026-05-30 18:14:39.967 [http-nio-8080-exec-7] [45e0e635-9a39-4417-9f48-ef9b90292b23] INFO  c.w.w.config.CorrelationIdFilter - Request started: OPTIONS /api/permissions from 0:0:0:0:0:0:0:1
2026-05-30 18:14:39.967 [http-nio-8080-exec-2] [bc62efd5-b5bd-4105-9a5e-eec2eb4b3057] INFO  c.w.w.config.CorrelationIdFilter - Request completed: OPTIONS /api/permissions - Status: 200 - Duration: 2ms
2026-05-30 18:14:39.968 [http-nio-8080-exec-7] [45e0e635-9a39-4417-9f48-ef9b90292b23] INFO  c.w.w.config.CorrelationIdFilter - Request completed: OPTIONS /api/permissions - Status: 200 - Duration: 1ms
2026-05-30 18:14:39.970 [http-nio-8080-exec-1] [40efa75a-0d7e-4ac0-ac0c-e8e29ffb087d] INFO  c.w.w.config.CorrelationIdFilter - Request started: GET /api/permissions from 0:0:0:0:0:0:0:1
2026-05-30 18:14:39.973 [http-nio-8080-exec-1] [40efa75a-0d7e-4ac0-ac0c-e8e29ffb087d] INFO  c.w.w.p.c.PermissionController - REST API call: GET /api/permissions - Retrieving all permissions
2026-05-30 18:14:39.974 [http-nio-8080-exec-1] [40efa75a-0d7e-4ac0-ac0c-e8e29ffb087d] INFO  c.w.w.p.s.impl.PermissionServiceImpl - SERVICE: Starting getAllPermissions - Fetching all permissions from database
2026-05-30 18:14:39.975 [http-nio-8080-exec-1] [40efa75a-0d7e-4ac0-ac0c-e8e29ffb087d] DEBUG org.hibernate.SQL - 
    select
        p1_0.id,
        p1_0.name 
    from
        permissions p1_0
2026-05-30 18:14:39.976 [http-nio-8080-exec-1] [40efa75a-0d7e-4ac0-ac0c-e8e29ffb087d] INFO  c.w.w.p.s.impl.PermissionServiceImpl - SERVICE: getAllPermissions completed - Retrieved 5 permissions
2026-05-30 18:14:39.979 [http-nio-8080-exec-1] [40efa75a-0d7e-4ac0-ac0c-e8e29ffb087d] INFO  c.w.w.config.CorrelationIdFilter - Request completed: GET /api/permissions - Status: 200 - Duration: 8ms
2026-05-30 18:14:39.983 [http-nio-8080-exec-10] [5a9a3a2f-5110-44e9-ab87-355abadc82a6] INFO  c.w.w.config.CorrelationIdFilter - Request started: GET /api/permissions from 0:0:0:0:0:0:0:1
2026-05-30 18:14:39.993 [http-nio-8080-exec-10] [5a9a3a2f-5110-44e9-ab87-355abadc82a6] INFO  c.w.w.p.c.PermissionController - REST API call: GET /api/permissions - Retrieving all permissions
2026-05-30 18:14:39.994 [http-nio-8080-exec-10] [5a9a3a2f-5110-44e9-ab87-355abadc82a6] INFO  c.w.w.p.s.impl.PermissionServiceImpl - SERVICE: Starting getAllPermissions - Fetching all permissions from database
2026-05-30 18:14:39.996 [http-nio-8080-exec-10] [5a9a3a2f-5110-44e9-ab87-355abadc82a6] DEBUG org.hibernate.SQL - 
    select
        p1_0.id,
        p1_0.name 
    from
        permissions p1_0
2026-05-30 18:14:39.997 [http-nio-8080-exec-10] [5a9a3a2f-5110-44e9-ab87-355abadc82a6] INFO  c.w.w.p.s.impl.PermissionServiceImpl - SERVICE: getAllPermissions completed - Retrieved 5 permissions
2026-05-30 18:14:40.000 [http-nio-8080-exec-10] [5a9a3a2f-5110-44e9-ab87-355abadc82a6] INFO  c.w.w.config.CorrelationIdFilter - Request completed: GET /api/permissions - Status: 200 - Duration: 16ms
2026-05-30 18:14:40.002 [http-nio-8080-exec-8] [f101db46-bb65-4d2a-bdd9-f166f29e66eb] INFO  c.w.w.config.CorrelationIdFilter - Request started: GET /api/permissions from 0:0:0:0:0:0:0:1
2026-05-30 18:14:40.007 [http-nio-8080-exec-8] [f101db46-bb65-4d2a-bdd9-f166f29e66eb] INFO  c.w.w.p.c.PermissionController - REST API call: GET /api/permissions - Retrieving all permissions
2026-05-30 18:14:40.008 [http-nio-8080-exec-8] [f101db46-bb65-4d2a-bdd9-f166f29e66eb] INFO  c.w.w.p.s.impl.PermissionServiceImpl - SERVICE: Starting getAllPermissions - Fetching all permissions from database
2026-05-30 18:14:40.009 [http-nio-8080-exec-8] [f101db46-bb65-4d2a-bdd9-f166f29e66eb] DEBUG org.hibernate.SQL - 
    select
        p1_0.id,
        p1_0.name 
    from
        permissions p1_0
2026-05-30 18:14:40.010 [http-nio-8080-exec-8] [f101db46-bb65-4d2a-bdd9-f166f29e66eb] INFO  c.w.w.p.s.impl.PermissionServiceImpl - SERVICE: getAllPermissions completed - Retrieved 5 permissions
2026-05-30 18:14:40.012 [http-nio-8080-exec-8] [f101db46-bb65-4d2a-bdd9-f166f29e66eb] INFO  c.w.w.config.CorrelationIdFilter - Request completed: GET /api/permissions - Status: 200 - Duration: 10ms
2026-05-30 18:14:40.015 [http-nio-8080-exec-6] [81b7fc0a-c34f-41a6-a156-1c95548f99d9] INFO  c.w.w.config.CorrelationIdFilter - Request started: GET /api/permissions from 0:0:0:0:0:0:0:1
2026-05-30 18:14:40.017 [http-nio-8080-exec-6] [81b7fc0a-c34f-41a6-a156-1c95548f99d9] INFO  c.w.w.p.c.PermissionController - REST API call: GET /api/permissions - Retrieving all permissions
2026-05-30 18:14:40.018 [http-nio-8080-exec-6] [81b7fc0a-c34f-41a6-a156-1c95548f99d9] INFO  c.w.w.p.s.impl.PermissionServiceImpl - SERVICE: Starting getAllPermissions - Fetching all permissions from database
2026-05-30 18:14:40.022 [http-nio-8080-exec-6] [81b7fc0a-c34f-41a6-a156-1c95548f99d9] DEBUG org.hibernate.SQL - 
    select
        p1_0.id,
        p1_0.name 
    from
        permissions p1_0
2026-05-30 18:14:40.023 [http-nio-8080-exec-6] [81b7fc0a-c34f-41a6-a156-1c95548f99d9] INFO  c.w.w.p.s.impl.PermissionServiceImpl - SERVICE: getAllPermissions completed - Retrieved 5 permissions
2026-05-30 18:14:40.025 [http-nio-8080-exec-6] [81b7fc0a-c34f-41a6-a156-1c95548f99d9] INFO  c.w.w.config.CorrelationIdFilter - Request completed: GET /api/permissions - Status: 200 - Duration: 10ms
2026-05-30 18:14:43.088 [http-nio-8080-exec-9] [59bd5299-c310-403a-924f-fd6ca9874f14] INFO  c.w.w.config.CorrelationIdFilter - Request started: OPTIONS /api/groups from 0:0:0:0:0:0:0:1
2026-05-30 18:14:43.090 [http-nio-8080-exec-9] [59bd5299-c310-403a-924f-fd6ca9874f14] INFO  c.w.w.config.CorrelationIdFilter - Request completed: OPTIONS /api/groups - Status: 200 - Duration: 2ms
2026-05-30 18:14:43.092 [http-nio-8080-exec-9] [8a9778d6-6c9b-4e38-af99-1e3542d342f0] INFO  c.w.w.config.CorrelationIdFilter - Request started: OPTIONS /api/groups from 0:0:0:0:0:0:0:1
2026-05-30 18:14:43.096 [http-nio-8080-exec-3] [83db502e-7fcd-4f92-b8ae-3efb258ab1ee] INFO  c.w.w.config.CorrelationIdFilter - Request started: OPTIONS /api/groups from 0:0:0:0:0:0:0:1
2026-05-30 18:14:43.096 [http-nio-8080-exec-4] [4a75552f-8ad5-4cd8-8f53-ffa73a98168e] INFO  c.w.w.config.CorrelationIdFilter - Request started: OPTIONS /api/groups from 0:0:0:0:0:0:0:1
2026-05-30 18:14:43.096 [http-nio-8080-exec-9] [8a9778d6-6c9b-4e38-af99-1e3542d342f0] INFO  c.w.w.config.CorrelationIdFilter - Request completed: OPTIONS /api/groups - Status: 200 - Duration: 4ms
2026-05-30 18:14:43.097 [http-nio-8080-exec-4] [4a75552f-8ad5-4cd8-8f53-ffa73a98168e] INFO  c.w.w.config.CorrelationIdFilter - Request completed: OPTIONS /api/groups - Status: 200 - Duration: 1ms
2026-05-30 18:14:43.097 [http-nio-8080-exec-3] [83db502e-7fcd-4f92-b8ae-3efb258ab1ee] INFO  c.w.w.config.CorrelationIdFilter - Request completed: OPTIONS /api/groups - Status: 200 - Duration: 1ms
2026-05-30 18:14:43.103 [http-nio-8080-exec-2] [dc207850-f513-4efc-87bd-d3f3e3d31102] INFO  c.w.w.config.CorrelationIdFilter - Request started: GET /api/permissions from 0:0:0:0:0:0:0:1
2026-05-30 18:14:43.106 [http-nio-8080-exec-7] [ac83387b-e1ed-4c44-a3e6-e09e4f371130] INFO  c.w.w.config.CorrelationIdFilter - Request started: GET /api/groups from 0:0:0:0:0:0:0:1
2026-05-30 18:14:43.108 [http-nio-8080-exec-2] [dc207850-f513-4efc-87bd-d3f3e3d31102] INFO  c.w.w.p.c.PermissionController - REST API call: GET /api/permissions - Retrieving all permissions
2026-05-30 18:14:43.108 [http-nio-8080-exec-2] [dc207850-f513-4efc-87bd-d3f3e3d31102] INFO  c.w.w.p.s.impl.PermissionServiceImpl - SERVICE: Starting getAllPermissions - Fetching all permissions from database
2026-05-30 18:14:43.109 [http-nio-8080-exec-7] [ac83387b-e1ed-4c44-a3e6-e09e4f371130] INFO  c.w.w.g.controller.GroupController - REST API call: GET /api/groups - Retrieving all groups
2026-05-30 18:14:43.110 [http-nio-8080-exec-2] [dc207850-f513-4efc-87bd-d3f3e3d31102] DEBUG org.hibernate.SQL - 
    select
        p1_0.id,
        p1_0.name 
    from
        permissions p1_0
2026-05-30 18:14:43.111 [http-nio-8080-exec-2] [dc207850-f513-4efc-87bd-d3f3e3d31102] INFO  c.w.w.p.s.impl.PermissionServiceImpl - SERVICE: getAllPermissions completed - Retrieved 5 permissions
2026-05-30 18:14:43.113 [http-nio-8080-exec-2] [dc207850-f513-4efc-87bd-d3f3e3d31102] INFO  c.w.w.config.CorrelationIdFilter - Request completed: GET /api/permissions - Status: 200 - Duration: 9ms
2026-05-30 18:14:43.112 [http-nio-8080-exec-7] [ac83387b-e1ed-4c44-a3e6-e09e4f371130] INFO  c.w.w.g.s.impl.GroupServiceImpl - Fetching all groups
2026-05-30 18:14:43.118 [http-nio-8080-exec-7] [ac83387b-e1ed-4c44-a3e6-e09e4f371130] DEBUG org.hibernate.SQL - 
    select
        g1_0.id,
        g1_0.name 
    from
        groups g1_0
2026-05-30 18:14:43.120 [http-nio-8080-exec-7] [ac83387b-e1ed-4c44-a3e6-e09e4f371130] DEBUG org.hibernate.SQL - 
    select
        p1_0.group_id,
        p1_1.id,
        p1_1.name 
    from
        group_permissions p1_0 
    join
        permissions p1_1 
            on p1_1.id=p1_0.permission_id 
    where
        p1_0.group_id=?
2026-05-30 18:14:43.122 [http-nio-8080-exec-7] [ac83387b-e1ed-4c44-a3e6-e09e4f371130] DEBUG org.hibernate.SQL - 
    select
        p1_0.group_id,
        p1_1.id,
        p1_1.name 
    from
        group_permissions p1_0 
    join
        permissions p1_1 
            on p1_1.id=p1_0.permission_id 
    where
        p1_0.group_id=?
2026-05-30 18:14:43.123 [http-nio-8080-exec-7] [ac83387b-e1ed-4c44-a3e6-e09e4f371130] DEBUG org.hibernate.SQL - 
    select
        p1_0.group_id,
        p1_1.id,
        p1_1.name 
    from
        group_permissions p1_0 
    join
        permissions p1_1 
            on p1_1.id=p1_0.permission_id 
    where
        p1_0.group_id=?
2026-05-30 18:14:43.124 [http-nio-8080-exec-1] [3d04d543-18dc-4453-86b9-9ae61d8b7c97] INFO  c.w.w.config.CorrelationIdFilter - Request started: GET /api/permissions from 0:0:0:0:0:0:0:1
2026-05-30 18:14:43.126 [http-nio-8080-exec-7] [ac83387b-e1ed-4c44-a3e6-e09e4f371130] INFO  c.w.w.config.CorrelationIdFilter - Request completed: GET /api/groups - Status: 200 - Duration: 20ms
2026-05-30 18:14:43.135 [http-nio-8080-exec-1] [3d04d543-18dc-4453-86b9-9ae61d8b7c97] INFO  c.w.w.p.c.PermissionController - REST API call: GET /api/permissions - Retrieving all permissions
2026-05-30 18:14:43.136 [http-nio-8080-exec-1] [3d04d543-18dc-4453-86b9-9ae61d8b7c97] INFO  c.w.w.p.s.impl.PermissionServiceImpl - SERVICE: Starting getAllPermissions - Fetching all permissions from database
2026-05-30 18:14:43.140 [http-nio-8080-exec-1] [3d04d543-18dc-4453-86b9-9ae61d8b7c97] DEBUG org.hibernate.SQL - 
    select
        p1_0.id,
        p1_0.name 
    from
        permissions p1_0
2026-05-30 18:14:43.143 [http-nio-8080-exec-1] [3d04d543-18dc-4453-86b9-9ae61d8b7c97] INFO  c.w.w.p.s.impl.PermissionServiceImpl - SERVICE: getAllPermissions completed - Retrieved 5 permissions
2026-05-30 18:14:43.144 [http-nio-8080-exec-10] [26d3db25-1720-4624-bff5-9ef4e5da966e] INFO  c.w.w.config.CorrelationIdFilter - Request started: GET /api/groups from 0:0:0:0:0:0:0:1
2026-05-30 18:14:43.144 [http-nio-8080-exec-1] [3d04d543-18dc-4453-86b9-9ae61d8b7c97] INFO  c.w.w.config.CorrelationIdFilter - Request completed: GET /api/permissions - Status: 200 - Duration: 20ms
2026-05-30 18:14:43.147 [http-nio-8080-exec-10] [26d3db25-1720-4624-bff5-9ef4e5da966e] INFO  c.w.w.g.controller.GroupController - REST API call: GET /api/groups - Retrieving all groups
2026-05-30 18:14:43.148 [http-nio-8080-exec-10] [26d3db25-1720-4624-bff5-9ef4e5da966e] INFO  c.w.w.g.s.impl.GroupServiceImpl - Fetching all groups
2026-05-30 18:14:43.151 [http-nio-8080-exec-10] [26d3db25-1720-4624-bff5-9ef4e5da966e] DEBUG org.hibernate.SQL - 
    select
        g1_0.id,
        g1_0.name 
    from
        groups g1_0
2026-05-30 18:14:43.152 [http-nio-8080-exec-8] [258a65c2-efab-43a5-b36b-9dd2830437cd] INFO  c.w.w.config.CorrelationIdFilter - Request started: GET /api/permissions from 0:0:0:0:0:0:0:1
2026-05-30 18:14:43.152 [http-nio-8080-exec-10] [26d3db25-1720-4624-bff5-9ef4e5da966e] DEBUG org.hibernate.SQL - 
    select
        p1_0.group_id,
        p1_1.id,
        p1_1.name 
    from
        group_permissions p1_0 
    join
        permissions p1_1 
            on p1_1.id=p1_0.permission_id 
    where
        p1_0.group_id=?
2026-05-30 18:14:43.154 [http-nio-8080-exec-10] [26d3db25-1720-4624-bff5-9ef4e5da966e] DEBUG org.hibernate.SQL - 
    select
        p1_0.group_id,
        p1_1.id,
        p1_1.name 
    from
        group_permissions p1_0 
    join
        permissions p1_1 
            on p1_1.id=p1_0.permission_id 
    where
        p1_0.group_id=?
2026-05-30 18:14:43.155 [http-nio-8080-exec-10] [26d3db25-1720-4624-bff5-9ef4e5da966e] DEBUG org.hibernate.SQL - 
    select
        p1_0.group_id,
        p1_1.id,
        p1_1.name 
    from
        group_permissions p1_0 
    join
        permissions p1_1 
            on p1_1.id=p1_0.permission_id 
    where
        p1_0.group_id=?
2026-05-30 18:14:43.155 [http-nio-8080-exec-8] [258a65c2-efab-43a5-b36b-9dd2830437cd] INFO  c.w.w.p.c.PermissionController - REST API call: GET /api/permissions - Retrieving all permissions
2026-05-30 18:14:43.156 [http-nio-8080-exec-8] [258a65c2-efab-43a5-b36b-9dd2830437cd] INFO  c.w.w.p.s.impl.PermissionServiceImpl - SERVICE: Starting getAllPermissions - Fetching all permissions from database
2026-05-30 18:14:43.157 [http-nio-8080-exec-10] [26d3db25-1720-4624-bff5-9ef4e5da966e] INFO  c.w.w.config.CorrelationIdFilter - Request completed: GET /api/groups - Status: 200 - Duration: 13ms
2026-05-30 18:14:43.158 [http-nio-8080-exec-8] [258a65c2-efab-43a5-b36b-9dd2830437cd] DEBUG org.hibernate.SQL - 
    select
        p1_0.id,
        p1_0.name 
    from
        permissions p1_0
2026-05-30 18:14:43.159 [http-nio-8080-exec-8] [258a65c2-efab-43a5-b36b-9dd2830437cd] INFO  c.w.w.p.s.impl.PermissionServiceImpl - SERVICE: getAllPermissions completed - Retrieved 5 permissions
2026-05-30 18:14:43.161 [http-nio-8080-exec-8] [258a65c2-efab-43a5-b36b-9dd2830437cd] INFO  c.w.w.config.CorrelationIdFilter - Request completed: GET /api/permissions - Status: 200 - Duration: 9ms
2026-05-30 18:14:43.213 [http-nio-8080-exec-6] [221f7920-b9e0-4c2c-923f-7422195e1b6a] INFO  c.w.w.config.CorrelationIdFilter - Request started: GET /api/groups from 0:0:0:0:0:0:0:1
2026-05-30 18:14:43.215 [http-nio-8080-exec-9] [cb3f83b6-6c29-4f84-a1c4-6c2417282c1d] INFO  c.w.w.config.CorrelationIdFilter - Request started: GET /api/permissions from 0:0:0:0:0:0:0:1
2026-05-30 18:14:43.220 [http-nio-8080-exec-9] [cb3f83b6-6c29-4f84-a1c4-6c2417282c1d] INFO  c.w.w.p.c.PermissionController - REST API call: GET /api/permissions - Retrieving all permissions
2026-05-30 18:14:43.221 [http-nio-8080-exec-9] [cb3f83b6-6c29-4f84-a1c4-6c2417282c1d] INFO  c.w.w.p.s.impl.PermissionServiceImpl - SERVICE: Starting getAllPermissions - Fetching all permissions from database
2026-05-30 18:14:43.222 [http-nio-8080-exec-6] [221f7920-b9e0-4c2c-923f-7422195e1b6a] INFO  c.w.w.g.controller.GroupController - REST API call: GET /api/groups - Retrieving all groups
2026-05-30 18:14:43.223 [http-nio-8080-exec-6] [221f7920-b9e0-4c2c-923f-7422195e1b6a] INFO  c.w.w.g.s.impl.GroupServiceImpl - Fetching all groups
2026-05-30 18:14:43.226 [http-nio-8080-exec-6] [221f7920-b9e0-4c2c-923f-7422195e1b6a] DEBUG org.hibernate.SQL - 
    select
        g1_0.id,
        g1_0.name 
    from
        groups g1_0
2026-05-30 18:14:43.223 [http-nio-8080-exec-9] [cb3f83b6-6c29-4f84-a1c4-6c2417282c1d] DEBUG org.hibernate.SQL - 
    select
        p1_0.id,
        p1_0.name 
    from
        permissions p1_0
2026-05-30 18:14:43.227 [http-nio-8080-exec-9] [cb3f83b6-6c29-4f84-a1c4-6c2417282c1d] INFO  c.w.w.p.s.impl.PermissionServiceImpl - SERVICE: getAllPermissions completed - Retrieved 5 permissions
2026-05-30 18:14:43.227 [http-nio-8080-exec-6] [221f7920-b9e0-4c2c-923f-7422195e1b6a] DEBUG org.hibernate.SQL - 
    select
        p1_0.group_id,
        p1_1.id,
        p1_1.name 
    from
        group_permissions p1_0 
    join
        permissions p1_1 
            on p1_1.id=p1_0.permission_id 
    where
        p1_0.group_id=?
2026-05-30 18:14:43.229 [http-nio-8080-exec-6] [221f7920-b9e0-4c2c-923f-7422195e1b6a] DEBUG org.hibernate.SQL - 
    select
        p1_0.group_id,
        p1_1.id,
        p1_1.name 
    from
        group_permissions p1_0 
    join
        permissions p1_1 
            on p1_1.id=p1_0.permission_id 
    where
        p1_0.group_id=?
2026-05-30 18:14:43.229 [http-nio-8080-exec-9] [cb3f83b6-6c29-4f84-a1c4-6c2417282c1d] INFO  c.w.w.config.CorrelationIdFilter - Request completed: GET /api/permissions - Status: 200 - Duration: 14ms
2026-05-30 18:14:43.230 [http-nio-8080-exec-6] [221f7920-b9e0-4c2c-923f-7422195e1b6a] DEBUG org.hibernate.SQL - 
    select
        p1_0.group_id,
        p1_1.id,
        p1_1.name 
    from
        group_permissions p1_0 
    join
        permissions p1_1 
            on p1_1.id=p1_0.permission_id 
    where
        p1_0.group_id=?
2026-05-30 18:14:43.233 [http-nio-8080-exec-6] [221f7920-b9e0-4c2c-923f-7422195e1b6a] INFO  c.w.w.config.CorrelationIdFilter - Request completed: GET /api/groups - Status: 200 - Duration: 19ms
2026-05-30 18:14:43.243 [http-nio-8080-exec-4] [a612cd1a-2bbc-44cf-a405-baf0b053341a] INFO  c.w.w.config.CorrelationIdFilter - Request started: GET /api/groups from 0:0:0:0:0:0:0:1
2026-05-30 18:14:43.246 [http-nio-8080-exec-4] [a612cd1a-2bbc-44cf-a405-baf0b053341a] INFO  c.w.w.g.controller.GroupController - REST API call: GET /api/groups - Retrieving all groups
2026-05-30 18:14:43.246 [http-nio-8080-exec-4] [a612cd1a-2bbc-44cf-a405-baf0b053341a] INFO  c.w.w.g.s.impl.GroupServiceImpl - Fetching all groups
2026-05-30 18:14:43.247 [http-nio-8080-exec-4] [a612cd1a-2bbc-44cf-a405-baf0b053341a] DEBUG org.hibernate.SQL - 
    select
        g1_0.id,
        g1_0.name 
    from
        groups g1_0
2026-05-30 18:14:43.248 [http-nio-8080-exec-4] [a612cd1a-2bbc-44cf-a405-baf0b053341a] DEBUG org.hibernate.SQL - 
    select
        p1_0.group_id,
        p1_1.id,
        p1_1.name 
    from
        group_permissions p1_0 
    join
        permissions p1_1 
            on p1_1.id=p1_0.permission_id 
    where
        p1_0.group_id=?
2026-05-30 18:14:43.251 [http-nio-8080-exec-4] [a612cd1a-2bbc-44cf-a405-baf0b053341a] DEBUG org.hibernate.SQL - 
    select
        p1_0.group_id,
        p1_1.id,
        p1_1.name 
    from
        group_permissions p1_0 
    join
        permissions p1_1 
            on p1_1.id=p1_0.permission_id 
    where
        p1_0.group_id=?
2026-05-30 18:14:43.253 [http-nio-8080-exec-4] [a612cd1a-2bbc-44cf-a405-baf0b053341a] DEBUG org.hibernate.SQL - 
    select
        p1_0.group_id,
        p1_1.id,
        p1_1.name 
    from
        group_permissions p1_0 
    join
        permissions p1_1 
            on p1_1.id=p1_0.permission_id 
    where
        p1_0.group_id=?
2026-05-30 18:14:43.255 [http-nio-8080-exec-4] [a612cd1a-2bbc-44cf-a405-baf0b053341a] INFO  c.w.w.config.CorrelationIdFilter - Request completed: GET /api/groups - Status: 200 - Duration: 12ms
